2022-05-10 15:17:46,750 [Worker-5: Loading available Gradle versions] INFO  o.e.b.c.i.u.g.PublishedGradleVersions - Gradle version information cache is up-to-date. Trying to read.
2022-05-10 15:25:21,310 [Worker-28: Creating maven-archetype-quickstart] INFO  o.e.m.c.i.p.ProjectConfigurationManager - Collecting project info '/pom.xml' A:\Documents\Training\Spring\eclipse-workspace\projects\pom.xml
2022-05-10 15:25:23,412 [Worker-28: Creating maven-archetype-quickstart] INFO  o.e.m.c.i.e.AbstractTransferListenerAdapter - Downloading https://repo.maven.apache.org/maven2/org/apache/maven/plugins/maven-resources-plugin/3.0.2/maven-resources-plugin-3.0.2.jar
2022-05-10 15:25:23,860 [Worker-28: Creating maven-archetype-quickstart] INFO  o.e.m.c.i.e.AbstractTransferListenerAdapter - Downloaded https://repo.maven.apache.org/maven2/org/apache/maven/plugins/maven-resources-plugin/3.0.2/maven-resources-plugin-3.0.2.jar
2022-05-10 15:25:24,288 [Worker-28: Creating maven-archetype-quickstart] INFO  o.e.m.c.i.e.AbstractTransferListenerAdapter - Downloading https://repo.maven.apache.org/maven2/org/apache/maven/plugins/maven-compiler-plugin/3.8.0/maven-compiler-plugin-3.8.0.jar
2022-05-10 15:25:24,778 [Worker-28: Creating maven-archetype-quickstart] INFO  o.e.m.c.i.e.AbstractTransferListenerAdapter - Downloaded https://repo.maven.apache.org/maven2/org/apache/maven/plugins/maven-compiler-plugin/3.8.0/maven-compiler-plugin-3.8.0.jar
2022-05-10 15:25:25,059 [Worker-28: Creating maven-archetype-quickstart] INFO  o.e.m.c.i.e.AbstractTransferListenerAdapter - Downloading https://repo.maven.apache.org/maven2/org/apache/maven/plugins/maven-surefire-plugin/2.22.1/maven-surefire-plugin-2.22.1.jar
2022-05-10 15:25:25,507 [Worker-28: Creating maven-archetype-quickstart] INFO  o.e.m.c.i.e.AbstractTransferListenerAdapter - Downloaded https://repo.maven.apache.org/maven2/org/apache/maven/plugins/maven-surefire-plugin/2.22.1/maven-surefire-plugin-2.22.1.jar
2022-05-10 15:25:25,852 [Worker-28: Creating maven-archetype-quickstart] INFO  o.e.m.c.i.e.AbstractTransferListenerAdapter - Downloading https://repo.maven.apache.org/maven2/org/apache/maven/plugins/maven-jar-plugin/3.0.2/maven-jar-plugin-3.0.2.jar
2022-05-10 15:25:26,146 [Worker-28: Creating maven-archetype-quickstart] INFO  o.e.m.c.i.e.AbstractTransferListenerAdapter - Downloaded https://repo.maven.apache.org/maven2/org/apache/maven/plugins/maven-jar-plugin/3.0.2/maven-jar-plugin-3.0.2.jar
2022-05-10 15:25:26,597 [Worker-28: Creating maven-archetype-quickstart] INFO  o.e.m.c.i.e.AbstractTransferListenerAdapter - Downloading https://repo.maven.apache.org/maven2/org/apache/maven/plugins/maven-site-plugin/3.7.1/maven-site-plugin-3.7.1.jar
2022-05-10 15:25:27,220 [Worker-28: Creating maven-archetype-quickstart] INFO  o.e.m.c.i.e.AbstractTransferListenerAdapter - Downloaded https://repo.maven.apache.org/maven2/org/apache/maven/plugins/maven-site-plugin/3.7.1/maven-site-plugin-3.7.1.jar
2022-05-10 15:25:27,542 [Worker-28: Creating maven-archetype-quickstart] INFO  o.e.m.c.i.e.AbstractTransferListenerAdapter - Downloading https://repo.maven.apache.org/maven2/org/apache/maven/plugins/maven-compiler-plugin/3.8.0/maven-compiler-plugin-3.8.0.pom
2022-05-10 15:25:27,789 [Worker-28: Creating maven-archetype-quickstart] INFO  o.e.m.c.i.e.AbstractTransferListenerAdapter - Downloaded https://repo.maven.apache.org/maven2/org/apache/maven/plugins/maven-compiler-plugin/3.8.0/maven-compiler-plugin-3.8.0.pom
2022-05-10 15:25:28,080 [Worker-28: Creating maven-archetype-quickstart] INFO  o.e.m.c.i.e.AbstractTransferListenerAdapter - Downloading https://repo.maven.apache.org/maven2/org/apache/maven/plugins/maven-plugins/32/maven-plugins-32.pom
2022-05-10 15:25:28,299 [Worker-28: Creating maven-archetype-quickstart] INFO  o.e.m.c.i.e.AbstractTransferListenerAdapter - Downloaded https://repo.maven.apache.org/maven2/org/apache/maven/plugins/maven-plugins/32/maven-plugins-32.pom
2022-05-10 15:25:28,588 [Worker-28: Creating maven-archetype-quickstart] INFO  o.e.m.c.i.e.AbstractTransferListenerAdapter - Downloading https://repo.maven.apache.org/maven2/org/apache/maven/maven-parent/32/maven-parent-32.pom
2022-05-10 15:25:28,912 [Worker-28: Creating maven-archetype-quickstart] INFO  o.e.m.c.i.e.AbstractTransferListenerAdapter - Downloaded https://repo.maven.apache.org/maven2/org/apache/maven/maven-parent/32/maven-parent-32.pom
2022-05-10 15:25:29,196 [Worker-28: Creating maven-archetype-quickstart] INFO  o.e.m.c.i.e.AbstractTransferListenerAdapter - Downloading https://repo.maven.apache.org/maven2/org/apache/apache/20/apache-20.pom
2022-05-10 15:25:29,414 [Worker-28: Creating maven-archetype-quickstart] INFO  o.e.m.c.i.e.AbstractTransferListenerAdapter - Downloaded https://repo.maven.apache.org/maven2/org/apache/apache/20/apache-20.pom
2022-05-10 15:25:30,522 [Worker-28: Creating maven-archetype-quickstart] INFO  o.e.m.c.i.l.LifecycleMappingFactory - Using org.eclipse.m2e.jdt.JarLifecycleMapping lifecycle mapping for MavenProject: com.comapany:projects:0.0.1-SNAPSHOT @ A:\Documents\Training\Spring\eclipse-workspace\projects\pom.xml.
2022-05-10 15:25:31,692 [Worker-28: Creating maven-archetype-quickstart] INFO  o.e.m.c.i.e.AbstractTransferListenerAdapter - Downloading https://repo.maven.apache.org/maven2/junit/junit/4.11/junit-4.11.pom
2022-05-10 15:25:32,174 [Worker-28: Creating maven-archetype-quickstart] INFO  o.e.m.c.i.e.AbstractTransferListenerAdapter - Downloaded https://repo.maven.apache.org/maven2/junit/junit/4.11/junit-4.11.pom
2022-05-10 15:25:32,415 [Worker-28: Creating maven-archetype-quickstart] INFO  o.e.m.c.i.e.AbstractTransferListenerAdapter - Downloading https://repo.maven.apache.org/maven2/org/hamcrest/hamcrest-core/1.3/hamcrest-core-1.3.pom
2022-05-10 15:25:32,659 [Worker-28: Creating maven-archetype-quickstart] INFO  o.e.m.c.i.e.AbstractTransferListenerAdapter - Downloaded https://repo.maven.apache.org/maven2/org/hamcrest/hamcrest-core/1.3/hamcrest-core-1.3.pom
2022-05-10 15:25:32,905 [Worker-28: Creating maven-archetype-quickstart] INFO  o.e.m.c.i.e.AbstractTransferListenerAdapter - Downloading https://repo.maven.apache.org/maven2/org/hamcrest/hamcrest-parent/1.3/hamcrest-parent-1.3.pom
2022-05-10 15:25:33,385 [Worker-28: Creating maven-archetype-quickstart] INFO  o.e.m.c.i.e.AbstractTransferListenerAdapter - Downloaded https://repo.maven.apache.org/maven2/org/hamcrest/hamcrest-parent/1.3/hamcrest-parent-1.3.pom
2022-05-10 15:25:33,618 [AetherRepositoryConnector-repo.maven.apache.org-0-1] INFO  o.e.m.c.i.e.AbstractTransferListenerAdapter - Downloading https://repo.maven.apache.org/maven2/org/hamcrest/hamcrest-core/1.3/hamcrest-core-1.3.jar
2022-05-10 15:25:33,874 [AetherRepositoryConnector-repo.maven.apache.org-0-0] INFO  o.e.m.c.i.e.AbstractTransferListenerAdapter - Downloading https://repo.maven.apache.org/maven2/junit/junit/4.11/junit-4.11.jar
2022-05-10 15:25:34,862 [AetherRepositoryConnector-repo.maven.apache.org-0-1] INFO  o.e.m.c.i.e.AbstractTransferListenerAdapter - Downloaded https://repo.maven.apache.org/maven2/org/hamcrest/hamcrest-core/1.3/hamcrest-core-1.3.jar
2022-05-10 15:25:35,111 [AetherRepositoryConnector-repo.maven.apache.org-0-0] INFO  o.e.m.c.i.e.AbstractTransferListenerAdapter - Downloaded https://repo.maven.apache.org/maven2/junit/junit/4.11/junit-4.11.jar
2022-05-10 15:25:36,427 [Worker-28: Creating maven-archetype-quickstart] INFO  o.e.m.c.i.e.AbstractTransferListenerAdapter - Downloading https://repo.maven.apache.org/maven2/org/apache/maven/plugins/maven-resources-plugin/3.0.2/maven-resources-plugin-3.0.2.pom
2022-05-10 15:25:36,864 [Worker-28: Creating maven-archetype-quickstart] INFO  o.e.m.c.i.e.AbstractTransferListenerAdapter - Downloaded https://repo.maven.apache.org/maven2/org/apache/maven/plugins/maven-resources-plugin/3.0.2/maven-resources-plugin-3.0.2.pom
2022-05-10 15:25:37,093 [Worker-28: Creating maven-archetype-quickstart] INFO  o.e.m.c.i.e.AbstractTransferListenerAdapter - Downloading https://repo.maven.apache.org/maven2/org/apache/maven/plugins/maven-plugins/30/maven-plugins-30.pom
2022-05-10 15:25:37,337 [Worker-28: Creating maven-archetype-quickstart] INFO  o.e.m.c.i.e.AbstractTransferListenerAdapter - Downloaded https://repo.maven.apache.org/maven2/org/apache/maven/plugins/maven-plugins/30/maven-plugins-30.pom
2022-05-10 15:25:37,573 [Worker-28: Creating maven-archetype-quickstart] INFO  o.e.m.c.i.e.AbstractTransferListenerAdapter - Downloading https://repo.maven.apache.org/maven2/org/apache/maven/plugins/maven-surefire-plugin/2.22.1/maven-surefire-plugin-2.22.1.pom
2022-05-10 15:25:37,821 [Worker-28: Creating maven-archetype-quickstart] INFO  o.e.m.c.i.e.AbstractTransferListenerAdapter - Downloaded https://repo.maven.apache.org/maven2/org/apache/maven/plugins/maven-surefire-plugin/2.22.1/maven-surefire-plugin-2.22.1.pom
2022-05-10 15:25:38,062 [Worker-28: Creating maven-archetype-quickstart] INFO  o.e.m.c.i.e.AbstractTransferListenerAdapter - Downloading https://repo.maven.apache.org/maven2/org/apache/maven/surefire/surefire/2.22.1/surefire-2.22.1.pom
2022-05-10 15:25:38,353 [Worker-28: Creating maven-archetype-quickstart] INFO  o.e.m.c.i.e.AbstractTransferListenerAdapter - Downloaded https://repo.maven.apache.org/maven2/org/apache/maven/surefire/surefire/2.22.1/surefire-2.22.1.pom
2022-05-10 15:25:38,592 [Worker-28: Creating maven-archetype-quickstart] INFO  o.e.m.c.i.e.AbstractTransferListenerAdapter - Downloading https://repo.maven.apache.org/maven2/org/apache/maven/plugins/maven-jar-plugin/3.0.2/maven-jar-plugin-3.0.2.pom
2022-05-10 15:25:38,852 [Worker-28: Creating maven-archetype-quickstart] INFO  o.e.m.c.i.e.AbstractTransferListenerAdapter - Downloaded https://repo.maven.apache.org/maven2/org/apache/maven/plugins/maven-jar-plugin/3.0.2/maven-jar-plugin-3.0.2.pom
2022-05-10 15:25:39,092 [Worker-28: Creating maven-archetype-quickstart] INFO  o.e.m.c.i.e.AbstractTransferListenerAdapter - Downloading https://repo.maven.apache.org/maven2/org/codehaus/plexus/plexus-component-annotations/1.6/plexus-component-annotations-1.6.pom
2022-05-10 15:25:39,339 [Worker-28: Creating maven-archetype-quickstart] INFO  o.e.m.c.i.e.AbstractTransferListenerAdapter - Downloaded https://repo.maven.apache.org/maven2/org/codehaus/plexus/plexus-component-annotations/1.6/plexus-component-annotations-1.6.pom
2022-05-10 15:25:39,574 [Worker-28: Creating maven-archetype-quickstart] INFO  o.e.m.c.i.e.AbstractTransferListenerAdapter - Downloading https://repo.maven.apache.org/maven2/org/codehaus/plexus/plexus-containers/1.6/plexus-containers-1.6.pom
2022-05-10 15:25:39,824 [Worker-28: Creating maven-archetype-quickstart] INFO  o.e.m.c.i.e.AbstractTransferListenerAdapter - Downloaded https://repo.maven.apache.org/maven2/org/codehaus/plexus/plexus-containers/1.6/plexus-containers-1.6.pom
2022-05-10 15:25:40,043 [Worker-28: Creating maven-archetype-quickstart] INFO  o.e.m.c.i.e.AbstractTransferListenerAdapter - Downloading https://repo.maven.apache.org/maven2/org/codehaus/plexus/plexus/3.3.2/plexus-3.3.2.pom
2022-05-10 15:25:40,382 [Worker-28: Creating maven-archetype-quickstart] INFO  o.e.m.c.i.e.AbstractTransferListenerAdapter - Downloaded https://repo.maven.apache.org/maven2/org/codehaus/plexus/plexus/3.3.2/plexus-3.3.2.pom
2022-05-10 15:25:40,653 [Worker-28: Creating maven-archetype-quickstart] INFO  o.e.m.c.i.e.AbstractTransferListenerAdapter - Downloading https://repo.maven.apache.org/maven2/org/apache/maven/maven-archiver/3.1.1/maven-archiver-3.1.1.pom
2022-05-10 15:25:41,061 [Worker-28: Creating maven-archetype-quickstart] INFO  o.e.m.c.i.e.AbstractTransferListenerAdapter - Downloaded https://repo.maven.apache.org/maven2/org/apache/maven/maven-archiver/3.1.1/maven-archiver-3.1.1.pom
2022-05-10 15:25:41,303 [Worker-28: Creating maven-archetype-quickstart] INFO  o.e.m.c.i.e.AbstractTransferListenerAdapter - Downloading https://repo.maven.apache.org/maven2/org/apache/maven/shared/maven-shared-utils/3.0.1/maven-shared-utils-3.0.1.pom
2022-05-10 15:25:41,528 [Worker-28: Creating maven-archetype-quickstart] INFO  o.e.m.c.i.e.AbstractTransferListenerAdapter - Downloaded https://repo.maven.apache.org/maven2/org/apache/maven/shared/maven-shared-utils/3.0.1/maven-shared-utils-3.0.1.pom
2022-05-10 15:25:41,851 [Worker-28: Creating maven-archetype-quickstart] INFO  o.e.m.c.i.e.AbstractTransferListenerAdapter - Downloading https://repo.maven.apache.org/maven2/commons-io/commons-io/2.4/commons-io-2.4.pom
2022-05-10 15:25:42,219 [Worker-28: Creating maven-archetype-quickstart] INFO  o.e.m.c.i.e.AbstractTransferListenerAdapter - Downloaded https://repo.maven.apache.org/maven2/commons-io/commons-io/2.4/commons-io-2.4.pom
2022-05-10 15:25:42,461 [Worker-28: Creating maven-archetype-quickstart] INFO  o.e.m.c.i.e.AbstractTransferListenerAdapter - Downloading https://repo.maven.apache.org/maven2/org/apache/commons/commons-parent/25/commons-parent-25.pom
2022-05-10 15:25:42,851 [Worker-28: Creating maven-archetype-quickstart] INFO  o.e.m.c.i.e.AbstractTransferListenerAdapter - Downloaded https://repo.maven.apache.org/maven2/org/apache/commons/commons-parent/25/commons-parent-25.pom
2022-05-10 15:25:43,098 [Worker-28: Creating maven-archetype-quickstart] INFO  o.e.m.c.i.e.AbstractTransferListenerAdapter - Downloading https://repo.maven.apache.org/maven2/org/codehaus/plexus/plexus-archiver/3.3/plexus-archiver-3.3.pom
2022-05-10 15:25:43,346 [Worker-28: Creating maven-archetype-quickstart] INFO  o.e.m.c.i.e.AbstractTransferListenerAdapter - Downloaded https://repo.maven.apache.org/maven2/org/codehaus/plexus/plexus-archiver/3.3/plexus-archiver-3.3.pom
2022-05-10 15:25:43,647 [Worker-28: Creating maven-archetype-quickstart] INFO  o.e.m.c.i.e.AbstractTransferListenerAdapter - Downloading https://repo.maven.apache.org/maven2/org/codehaus/plexus/plexus/3.2/plexus-3.2.pom
2022-05-10 15:25:43,855 [Worker-28: Creating maven-archetype-quickstart] INFO  o.e.m.c.i.e.AbstractTransferListenerAdapter - Downloaded https://repo.maven.apache.org/maven2/org/codehaus/plexus/plexus/3.2/plexus-3.2.pom
2022-05-10 15:25:44,104 [Worker-28: Creating maven-archetype-quickstart] INFO  o.e.m.c.i.e.AbstractTransferListenerAdapter - Downloading https://repo.maven.apache.org/maven2/org/codehaus/plexus/plexus-utils/3.0.24/plexus-utils-3.0.24.pom
2022-05-10 15:25:44,336 [Worker-28: Creating maven-archetype-quickstart] INFO  o.e.m.c.i.e.AbstractTransferListenerAdapter - Downloaded https://repo.maven.apache.org/maven2/org/codehaus/plexus/plexus-utils/3.0.24/plexus-utils-3.0.24.pom
2022-05-10 15:25:44,570 [Worker-28: Creating maven-archetype-quickstart] INFO  o.e.m.c.i.e.AbstractTransferListenerAdapter - Downloading https://repo.maven.apache.org/maven2/org/codehaus/plexus/plexus-io/2.7.1/plexus-io-2.7.1.pom
2022-05-10 15:25:44,789 [Worker-28: Creating maven-archetype-quickstart] INFO  o.e.m.c.i.e.AbstractTransferListenerAdapter - Downloaded https://repo.maven.apache.org/maven2/org/codehaus/plexus/plexus-io/2.7.1/plexus-io-2.7.1.pom
2022-05-10 15:25:45,121 [Worker-28: Creating maven-archetype-quickstart] INFO  o.e.m.c.i.e.AbstractTransferListenerAdapter - Downloading https://repo.maven.apache.org/maven2/org/apache/commons/commons-compress/1.11/commons-compress-1.11.pom
2022-05-10 15:25:45,498 [Worker-28: Creating maven-archetype-quickstart] INFO  o.e.m.c.i.e.AbstractTransferListenerAdapter - Downloaded https://repo.maven.apache.org/maven2/org/apache/commons/commons-compress/1.11/commons-compress-1.11.pom
2022-05-10 15:25:45,794 [Worker-28: Creating maven-archetype-quickstart] INFO  o.e.m.c.i.e.AbstractTransferListenerAdapter - Downloading https://repo.maven.apache.org/maven2/org/iq80/snappy/snappy/0.4/snappy-0.4.pom
2022-05-10 15:25:46,004 [Worker-28: Creating maven-archetype-quickstart] INFO  o.e.m.c.i.e.AbstractTransferListenerAdapter - Downloaded https://repo.maven.apache.org/maven2/org/iq80/snappy/snappy/0.4/snappy-0.4.pom
2022-05-10 15:25:46,221 [Worker-28: Creating maven-archetype-quickstart] INFO  o.e.m.c.i.e.AbstractTransferListenerAdapter - Downloading https://repo.maven.apache.org/maven2/org/tukaani/xz/1.5/xz-1.5.pom
2022-05-10 15:25:46,463 [Worker-28: Creating maven-archetype-quickstart] INFO  o.e.m.c.i.e.AbstractTransferListenerAdapter - Downloaded https://repo.maven.apache.org/maven2/org/tukaani/xz/1.5/xz-1.5.pom
2022-05-10 15:25:46,708 [Worker-28: Creating maven-archetype-quickstart] INFO  o.e.m.c.i.e.AbstractTransferListenerAdapter - Downloading https://repo.maven.apache.org/maven2/org/codehaus/plexus/plexus-interpolation/1.22/plexus-interpolation-1.22.pom
2022-05-10 15:25:46,941 [Worker-28: Creating maven-archetype-quickstart] INFO  o.e.m.c.i.e.AbstractTransferListenerAdapter - Downloaded https://repo.maven.apache.org/maven2/org/codehaus/plexus/plexus-interpolation/1.22/plexus-interpolation-1.22.pom
2022-05-10 15:25:47,178 [Worker-28: Creating maven-archetype-quickstart] INFO  o.e.m.c.i.e.AbstractTransferListenerAdapter - Downloading https://repo.maven.apache.org/maven2/org/codehaus/plexus/plexus-components/1.3.1/plexus-components-1.3.1.pom
2022-05-10 15:25:47,428 [Worker-28: Creating maven-archetype-quickstart] INFO  o.e.m.c.i.e.AbstractTransferListenerAdapter - Downloaded https://repo.maven.apache.org/maven2/org/codehaus/plexus/plexus-components/1.3.1/plexus-components-1.3.1.pom
2022-05-10 15:25:47,659 [Worker-28: Creating maven-archetype-quickstart] INFO  o.e.m.c.i.e.AbstractTransferListenerAdapter - Downloading https://repo.maven.apache.org/maven2/org/codehaus/plexus/plexus-archiver/3.4/plexus-archiver-3.4.pom
2022-05-10 15:25:47,898 [Worker-28: Creating maven-archetype-quickstart] INFO  o.e.m.c.i.e.AbstractTransferListenerAdapter - Downloaded https://repo.maven.apache.org/maven2/org/codehaus/plexus/plexus-archiver/3.4/plexus-archiver-3.4.pom
2022-05-10 15:25:48,177 [AetherRepositoryConnector-repo.maven.apache.org-1-4] INFO  o.e.m.c.i.e.AbstractTransferListenerAdapter - Downloading https://repo.maven.apache.org/maven2/org/codehaus/plexus/plexus-io/2.7.1/plexus-io-2.7.1.jar
2022-05-10 15:25:48,639 [AetherRepositoryConnector-repo.maven.apache.org-1-1] INFO  o.e.m.c.i.e.AbstractTransferListenerAdapter - Downloading https://repo.maven.apache.org/maven2/org/apache/maven/maven-archiver/3.1.1/maven-archiver-3.1.1.jar
2022-05-10 15:25:48,639 [AetherRepositoryConnector-repo.maven.apache.org-1-0] INFO  o.e.m.c.i.e.AbstractTransferListenerAdapter - Downloading https://repo.maven.apache.org/maven2/org/codehaus/plexus/plexus-component-annotations/1.6/plexus-component-annotations-1.6.jar
2022-05-10 15:25:48,897 [AetherRepositoryConnector-repo.maven.apache.org-1-3] INFO  o.e.m.c.i.e.AbstractTransferListenerAdapter - Downloading https://repo.maven.apache.org/maven2/org/codehaus/plexus/plexus-archiver/3.4/plexus-archiver-3.4.jar
2022-05-10 15:25:49,243 [AetherRepositoryConnector-repo.maven.apache.org-1-2] INFO  o.e.m.c.i.e.AbstractTransferListenerAdapter - Downloading https://repo.maven.apache.org/maven2/org/apache/maven/shared/maven-shared-utils/3.0.1/maven-shared-utils-3.0.1.jar
2022-05-10 15:25:50,275 [AetherRepositoryConnector-repo.maven.apache.org-1-1] INFO  o.e.m.c.i.e.AbstractTransferListenerAdapter - Downloaded https://repo.maven.apache.org/maven2/org/apache/maven/maven-archiver/3.1.1/maven-archiver-3.1.1.jar
2022-05-10 15:25:50,275 [AetherRepositoryConnector-repo.maven.apache.org-1-4] INFO  o.e.m.c.i.e.AbstractTransferListenerAdapter - Downloaded https://repo.maven.apache.org/maven2/org/codehaus/plexus/plexus-io/2.7.1/plexus-io-2.7.1.jar
2022-05-10 15:25:50,275 [AetherRepositoryConnector-repo.maven.apache.org-1-0] INFO  o.e.m.c.i.e.AbstractTransferListenerAdapter - Downloaded https://repo.maven.apache.org/maven2/org/codehaus/plexus/plexus-component-annotations/1.6/plexus-component-annotations-1.6.jar
2022-05-10 15:25:50,976 [AetherRepositoryConnector-repo.maven.apache.org-1-0] INFO  o.e.m.c.i.e.AbstractTransferListenerAdapter - Downloading https://repo.maven.apache.org/maven2/org/iq80/snappy/snappy/0.4/snappy-0.4.jar
2022-05-10 15:25:51,177 [AetherRepositoryConnector-repo.maven.apache.org-1-4] INFO  o.e.m.c.i.e.AbstractTransferListenerAdapter - Downloading https://repo.maven.apache.org/maven2/org/apache/commons/commons-compress/1.11/commons-compress-1.11.jar
2022-05-10 15:25:51,361 [AetherRepositoryConnector-repo.maven.apache.org-1-1] INFO  o.e.m.c.i.e.AbstractTransferListenerAdapter - Downloading https://repo.maven.apache.org/maven2/org/tukaani/xz/1.5/xz-1.5.jar
2022-05-10 15:25:51,366 [AetherRepositoryConnector-repo.maven.apache.org-1-3] INFO  o.e.m.c.i.e.AbstractTransferListenerAdapter - Downloaded https://repo.maven.apache.org/maven2/org/codehaus/plexus/plexus-archiver/3.4/plexus-archiver-3.4.jar
2022-05-10 15:25:52,015 [AetherRepositoryConnector-repo.maven.apache.org-1-0] INFO  o.e.m.c.i.e.AbstractTransferListenerAdapter - Downloaded https://repo.maven.apache.org/maven2/org/iq80/snappy/snappy/0.4/snappy-0.4.jar
2022-05-10 15:25:52,015 [AetherRepositoryConnector-repo.maven.apache.org-1-2] INFO  o.e.m.c.i.e.AbstractTransferListenerAdapter - Downloaded https://repo.maven.apache.org/maven2/org/apache/maven/shared/maven-shared-utils/3.0.1/maven-shared-utils-3.0.1.jar
2022-05-10 15:25:52,580 [AetherRepositoryConnector-repo.maven.apache.org-1-3] INFO  o.e.m.c.i.e.AbstractTransferListenerAdapter - Downloading https://repo.maven.apache.org/maven2/org/codehaus/plexus/plexus-utils/3.0.24/plexus-utils-3.0.24.jar
2022-05-10 15:25:53,889 [AetherRepositoryConnector-repo.maven.apache.org-1-1] INFO  o.e.m.c.i.e.AbstractTransferListenerAdapter - Downloaded https://repo.maven.apache.org/maven2/org/tukaani/xz/1.5/xz-1.5.jar
2022-05-10 15:25:54,377 [AetherRepositoryConnector-repo.maven.apache.org-1-4] INFO  o.e.m.c.i.e.AbstractTransferListenerAdapter - Downloaded https://repo.maven.apache.org/maven2/org/apache/commons/commons-compress/1.11/commons-compress-1.11.jar
2022-05-10 15:25:54,613 [AetherRepositoryConnector-repo.maven.apache.org-1-3] INFO  o.e.m.c.i.e.AbstractTransferListenerAdapter - Downloaded https://repo.maven.apache.org/maven2/org/codehaus/plexus/plexus-utils/3.0.24/plexus-utils-3.0.24.jar
2022-05-10 15:25:55,551 [Worker-28: Creating maven-archetype-quickstart] INFO  o.e.m.c.i.e.AbstractTransferListenerAdapter - Downloading https://repo.maven.apache.org/maven2/org/apache/maven/shared/maven-filtering/3.1.1/maven-filtering-3.1.1.pom
2022-05-10 15:25:55,781 [Worker-28: Creating maven-archetype-quickstart] INFO  o.e.m.c.i.e.AbstractTransferListenerAdapter - Downloaded https://repo.maven.apache.org/maven2/org/apache/maven/shared/maven-filtering/3.1.1/maven-filtering-3.1.1.pom
2022-05-10 15:25:56,033 [Worker-28: Creating maven-archetype-quickstart] INFO  o.e.m.c.i.e.AbstractTransferListenerAdapter - Downloading https://repo.maven.apache.org/maven2/org/apache/maven/shared/maven-shared-utils/3.0.0/maven-shared-utils-3.0.0.pom
2022-05-10 15:25:56,258 [Worker-28: Creating maven-archetype-quickstart] INFO  o.e.m.c.i.e.AbstractTransferListenerAdapter - Downloaded https://repo.maven.apache.org/maven2/org/apache/maven/shared/maven-shared-utils/3.0.0/maven-shared-utils-3.0.0.pom
2022-05-10 15:25:56,497 [Worker-28: Creating maven-archetype-quickstart] INFO  o.e.m.c.i.e.AbstractTransferListenerAdapter - Downloading https://repo.maven.apache.org/maven2/org/apache/maven/shared/maven-shared-components/21/maven-shared-components-21.pom
2022-05-10 15:25:56,739 [Worker-28: Creating maven-archetype-quickstart] INFO  o.e.m.c.i.e.AbstractTransferListenerAdapter - Downloaded https://repo.maven.apache.org/maven2/org/apache/maven/shared/maven-shared-components/21/maven-shared-components-21.pom
2022-05-10 15:25:57,019 [Worker-28: Creating maven-archetype-quickstart] INFO  o.e.m.c.i.e.AbstractTransferListenerAdapter - Downloading https://repo.maven.apache.org/maven2/org/apache/maven/maven-parent/25/maven-parent-25.pom
2022-05-10 15:25:57,347 [Worker-28: Creating maven-archetype-quickstart] INFO  o.e.m.c.i.e.AbstractTransferListenerAdapter - Downloaded https://repo.maven.apache.org/maven2/org/apache/maven/maven-parent/25/maven-parent-25.pom
2022-05-10 15:25:57,582 [Worker-28: Creating maven-archetype-quickstart] INFO  o.e.m.c.i.e.AbstractTransferListenerAdapter - Downloading https://repo.maven.apache.org/maven2/org/apache/apache/15/apache-15.pom
2022-05-10 15:25:57,959 [Worker-28: Creating maven-archetype-quickstart] INFO  o.e.m.c.i.e.AbstractTransferListenerAdapter - Downloaded https://repo.maven.apache.org/maven2/org/apache/apache/15/apache-15.pom
2022-05-10 15:25:57,965 [Worker-29: Download sources and javadoc] INFO  o.e.m.c.i.e.AbstractTransferListenerAdapter - Downloading https://repo.maven.apache.org/maven2/junit/junit/4.11/junit-4.11-sources.jar
2022-05-10 15:25:58,407 [Worker-28: Creating maven-archetype-quickstart] INFO  o.e.m.c.i.e.AbstractTransferListenerAdapter - Downloading https://repo.maven.apache.org/maven2/org/codehaus/plexus/plexus-interpolation/1.24/plexus-interpolation-1.24.pom
2022-05-10 15:25:58,698 [Worker-28: Creating maven-archetype-quickstart] INFO  o.e.m.c.i.e.AbstractTransferListenerAdapter - Downloaded https://repo.maven.apache.org/maven2/org/codehaus/plexus/plexus-interpolation/1.24/plexus-interpolation-1.24.pom
2022-05-10 15:25:59,136 [AetherRepositoryConnector-repo.maven.apache.org-2-2] INFO  o.e.m.c.i.e.AbstractTransferListenerAdapter - Downloading https://repo.maven.apache.org/maven2/com/google/code/findbugs/jsr305/2.0.1/jsr305-2.0.1.jar
2022-05-10 15:25:59,330 [AetherRepositoryConnector-repo.maven.apache.org-2-0] INFO  o.e.m.c.i.e.AbstractTransferListenerAdapter - Downloading https://repo.maven.apache.org/maven2/org/apache/maven/shared/maven-filtering/3.1.1/maven-filtering-3.1.1.jar
2022-05-10 15:25:59,427 [AetherRepositoryConnector-repo.maven.apache.org-2-3] INFO  o.e.m.c.i.e.AbstractTransferListenerAdapter - Downloading https://repo.maven.apache.org/maven2/org/codehaus/plexus/plexus-interpolation/1.24/plexus-interpolation-1.24.jar
2022-05-10 15:25:59,646 [Worker-29: Download sources and javadoc] INFO  o.e.m.c.i.e.AbstractTransferListenerAdapter - Downloaded https://repo.maven.apache.org/maven2/junit/junit/4.11/junit-4.11-sources.jar
2022-05-10 15:25:59,675 [Worker-29: Download sources and javadoc] INFO  o.e.m.j.internal.DownloadSourcesJob - Downloaded sources for junit:junit:4.11
2022-05-10 15:25:59,956 [AetherRepositoryConnector-repo.maven.apache.org-2-1] INFO  o.e.m.c.i.e.AbstractTransferListenerAdapter - Downloading https://repo.maven.apache.org/maven2/org/apache/maven/shared/maven-shared-utils/3.0.0/maven-shared-utils-3.0.0.jar
2022-05-10 15:26:00,544 [AetherRepositoryConnector-repo.maven.apache.org-2-0] INFO  o.e.m.c.i.e.AbstractTransferListenerAdapter - Downloaded https://repo.maven.apache.org/maven2/org/apache/maven/shared/maven-filtering/3.1.1/maven-filtering-3.1.1.jar
2022-05-10 15:26:00,544 [AetherRepositoryConnector-repo.maven.apache.org-2-3] INFO  o.e.m.c.i.e.AbstractTransferListenerAdapter - Downloaded https://repo.maven.apache.org/maven2/org/codehaus/plexus/plexus-interpolation/1.24/plexus-interpolation-1.24.jar
2022-05-10 15:26:00,545 [AetherRepositoryConnector-repo.maven.apache.org-2-2] INFO  o.e.m.c.i.e.AbstractTransferListenerAdapter - Downloaded https://repo.maven.apache.org/maven2/com/google/code/findbugs/jsr305/2.0.1/jsr305-2.0.1.jar
2022-05-10 15:26:00,780 [AetherRepositoryConnector-repo.maven.apache.org-2-1] INFO  o.e.m.c.i.e.AbstractTransferListenerAdapter - Downloaded https://repo.maven.apache.org/maven2/org/apache/maven/shared/maven-shared-utils/3.0.0/maven-shared-utils-3.0.0.jar
2022-05-10 15:26:01,075 [Worker-29: Download sources and javadoc] INFO  o.e.m.c.i.e.AbstractTransferListenerAdapter - Downloading https://repo.maven.apache.org/maven2/org/hamcrest/hamcrest-core/1.3/hamcrest-core-1.3-sources.jar
2022-05-10 15:26:01,150 [Worker-28: Creating maven-archetype-quickstart] INFO  o.e.m.j.i.AbstractJavaProjectConfigurator - Adding source folder /projects/src/main/java
2022-05-10 15:26:01,155 [Worker-28: Creating maven-archetype-quickstart] INFO  o.e.m.j.i.AbstractJavaProjectConfigurator - Adding source folder /projects/src/test/java
2022-05-10 15:26:01,262 [Worker-28: Creating maven-archetype-quickstart] INFO  o.e.m.c.i.p.ProjectConfigurationManager - Imported and configured 1 project(s) in 39 sec
2022-05-10 15:26:01,983 [Worker-24: Building] INFO  o.e.m.c.i.embedder.EclipseLogger - Using 'UTF-8' encoding to copy filtered resources.
2022-05-10 15:26:01,983 [Worker-24: Building] INFO  o.e.m.c.i.embedder.EclipseLogger - skip non existing resourceDirectory A:\Documents\Training\Spring\eclipse-workspace\projects\src\main\resources
2022-05-10 15:26:01,986 [Worker-24: Building] INFO  o.e.m.c.i.embedder.EclipseLogger - Using 'UTF-8' encoding to copy filtered resources.
2022-05-10 15:26:01,986 [Worker-24: Building] INFO  o.e.m.c.i.embedder.EclipseLogger - skip non existing resourceDirectory A:\Documents\Training\Spring\eclipse-workspace\projects\src\test\resources
2022-05-10 15:26:02,174 [Worker-29: Download sources and javadoc] INFO  o.e.m.c.i.e.AbstractTransferListenerAdapter - Downloaded https://repo.maven.apache.org/maven2/org/hamcrest/hamcrest-core/1.3/hamcrest-core-1.3-sources.jar
2022-05-10 15:26:02,369 [Worker-29: Download sources and javadoc] INFO  o.e.m.j.internal.DownloadSourcesJob - Downloaded sources for org.hamcrest:hamcrest-core:1.3
2022-05-10 15:26:03,069 [Worker-28: Building] INFO  o.e.m.c.i.embedder.EclipseLogger - Using 'UTF-8' encoding to copy filtered resources.
2022-05-10 15:26:03,069 [Worker-28: Building] INFO  o.e.m.c.i.embedder.EclipseLogger - skip non existing resourceDirectory A:\Documents\Training\Spring\eclipse-workspace\projects\src\main\resources
2022-05-10 15:26:03,071 [Worker-28: Building] INFO  o.e.m.c.i.embedder.EclipseLogger - Using 'UTF-8' encoding to copy filtered resources.
2022-05-10 15:26:03,071 [Worker-28: Building] INFO  o.e.m.c.i.embedder.EclipseLogger - skip non existing resourceDirectory A:\Documents\Training\Spring\eclipse-workspace\projects\src\test\resources
2022-05-10 15:27:09,731 [Worker-24: Building] INFO  o.e.m.c.i.embedder.EclipseLogger - Using 'UTF-8' encoding to copy filtered resources.
2022-05-10 15:27:09,732 [Worker-24: Building] INFO  o.e.m.c.i.embedder.EclipseLogger - skip non existing resourceDirectory A:\Documents\Training\Spring\eclipse-workspace\projects\src\main\resources
2022-05-10 15:27:09,733 [Worker-24: Building] INFO  o.e.m.c.i.embedder.EclipseLogger - Using 'UTF-8' encoding to copy filtered resources.
2022-05-10 15:27:09,733 [Worker-24: Building] INFO  o.e.m.c.i.embedder.EclipseLogger - skip non existing resourceDirectory A:\Documents\Training\Spring\eclipse-workspace\projects\src\test\resources
2022-05-10 15:29:06,282 [ForkJoinPool.commonPool-worker-11] ERROR o.e.m.e.l.MavenRuntimeClasspathProvider - Illegal character in path at index 20: file:/C:/Users/Anesh S M/.p2/pool/plugins/org.eclipse.m2e.maven.runtime_1.18.3.20220227-1319/jars/
java.net.URISyntaxException: Illegal character in path at index 20: file:/C:/Users/Anesh S M/.p2/pool/plugins/org.eclipse.m2e.maven.runtime_1.18.3.20220227-1319/jars/
	at java.base/java.net.URI$Parser.fail(URI.java:2973)
	at java.base/java.net.URI$Parser.checkChars(URI.java:3144)
	at java.base/java.net.URI$Parser.parseHierarchical(URI.java:3226)
	at java.base/java.net.URI$Parser.parse(URI.java:3174)
	at java.base/java.net.URI.<init>(URI.java:623)
	at java.base/java.net.URL.toURI(URL.java:1056)
	at org.eclipse.m2e.editor.lemminx.MavenRuntimeClasspathProvider.addJarsFromBundle(MavenRuntimeClasspathProvider.java:81)
	at org.eclipse.m2e.editor.lemminx.MavenRuntimeClasspathProvider.get(MavenRuntimeClasspathProvider.java:66)
	at org.eclipse.m2e.editor.lemminx.MavenRuntimeClasspathProvider.get(MavenRuntimeClasspathProvider.java:1)
	at java.base/java.util.stream.ReferencePipeline$3$1.accept(ReferencePipeline.java:197)
	at java.base/java.util.stream.ReferencePipeline$3$1.accept(ReferencePipeline.java:197)
	at java.base/java.util.HashMap$EntrySpliterator.forEachRemaining(HashMap.java:1850)
	at java.base/java.util.stream.AbstractPipeline.copyInto(AbstractPipeline.java:509)
	at java.base/java.util.stream.AbstractPipeline.wrapAndCopyInto(AbstractPipeline.java:499)
	at java.base/java.util.stream.ForEachOps$ForEachOp.evaluateSequential(ForEachOps.java:150)
	at java.base/java.util.stream.ForEachOps$ForEachOp$OfRef.evaluateSequential(ForEachOps.java:173)
	at java.base/java.util.stream.AbstractPipeline.evaluate(AbstractPipeline.java:234)
	at java.base/java.util.stream.ReferencePipeline.forEach(ReferencePipeline.java:596)
	at org.eclipse.wildwebdeveloper.xml.internal.XMLExtensionRegistry.getXMLLSClassPathExtensions(XMLExtensionRegistry.java:81)
	at org.eclipse.wildwebdeveloper.xml.internal.XMLLanguageServer.getExtensionJarPaths(XMLLanguageServer.java:142)
	at org.eclipse.wildwebdeveloper.xml.internal.XMLLanguageServer.<init>(XMLLanguageServer.java:83)
	at java.base/jdk.internal.reflect.DirectConstructorHandleAccessor.newInstance(DirectConstructorHandleAccessor.java:67)
	at java.base/java.lang.reflect.Constructor.newInstanceWithCaller(Constructor.java:499)
	at java.base/java.lang.reflect.Constructor.newInstance(Constructor.java:483)
	at org.eclipse.core.internal.registry.osgi.RegistryStrategyOSGI.createExecutableExtension(RegistryStrategyOSGI.java:204)
	at org.eclipse.core.internal.registry.ExtensionRegistry.createExecutableExtension(ExtensionRegistry.java:920)
	at org.eclipse.core.internal.registry.ConfigurationElement.createExecutableExtension(ConfigurationElement.java:246)
	at org.eclipse.core.internal.registry.ConfigurationElementHandle.createExecutableExtension(ConfigurationElementHandle.java:63)
	at org.eclipse.lsp4e.LanguageServersRegistry$ExtensionLanguageServerDefinition.createConnectionProvider(LanguageServersRegistry.java:127)
	at org.eclipse.lsp4e.LanguageServerWrapper.lambda$1(LanguageServerWrapper.java:222)
	at java.base/java.util.concurrent.CompletableFuture$AsyncSupply.run(CompletableFuture.java:1768)
	at java.base/java.util.concurrent.CompletableFuture$AsyncSupply.exec(CompletableFuture.java:1760)
	at java.base/java.util.concurrent.ForkJoinTask.doExec(ForkJoinTask.java:373)
	at java.base/java.util.concurrent.ForkJoinPool$WorkQueue.topLevelExec(ForkJoinPool.java:1182)
	at java.base/java.util.concurrent.ForkJoinPool.scan(ForkJoinPool.java:1655)
	at java.base/java.util.concurrent.ForkJoinPool.runWorker(ForkJoinPool.java:1622)
	at java.base/java.util.concurrent.ForkJoinWorkerThread.run(ForkJoinWorkerThread.java:165)
2022-05-10 15:34:42,139 [Worker-33: Building] INFO  o.e.m.c.i.e.AbstractTransferListenerAdapter - Downloading https://repo.maven.apache.org/maven2/org/apache/maven/plugins/maven-clean-plugin/2.5/maven-clean-plugin-2.5.jar
2022-05-10 15:34:42,808 [Worker-33: Building] INFO  o.e.m.c.i.e.AbstractTransferListenerAdapter - Downloaded https://repo.maven.apache.org/maven2/org/apache/maven/plugins/maven-clean-plugin/2.5/maven-clean-plugin-2.5.jar
2022-05-10 15:34:43,316 [Worker-33: Building] INFO  o.e.m.c.i.e.AbstractTransferListenerAdapter - Downloading https://repo.maven.apache.org/maven2/org/apache/maven/plugins/maven-resources-plugin/2.6/maven-resources-plugin-2.6.jar
2022-05-10 15:34:43,727 [Worker-33: Building] INFO  o.e.m.c.i.e.AbstractTransferListenerAdapter - Downloaded https://repo.maven.apache.org/maven2/org/apache/maven/plugins/maven-resources-plugin/2.6/maven-resources-plugin-2.6.jar
2022-05-10 15:34:44,050 [Worker-33: Building] INFO  o.e.m.c.i.e.AbstractTransferListenerAdapter - Downloading https://repo.maven.apache.org/maven2/org/apache/maven/plugins/maven-compiler-plugin/3.2/maven-compiler-plugin-3.2.jar
2022-05-10 15:34:44,547 [Worker-33: Building] INFO  o.e.m.c.i.e.AbstractTransferListenerAdapter - Downloaded https://repo.maven.apache.org/maven2/org/apache/maven/plugins/maven-compiler-plugin/3.2/maven-compiler-plugin-3.2.jar
2022-05-10 15:34:44,889 [Worker-33: Building] INFO  o.e.m.c.i.e.AbstractTransferListenerAdapter - Downloading https://repo.maven.apache.org/maven2/org/apache/maven/plugins/maven-surefire-plugin/2.12.4/maven-surefire-plugin-2.12.4.jar
2022-05-10 15:34:45,445 [Worker-33: Building] INFO  o.e.m.c.i.e.AbstractTransferListenerAdapter - Downloaded https://repo.maven.apache.org/maven2/org/apache/maven/plugins/maven-surefire-plugin/2.12.4/maven-surefire-plugin-2.12.4.jar
2022-05-10 15:34:45,746 [Worker-33: Building] INFO  o.e.m.c.i.e.AbstractTransferListenerAdapter - Downloading https://repo.maven.apache.org/maven2/org/apache/maven/plugins/maven-jar-plugin/2.4/maven-jar-plugin-2.4.jar
2022-05-10 15:34:46,254 [Worker-33: Building] INFO  o.e.m.c.i.e.AbstractTransferListenerAdapter - Downloaded https://repo.maven.apache.org/maven2/org/apache/maven/plugins/maven-jar-plugin/2.4/maven-jar-plugin-2.4.jar
2022-05-10 15:34:46,601 [Worker-33: Building] INFO  o.e.m.c.i.e.AbstractTransferListenerAdapter - Downloading https://repo.maven.apache.org/maven2/org/apache/maven/plugins/maven-install-plugin/2.4/maven-install-plugin-2.4.jar
2022-05-10 15:34:47,087 [Worker-33: Building] INFO  o.e.m.c.i.e.AbstractTransferListenerAdapter - Downloaded https://repo.maven.apache.org/maven2/org/apache/maven/plugins/maven-install-plugin/2.4/maven-install-plugin-2.4.jar
2022-05-10 15:34:47,402 [Worker-33: Building] INFO  o.e.m.c.i.e.AbstractTransferListenerAdapter - Downloading https://repo.maven.apache.org/maven2/org/apache/maven/plugins/maven-deploy-plugin/2.7/maven-deploy-plugin-2.7.jar
2022-05-10 15:34:47,818 [Worker-33: Building] INFO  o.e.m.c.i.e.AbstractTransferListenerAdapter - Downloaded https://repo.maven.apache.org/maven2/org/apache/maven/plugins/maven-deploy-plugin/2.7/maven-deploy-plugin-2.7.jar
2022-05-10 15:34:48,144 [Worker-33: Building] INFO  o.e.m.c.i.e.AbstractTransferListenerAdapter - Downloading https://repo.maven.apache.org/maven2/org/apache/maven/plugins/maven-compiler-plugin/3.2/maven-compiler-plugin-3.2.pom
2022-05-10 15:34:48,405 [Worker-33: Building] INFO  o.e.m.c.i.e.AbstractTransferListenerAdapter - Downloaded https://repo.maven.apache.org/maven2/org/apache/maven/plugins/maven-compiler-plugin/3.2/maven-compiler-plugin-3.2.pom
2022-05-10 15:34:48,640 [Worker-33: Building] INFO  o.e.m.c.i.e.AbstractTransferListenerAdapter - Downloading https://repo.maven.apache.org/maven2/org/apache/maven/plugins/maven-plugins/25/maven-plugins-25.pom
2022-05-10 15:34:48,911 [Worker-33: Building] INFO  o.e.m.c.i.e.AbstractTransferListenerAdapter - Downloaded https://repo.maven.apache.org/maven2/org/apache/maven/plugins/maven-plugins/25/maven-plugins-25.pom
2022-05-10 15:34:49,165 [Worker-33: Building] INFO  o.e.m.c.i.e.AbstractTransferListenerAdapter - Downloading https://repo.maven.apache.org/maven2/org/apache/maven/maven-parent/24/maven-parent-24.pom
2022-05-10 15:34:49,529 [Worker-33: Building] INFO  o.e.m.c.i.e.AbstractTransferListenerAdapter - Downloaded https://repo.maven.apache.org/maven2/org/apache/maven/maven-parent/24/maven-parent-24.pom
2022-05-10 15:34:49,849 [Worker-33: Building] INFO  o.e.m.c.i.e.AbstractTransferListenerAdapter - Downloading https://repo.maven.apache.org/maven2/org/apache/apache/14/apache-14.pom
2022-05-10 15:34:50,114 [Worker-33: Building] INFO  o.e.m.c.i.e.AbstractTransferListenerAdapter - Downloaded https://repo.maven.apache.org/maven2/org/apache/apache/14/apache-14.pom
2022-05-10 15:34:50,366 [Worker-33: Building] INFO  o.e.m.c.i.e.AbstractTransferListenerAdapter - Downloading https://repo.maven.apache.org/maven2/org/apache/maven/maven-plugin-api/2.0.9/maven-plugin-api-2.0.9.pom
2022-05-10 15:34:50,592 [Worker-33: Building] INFO  o.e.m.c.i.e.AbstractTransferListenerAdapter - Downloaded https://repo.maven.apache.org/maven2/org/apache/maven/maven-plugin-api/2.0.9/maven-plugin-api-2.0.9.pom
2022-05-10 15:34:50,835 [Worker-33: Building] INFO  o.e.m.c.i.e.AbstractTransferListenerAdapter - Downloading https://repo.maven.apache.org/maven2/org/apache/maven/maven/2.0.9/maven-2.0.9.pom
2022-05-10 15:34:51,324 [Worker-33: Building] INFO  o.e.m.c.i.e.AbstractTransferListenerAdapter - Downloaded https://repo.maven.apache.org/maven2/org/apache/maven/maven/2.0.9/maven-2.0.9.pom
2022-05-10 15:34:51,701 [Worker-33: Building] INFO  o.e.m.c.i.e.AbstractTransferListenerAdapter - Downloading https://repo.maven.apache.org/maven2/org/apache/maven/maven-parent/8/maven-parent-8.pom
2022-05-10 15:34:52,045 [Worker-33: Building] INFO  o.e.m.c.i.e.AbstractTransferListenerAdapter - Downloaded https://repo.maven.apache.org/maven2/org/apache/maven/maven-parent/8/maven-parent-8.pom
2022-05-10 15:34:52,282 [Worker-33: Building] INFO  o.e.m.c.i.e.AbstractTransferListenerAdapter - Downloading https://repo.maven.apache.org/maven2/org/apache/maven/maven-artifact/2.0.9/maven-artifact-2.0.9.pom
2022-05-10 15:34:52,529 [Worker-33: Building] INFO  o.e.m.c.i.e.AbstractTransferListenerAdapter - Downloaded https://repo.maven.apache.org/maven2/org/apache/maven/maven-artifact/2.0.9/maven-artifact-2.0.9.pom
2022-05-10 15:34:52,806 [Worker-33: Building] INFO  o.e.m.c.i.e.AbstractTransferListenerAdapter - Downloading https://repo.maven.apache.org/maven2/org/codehaus/plexus/plexus-utils/1.5.1/plexus-utils-1.5.1.pom
2022-05-10 15:34:53,047 [Worker-33: Building] INFO  o.e.m.c.i.e.AbstractTransferListenerAdapter - Downloaded https://repo.maven.apache.org/maven2/org/codehaus/plexus/plexus-utils/1.5.1/plexus-utils-1.5.1.pom
2022-05-10 15:34:53,278 [Worker-33: Building] INFO  o.e.m.c.i.e.AbstractTransferListenerAdapter - Downloading https://repo.maven.apache.org/maven2/org/apache/maven/maven-core/2.0.9/maven-core-2.0.9.pom
2022-05-10 15:34:53,530 [Worker-33: Building] INFO  o.e.m.c.i.e.AbstractTransferListenerAdapter - Downloaded https://repo.maven.apache.org/maven2/org/apache/maven/maven-core/2.0.9/maven-core-2.0.9.pom
2022-05-10 15:34:53,906 [Worker-33: Building] INFO  o.e.m.c.i.e.AbstractTransferListenerAdapter - Downloading https://repo.maven.apache.org/maven2/org/apache/maven/maven-settings/2.0.9/maven-settings-2.0.9.pom
2022-05-10 15:34:54,151 [Worker-33: Building] INFO  o.e.m.c.i.e.AbstractTransferListenerAdapter - Downloaded https://repo.maven.apache.org/maven2/org/apache/maven/maven-settings/2.0.9/maven-settings-2.0.9.pom
2022-05-10 15:34:54,411 [Worker-33: Building] INFO  o.e.m.c.i.e.AbstractTransferListenerAdapter - Downloading https://repo.maven.apache.org/maven2/org/apache/maven/maven-model/2.0.9/maven-model-2.0.9.pom
2022-05-10 15:34:54,635 [Worker-33: Building] INFO  o.e.m.c.i.e.AbstractTransferListenerAdapter - Downloaded https://repo.maven.apache.org/maven2/org/apache/maven/maven-model/2.0.9/maven-model-2.0.9.pom
2022-05-10 15:34:54,890 [Worker-33: Building] INFO  o.e.m.c.i.e.AbstractTransferListenerAdapter - Downloading https://repo.maven.apache.org/maven2/org/apache/maven/maven-plugin-parameter-documenter/2.0.9/maven-plugin-parameter-documenter-2.0.9.pom
2022-05-10 15:34:55,127 [Worker-33: Building] INFO  o.e.m.c.i.e.AbstractTransferListenerAdapter - Downloaded https://repo.maven.apache.org/maven2/org/apache/maven/maven-plugin-parameter-documenter/2.0.9/maven-plugin-parameter-documenter-2.0.9.pom
2022-05-10 15:34:55,355 [Worker-33: Building] INFO  o.e.m.c.i.e.AbstractTransferListenerAdapter - Downloading https://repo.maven.apache.org/maven2/org/apache/maven/maven-profile/2.0.9/maven-profile-2.0.9.pom
2022-05-10 15:34:55,608 [Worker-33: Building] INFO  o.e.m.c.i.e.AbstractTransferListenerAdapter - Downloaded https://repo.maven.apache.org/maven2/org/apache/maven/maven-profile/2.0.9/maven-profile-2.0.9.pom
2022-05-10 15:34:55,870 [Worker-33: Building] INFO  o.e.m.c.i.e.AbstractTransferListenerAdapter - Downloading https://repo.maven.apache.org/maven2/org/apache/maven/maven-repository-metadata/2.0.9/maven-repository-metadata-2.0.9.pom
2022-05-10 15:34:56,255 [Worker-33: Building] INFO  o.e.m.c.i.e.AbstractTransferListenerAdapter - Downloaded https://repo.maven.apache.org/maven2/org/apache/maven/maven-repository-metadata/2.0.9/maven-repository-metadata-2.0.9.pom
2022-05-10 15:34:56,490 [Worker-33: Building] INFO  o.e.m.c.i.e.AbstractTransferListenerAdapter - Downloading https://repo.maven.apache.org/maven2/org/apache/maven/maven-error-diagnostics/2.0.9/maven-error-diagnostics-2.0.9.pom
2022-05-10 15:34:57,316 [Worker-33: Building] INFO  o.e.m.c.i.e.AbstractTransferListenerAdapter - Downloaded https://repo.maven.apache.org/maven2/org/apache/maven/maven-error-diagnostics/2.0.9/maven-error-diagnostics-2.0.9.pom
2022-05-10 15:34:57,945 [Worker-33: Building] INFO  o.e.m.c.i.e.AbstractTransferListenerAdapter - Downloading https://repo.maven.apache.org/maven2/org/apache/maven/maven-project/2.0.9/maven-project-2.0.9.pom
2022-05-10 15:34:58,376 [Worker-33: Building] INFO  o.e.m.c.i.e.AbstractTransferListenerAdapter - Downloaded https://repo.maven.apache.org/maven2/org/apache/maven/maven-project/2.0.9/maven-project-2.0.9.pom
2022-05-10 15:34:58,605 [Worker-33: Building] INFO  o.e.m.c.i.e.AbstractTransferListenerAdapter - Downloading https://repo.maven.apache.org/maven2/org/apache/maven/maven-artifact-manager/2.0.9/maven-artifact-manager-2.0.9.pom
2022-05-10 15:34:58,860 [Worker-33: Building] INFO  o.e.m.c.i.e.AbstractTransferListenerAdapter - Downloaded https://repo.maven.apache.org/maven2/org/apache/maven/maven-artifact-manager/2.0.9/maven-artifact-manager-2.0.9.pom
2022-05-10 15:34:59,119 [Worker-33: Building] INFO  o.e.m.c.i.e.AbstractTransferListenerAdapter - Downloading https://repo.maven.apache.org/maven2/org/apache/maven/maven-plugin-registry/2.0.9/maven-plugin-registry-2.0.9.pom
2022-05-10 15:34:59,371 [Worker-33: Building] INFO  o.e.m.c.i.e.AbstractTransferListenerAdapter - Downloaded https://repo.maven.apache.org/maven2/org/apache/maven/maven-plugin-registry/2.0.9/maven-plugin-registry-2.0.9.pom
2022-05-10 15:34:59,611 [Worker-33: Building] INFO  o.e.m.c.i.e.AbstractTransferListenerAdapter - Downloading https://repo.maven.apache.org/maven2/org/apache/maven/maven-plugin-descriptor/2.0.9/maven-plugin-descriptor-2.0.9.pom
2022-05-10 15:34:59,854 [Worker-33: Building] INFO  o.e.m.c.i.e.AbstractTransferListenerAdapter - Downloaded https://repo.maven.apache.org/maven2/org/apache/maven/maven-plugin-descriptor/2.0.9/maven-plugin-descriptor-2.0.9.pom
2022-05-10 15:35:00,089 [Worker-33: Building] INFO  o.e.m.c.i.e.AbstractTransferListenerAdapter - Downloading https://repo.maven.apache.org/maven2/org/apache/maven/maven-monitor/2.0.9/maven-monitor-2.0.9.pom
2022-05-10 15:35:00,305 [Worker-33: Building] INFO  o.e.m.c.i.e.AbstractTransferListenerAdapter - Downloaded https://repo.maven.apache.org/maven2/org/apache/maven/maven-monitor/2.0.9/maven-monitor-2.0.9.pom
2022-05-10 15:35:00,543 [Worker-33: Building] INFO  o.e.m.c.i.e.AbstractTransferListenerAdapter - Downloading https://repo.maven.apache.org/maven2/org/apache/maven/maven-toolchain/1.0/maven-toolchain-1.0.pom
2022-05-10 15:35:00,772 [Worker-33: Building] INFO  o.e.m.c.i.e.AbstractTransferListenerAdapter - Downloaded https://repo.maven.apache.org/maven2/org/apache/maven/maven-toolchain/1.0/maven-toolchain-1.0.pom
2022-05-10 15:35:01,000 [Worker-33: Building] INFO  o.e.m.c.i.e.AbstractTransferListenerAdapter - Downloading https://repo.maven.apache.org/maven2/org/apache/maven/maven/2.0.6/maven-2.0.6.pom
2022-05-10 15:35:01,232 [Worker-33: Building] INFO  o.e.m.c.i.e.AbstractTransferListenerAdapter - Downloaded https://repo.maven.apache.org/maven2/org/apache/maven/maven/2.0.6/maven-2.0.6.pom
2022-05-10 15:35:01,490 [Worker-33: Building] INFO  o.e.m.c.i.e.AbstractTransferListenerAdapter - Downloading https://repo.maven.apache.org/maven2/org/apache/maven/maven-parent/5/maven-parent-5.pom
2022-05-10 15:35:01,737 [Worker-33: Building] INFO  o.e.m.c.i.e.AbstractTransferListenerAdapter - Downloaded https://repo.maven.apache.org/maven2/org/apache/maven/maven-parent/5/maven-parent-5.pom
2022-05-10 15:35:01,950 [Worker-33: Building] INFO  o.e.m.c.i.e.AbstractTransferListenerAdapter - Downloading https://repo.maven.apache.org/maven2/org/apache/apache/3/apache-3.pom
2022-05-10 15:35:02,206 [Worker-33: Building] INFO  o.e.m.c.i.e.AbstractTransferListenerAdapter - Downloaded https://repo.maven.apache.org/maven2/org/apache/apache/3/apache-3.pom
2022-05-10 15:35:02,430 [Worker-33: Building] INFO  o.e.m.c.i.e.AbstractTransferListenerAdapter - Downloading https://repo.maven.apache.org/maven2/org/apache/maven/maven-core/2.0.6/maven-core-2.0.6.pom
2022-05-10 15:35:02,890 [Worker-33: Building] INFO  o.e.m.c.i.e.AbstractTransferListenerAdapter - Downloaded https://repo.maven.apache.org/maven2/org/apache/maven/maven-core/2.0.6/maven-core-2.0.6.pom
2022-05-10 15:35:03,145 [Worker-33: Building] INFO  o.e.m.c.i.e.AbstractTransferListenerAdapter - Downloading https://repo.maven.apache.org/maven2/org/apache/maven/maven-settings/2.0.6/maven-settings-2.0.6.pom
2022-05-10 15:35:03,370 [Worker-33: Building] INFO  o.e.m.c.i.e.AbstractTransferListenerAdapter - Downloaded https://repo.maven.apache.org/maven2/org/apache/maven/maven-settings/2.0.6/maven-settings-2.0.6.pom
2022-05-10 15:35:03,583 [Worker-33: Building] INFO  o.e.m.c.i.e.AbstractTransferListenerAdapter - Downloading https://repo.maven.apache.org/maven2/org/apache/maven/maven-model/2.0.6/maven-model-2.0.6.pom
2022-05-10 15:35:03,839 [Worker-33: Building] INFO  o.e.m.c.i.e.AbstractTransferListenerAdapter - Downloaded https://repo.maven.apache.org/maven2/org/apache/maven/maven-model/2.0.6/maven-model-2.0.6.pom
2022-05-10 15:35:04,066 [Worker-33: Building] INFO  o.e.m.c.i.e.AbstractTransferListenerAdapter - Downloading https://repo.maven.apache.org/maven2/org/codehaus/plexus/plexus-utils/1.4.1/plexus-utils-1.4.1.pom
2022-05-10 15:35:04,302 [Worker-33: Building] INFO  o.e.m.c.i.e.AbstractTransferListenerAdapter - Downloaded https://repo.maven.apache.org/maven2/org/codehaus/plexus/plexus-utils/1.4.1/plexus-utils-1.4.1.pom
2022-05-10 15:35:04,539 [Worker-33: Building] INFO  o.e.m.c.i.e.AbstractTransferListenerAdapter - Downloading https://repo.maven.apache.org/maven2/org/codehaus/plexus/plexus-container-default/1.0-alpha-9-stable-1/plexus-container-default-1.0-alpha-9-stable-1.pom
2022-05-10 15:35:04,833 [Worker-33: Building] INFO  o.e.m.c.i.e.AbstractTransferListenerAdapter - Downloaded https://repo.maven.apache.org/maven2/org/codehaus/plexus/plexus-container-default/1.0-alpha-9-stable-1/plexus-container-default-1.0-alpha-9-stable-1.pom
2022-05-10 15:35:05,055 [Worker-33: Building] INFO  o.e.m.c.i.e.AbstractTransferListenerAdapter - Downloading https://repo.maven.apache.org/maven2/org/codehaus/plexus/plexus-containers/1.0.3/plexus-containers-1.0.3.pom
2022-05-10 15:35:05,276 [Worker-33: Building] INFO  o.e.m.c.i.e.AbstractTransferListenerAdapter - Downloaded https://repo.maven.apache.org/maven2/org/codehaus/plexus/plexus-containers/1.0.3/plexus-containers-1.0.3.pom
2022-05-10 15:35:05,505 [Worker-33: Building] INFO  o.e.m.c.i.e.AbstractTransferListenerAdapter - Downloading https://repo.maven.apache.org/maven2/org/codehaus/plexus/plexus/1.0.4/plexus-1.0.4.pom
2022-05-10 15:35:05,771 [Worker-33: Building] INFO  o.e.m.c.i.e.AbstractTransferListenerAdapter - Downloaded https://repo.maven.apache.org/maven2/org/codehaus/plexus/plexus/1.0.4/plexus-1.0.4.pom
2022-05-10 15:35:06,006 [Worker-33: Building] INFO  o.e.m.c.i.e.AbstractTransferListenerAdapter - Downloading https://repo.maven.apache.org/maven2/junit/junit/3.8.1/junit-3.8.1.pom
2022-05-10 15:35:06,247 [Worker-33: Building] INFO  o.e.m.c.i.e.AbstractTransferListenerAdapter - Downloaded https://repo.maven.apache.org/maven2/junit/junit/3.8.1/junit-3.8.1.pom
2022-05-10 15:35:06,475 [Worker-33: Building] INFO  o.e.m.c.i.e.AbstractTransferListenerAdapter - Downloading https://repo.maven.apache.org/maven2/org/codehaus/plexus/plexus-utils/1.0.4/plexus-utils-1.0.4.pom
2022-05-10 15:35:06,708 [Worker-33: Building] INFO  o.e.m.c.i.e.AbstractTransferListenerAdapter - Downloaded https://repo.maven.apache.org/maven2/org/codehaus/plexus/plexus-utils/1.0.4/plexus-utils-1.0.4.pom
2022-05-10 15:35:06,928 [Worker-33: Building] INFO  o.e.m.c.i.e.AbstractTransferListenerAdapter - Downloading https://repo.maven.apache.org/maven2/classworlds/classworlds/1.1-alpha-2/classworlds-1.1-alpha-2.pom
2022-05-10 15:35:07,162 [Worker-33: Building] INFO  o.e.m.c.i.e.AbstractTransferListenerAdapter - Downloaded https://repo.maven.apache.org/maven2/classworlds/classworlds/1.1-alpha-2/classworlds-1.1-alpha-2.pom
2022-05-10 15:35:08,347 [Worker-33: Building] INFO  o.e.m.c.i.e.AbstractTransferListenerAdapter - Downloading https://repo.maven.apache.org/maven2/org/apache/maven/maven-plugin-parameter-documenter/2.0.6/maven-plugin-parameter-documenter-2.0.6.pom
2022-05-10 15:35:09,780 [Worker-33: Building] INFO  o.e.m.c.i.e.AbstractTransferListenerAdapter - Downloaded https://repo.maven.apache.org/maven2/org/apache/maven/maven-plugin-parameter-documenter/2.0.6/maven-plugin-parameter-documenter-2.0.6.pom
2022-05-10 15:35:10,625 [Worker-33: Building] INFO  o.e.m.c.i.e.AbstractTransferListenerAdapter - Downloading https://repo.maven.apache.org/maven2/org/apache/maven/reporting/maven-reporting-api/2.0.6/maven-reporting-api-2.0.6.pom
2022-05-10 15:35:11,741 [Worker-33: Building] INFO  o.e.m.c.i.e.AbstractTransferListenerAdapter - Downloaded https://repo.maven.apache.org/maven2/org/apache/maven/reporting/maven-reporting-api/2.0.6/maven-reporting-api-2.0.6.pom
2022-05-10 15:35:13,421 [Worker-33: Building] INFO  o.e.m.c.i.e.AbstractTransferListenerAdapter - Downloading https://repo.maven.apache.org/maven2/org/apache/maven/reporting/maven-reporting/2.0.6/maven-reporting-2.0.6.pom
2022-05-10 15:35:14,496 [Worker-33: Building] INFO  o.e.m.c.i.e.AbstractTransferListenerAdapter - Downloaded https://repo.maven.apache.org/maven2/org/apache/maven/reporting/maven-reporting/2.0.6/maven-reporting-2.0.6.pom
2022-05-10 15:35:15,368 [Worker-33: Building] INFO  o.e.m.c.i.e.AbstractTransferListenerAdapter - Downloading https://repo.maven.apache.org/maven2/org/apache/maven/doxia/doxia-sink-api/1.0-alpha-7/doxia-sink-api-1.0-alpha-7.pom
2022-05-10 15:35:16,189 [Worker-33: Building] INFO  o.e.m.c.i.e.AbstractTransferListenerAdapter - Downloaded https://repo.maven.apache.org/maven2/org/apache/maven/doxia/doxia-sink-api/1.0-alpha-7/doxia-sink-api-1.0-alpha-7.pom
2022-05-10 15:35:16,846 [Worker-33: Building] INFO  o.e.m.c.i.e.AbstractTransferListenerAdapter - Downloading https://repo.maven.apache.org/maven2/org/apache/maven/doxia/doxia/1.0-alpha-7/doxia-1.0-alpha-7.pom
2022-05-10 15:35:17,084 [Worker-33: Building] INFO  o.e.m.c.i.e.AbstractTransferListenerAdapter - Downloaded https://repo.maven.apache.org/maven2/org/apache/maven/doxia/doxia/1.0-alpha-7/doxia-1.0-alpha-7.pom
2022-05-10 15:35:17,313 [Worker-33: Building] INFO  o.e.m.c.i.e.AbstractTransferListenerAdapter - Downloading https://repo.maven.apache.org/maven2/org/apache/maven/maven-profile/2.0.6/maven-profile-2.0.6.pom
2022-05-10 15:35:17,566 [Worker-33: Building] INFO  o.e.m.c.i.e.AbstractTransferListenerAdapter - Downloaded https://repo.maven.apache.org/maven2/org/apache/maven/maven-profile/2.0.6/maven-profile-2.0.6.pom
2022-05-10 15:35:17,788 [Worker-33: Building] INFO  o.e.m.c.i.e.AbstractTransferListenerAdapter - Downloading https://repo.maven.apache.org/maven2/org/apache/maven/maven-artifact/2.0.6/maven-artifact-2.0.6.pom
2022-05-10 15:35:18,021 [Worker-33: Building] INFO  o.e.m.c.i.e.AbstractTransferListenerAdapter - Downloaded https://repo.maven.apache.org/maven2/org/apache/maven/maven-artifact/2.0.6/maven-artifact-2.0.6.pom
2022-05-10 15:35:18,238 [Worker-33: Building] INFO  o.e.m.c.i.e.AbstractTransferListenerAdapter - Downloading https://repo.maven.apache.org/maven2/org/apache/maven/maven-repository-metadata/2.0.6/maven-repository-metadata-2.0.6.pom
2022-05-10 15:35:18,488 [Worker-33: Building] INFO  o.e.m.c.i.e.AbstractTransferListenerAdapter - Downloaded https://repo.maven.apache.org/maven2/org/apache/maven/maven-repository-metadata/2.0.6/maven-repository-metadata-2.0.6.pom
2022-05-10 15:35:18,709 [Worker-33: Building] INFO  o.e.m.c.i.e.AbstractTransferListenerAdapter - Downloading https://repo.maven.apache.org/maven2/org/apache/maven/maven-error-diagnostics/2.0.6/maven-error-diagnostics-2.0.6.pom
2022-05-10 15:35:18,943 [Worker-33: Building] INFO  o.e.m.c.i.e.AbstractTransferListenerAdapter - Downloaded https://repo.maven.apache.org/maven2/org/apache/maven/maven-error-diagnostics/2.0.6/maven-error-diagnostics-2.0.6.pom
2022-05-10 15:35:19,166 [Worker-33: Building] INFO  o.e.m.c.i.e.AbstractTransferListenerAdapter - Downloading https://repo.maven.apache.org/maven2/org/apache/maven/maven-project/2.0.6/maven-project-2.0.6.pom
2022-05-10 15:35:19,414 [Worker-33: Building] INFO  o.e.m.c.i.e.AbstractTransferListenerAdapter - Downloaded https://repo.maven.apache.org/maven2/org/apache/maven/maven-project/2.0.6/maven-project-2.0.6.pom
2022-05-10 15:35:19,648 [Worker-33: Building] INFO  o.e.m.c.i.e.AbstractTransferListenerAdapter - Downloading https://repo.maven.apache.org/maven2/org/apache/maven/maven-artifact-manager/2.0.6/maven-artifact-manager-2.0.6.pom
2022-05-10 15:35:19,888 [Worker-33: Building] INFO  o.e.m.c.i.e.AbstractTransferListenerAdapter - Downloaded https://repo.maven.apache.org/maven2/org/apache/maven/maven-artifact-manager/2.0.6/maven-artifact-manager-2.0.6.pom
2022-05-10 15:35:20,124 [Worker-33: Building] INFO  o.e.m.c.i.e.AbstractTransferListenerAdapter - Downloading https://repo.maven.apache.org/maven2/org/apache/maven/maven-plugin-registry/2.0.6/maven-plugin-registry-2.0.6.pom
2022-05-10 15:35:20,354 [Worker-33: Building] INFO  o.e.m.c.i.e.AbstractTransferListenerAdapter - Downloaded https://repo.maven.apache.org/maven2/org/apache/maven/maven-plugin-registry/2.0.6/maven-plugin-registry-2.0.6.pom
2022-05-10 15:35:20,587 [Worker-33: Building] INFO  o.e.m.c.i.e.AbstractTransferListenerAdapter - Downloading https://repo.maven.apache.org/maven2/commons-cli/commons-cli/1.0/commons-cli-1.0.pom
2022-05-10 15:35:20,835 [Worker-33: Building] INFO  o.e.m.c.i.e.AbstractTransferListenerAdapter - Downloaded https://repo.maven.apache.org/maven2/commons-cli/commons-cli/1.0/commons-cli-1.0.pom
2022-05-10 15:35:21,086 [Worker-33: Building] INFO  o.e.m.c.i.e.AbstractTransferListenerAdapter - Downloading https://repo.maven.apache.org/maven2/org/apache/maven/maven-plugin-api/2.0.6/maven-plugin-api-2.0.6.pom
2022-05-10 15:35:21,368 [Worker-33: Building] INFO  o.e.m.c.i.e.AbstractTransferListenerAdapter - Downloaded https://repo.maven.apache.org/maven2/org/apache/maven/maven-plugin-api/2.0.6/maven-plugin-api-2.0.6.pom
2022-05-10 15:35:21,622 [Worker-33: Building] INFO  o.e.m.c.i.e.AbstractTransferListenerAdapter - Downloading https://repo.maven.apache.org/maven2/org/apache/maven/maven-plugin-descriptor/2.0.6/maven-plugin-descriptor-2.0.6.pom
2022-05-10 15:35:22,609 [Worker-33: Building] INFO  o.e.m.c.i.e.AbstractTransferListenerAdapter - Downloaded https://repo.maven.apache.org/maven2/org/apache/maven/maven-plugin-descriptor/2.0.6/maven-plugin-descriptor-2.0.6.pom
2022-05-10 15:35:22,836 [Worker-33: Building] INFO  o.e.m.c.i.e.AbstractTransferListenerAdapter - Downloading https://repo.maven.apache.org/maven2/org/codehaus/plexus/plexus-interactivity-api/1.0-alpha-4/plexus-interactivity-api-1.0-alpha-4.pom
2022-05-10 15:35:23,085 [Worker-33: Building] INFO  o.e.m.c.i.e.AbstractTransferListenerAdapter - Downloaded https://repo.maven.apache.org/maven2/org/codehaus/plexus/plexus-interactivity-api/1.0-alpha-4/plexus-interactivity-api-1.0-alpha-4.pom
2022-05-10 15:35:23,314 [Worker-33: Building] INFO  o.e.m.c.i.e.AbstractTransferListenerAdapter - Downloading https://repo.maven.apache.org/maven2/org/apache/maven/maven-monitor/2.0.6/maven-monitor-2.0.6.pom
2022-05-10 15:35:23,569 [Worker-33: Building] INFO  o.e.m.c.i.e.AbstractTransferListenerAdapter - Downloaded https://repo.maven.apache.org/maven2/org/apache/maven/maven-monitor/2.0.6/maven-monitor-2.0.6.pom
2022-05-10 15:35:23,811 [Worker-33: Building] INFO  o.e.m.c.i.e.AbstractTransferListenerAdapter - Downloading https://repo.maven.apache.org/maven2/classworlds/classworlds/1.1/classworlds-1.1.pom
2022-05-10 15:35:24,057 [Worker-33: Building] INFO  o.e.m.c.i.e.AbstractTransferListenerAdapter - Downloaded https://repo.maven.apache.org/maven2/classworlds/classworlds/1.1/classworlds-1.1.pom
2022-05-10 15:35:24,331 [Worker-33: Building] INFO  o.e.m.c.i.e.AbstractTransferListenerAdapter - Downloading https://repo.maven.apache.org/maven2/org/codehaus/plexus/plexus-component-annotations/1.5.5/plexus-component-annotations-1.5.5.pom
2022-05-10 15:35:24,576 [Worker-33: Building] INFO  o.e.m.c.i.e.AbstractTransferListenerAdapter - Downloaded https://repo.maven.apache.org/maven2/org/codehaus/plexus/plexus-component-annotations/1.5.5/plexus-component-annotations-1.5.5.pom
2022-05-10 15:35:24,808 [Worker-33: Building] INFO  o.e.m.c.i.e.AbstractTransferListenerAdapter - Downloading https://repo.maven.apache.org/maven2/org/codehaus/plexus/plexus-containers/1.5.5/plexus-containers-1.5.5.pom
2022-05-10 15:35:25,059 [Worker-33: Building] INFO  o.e.m.c.i.e.AbstractTransferListenerAdapter - Downloaded https://repo.maven.apache.org/maven2/org/codehaus/plexus/plexus-containers/1.5.5/plexus-containers-1.5.5.pom
2022-05-10 15:35:25,277 [Worker-33: Building] INFO  o.e.m.c.i.e.AbstractTransferListenerAdapter - Downloading https://repo.maven.apache.org/maven2/org/codehaus/plexus/plexus-compiler-api/2.4/plexus-compiler-api-2.4.pom
2022-05-10 15:35:25,539 [Worker-33: Building] INFO  o.e.m.c.i.e.AbstractTransferListenerAdapter - Downloaded https://repo.maven.apache.org/maven2/org/codehaus/plexus/plexus-compiler-api/2.4/plexus-compiler-api-2.4.pom
2022-05-10 15:35:25,757 [Worker-33: Building] INFO  o.e.m.c.i.e.AbstractTransferListenerAdapter - Downloading https://repo.maven.apache.org/maven2/org/codehaus/plexus/plexus-compiler/2.4/plexus-compiler-2.4.pom
2022-05-10 15:35:26,020 [Worker-33: Building] INFO  o.e.m.c.i.e.AbstractTransferListenerAdapter - Downloaded https://repo.maven.apache.org/maven2/org/codehaus/plexus/plexus-compiler/2.4/plexus-compiler-2.4.pom
2022-05-10 15:35:26,238 [Worker-33: Building] INFO  o.e.m.c.i.e.AbstractTransferListenerAdapter - Downloading https://repo.maven.apache.org/maven2/org/codehaus/plexus/plexus-compiler-manager/2.4/plexus-compiler-manager-2.4.pom
2022-05-10 15:35:26,607 [Worker-33: Building] INFO  o.e.m.c.i.e.AbstractTransferListenerAdapter - Downloaded https://repo.maven.apache.org/maven2/org/codehaus/plexus/plexus-compiler-manager/2.4/plexus-compiler-manager-2.4.pom
2022-05-10 15:35:26,852 [Worker-33: Building] INFO  o.e.m.c.i.e.AbstractTransferListenerAdapter - Downloading https://repo.maven.apache.org/maven2/org/codehaus/plexus/plexus-compiler-javac/2.4/plexus-compiler-javac-2.4.pom
2022-05-10 15:35:27,094 [Worker-33: Building] INFO  o.e.m.c.i.e.AbstractTransferListenerAdapter - Downloaded https://repo.maven.apache.org/maven2/org/codehaus/plexus/plexus-compiler-javac/2.4/plexus-compiler-javac-2.4.pom
2022-05-10 15:35:27,331 [Worker-33: Building] INFO  o.e.m.c.i.e.AbstractTransferListenerAdapter - Downloading https://repo.maven.apache.org/maven2/org/codehaus/plexus/plexus-compilers/2.4/plexus-compilers-2.4.pom
2022-05-10 15:35:27,786 [Worker-33: Building] INFO  o.e.m.c.i.e.AbstractTransferListenerAdapter - Downloaded https://repo.maven.apache.org/maven2/org/codehaus/plexus/plexus-compilers/2.4/plexus-compilers-2.4.pom
2022-05-10 15:35:28,040 [Worker-33: Building] INFO  o.e.m.c.i.e.AbstractTransferListenerAdapter - Downloading https://repo.maven.apache.org/maven2/org/codehaus/plexus/plexus-container-default/1.5.5/plexus-container-default-1.5.5.pom
2022-05-10 15:35:28,293 [Worker-33: Building] INFO  o.e.m.c.i.e.AbstractTransferListenerAdapter - Downloaded https://repo.maven.apache.org/maven2/org/codehaus/plexus/plexus-container-default/1.5.5/plexus-container-default-1.5.5.pom
2022-05-10 15:35:28,856 [Worker-33: Building] INFO  o.e.m.c.i.e.AbstractTransferListenerAdapter - Downloading https://repo.maven.apache.org/maven2/org/codehaus/plexus/plexus-utils/1.4.5/plexus-utils-1.4.5.pom
2022-05-10 15:35:29,209 [Worker-33: Building] INFO  o.e.m.c.i.e.AbstractTransferListenerAdapter - Downloaded https://repo.maven.apache.org/maven2/org/codehaus/plexus/plexus-utils/1.4.5/plexus-utils-1.4.5.pom
2022-05-10 15:35:29,709 [Worker-33: Building] INFO  o.e.m.c.i.e.AbstractTransferListenerAdapter - Downloading https://repo.maven.apache.org/maven2/org/codehaus/plexus/plexus-classworlds/2.2.2/plexus-classworlds-2.2.2.pom
2022-05-10 15:35:29,968 [Worker-33: Building] INFO  o.e.m.c.i.e.AbstractTransferListenerAdapter - Downloaded https://repo.maven.apache.org/maven2/org/codehaus/plexus/plexus-classworlds/2.2.2/plexus-classworlds-2.2.2.pom
2022-05-10 15:35:30,214 [Worker-33: Building] INFO  o.e.m.c.i.e.AbstractTransferListenerAdapter - Downloading https://repo.maven.apache.org/maven2/org/apache/xbean/xbean-reflect/3.4/xbean-reflect-3.4.pom
2022-05-10 15:35:30,458 [Worker-33: Building] INFO  o.e.m.c.i.e.AbstractTransferListenerAdapter - Downloaded https://repo.maven.apache.org/maven2/org/apache/xbean/xbean-reflect/3.4/xbean-reflect-3.4.pom
2022-05-10 15:35:30,810 [Worker-33: Building] INFO  o.e.m.c.i.e.AbstractTransferListenerAdapter - Downloading https://repo.maven.apache.org/maven2/org/apache/xbean/xbean/3.4/xbean-3.4.pom
2022-05-10 15:35:31,070 [Worker-33: Building] INFO  o.e.m.c.i.e.AbstractTransferListenerAdapter - Downloaded https://repo.maven.apache.org/maven2/org/apache/xbean/xbean/3.4/xbean-3.4.pom
2022-05-10 15:35:31,447 [Worker-33: Building] INFO  o.e.m.c.i.e.AbstractTransferListenerAdapter - Downloading https://repo.maven.apache.org/maven2/log4j/log4j/1.2.12/log4j-1.2.12.pom
2022-05-10 15:35:31,688 [Worker-33: Building] INFO  o.e.m.c.i.e.AbstractTransferListenerAdapter - Downloaded https://repo.maven.apache.org/maven2/log4j/log4j/1.2.12/log4j-1.2.12.pom
2022-05-10 15:35:31,931 [Worker-33: Building] INFO  o.e.m.c.i.e.AbstractTransferListenerAdapter - Downloading https://repo.maven.apache.org/maven2/commons-logging/commons-logging-api/1.1/commons-logging-api-1.1.pom
2022-05-10 15:35:32,171 [Worker-33: Building] INFO  o.e.m.c.i.e.AbstractTransferListenerAdapter - Downloaded https://repo.maven.apache.org/maven2/commons-logging/commons-logging-api/1.1/commons-logging-api-1.1.pom
2022-05-10 15:35:32,426 [Worker-33: Building] INFO  o.e.m.c.i.e.AbstractTransferListenerAdapter - Downloading https://repo.maven.apache.org/maven2/com/google/collections/google-collections/1.0/google-collections-1.0.pom
2022-05-10 15:35:32,687 [Worker-33: Building] INFO  o.e.m.c.i.e.AbstractTransferListenerAdapter - Downloaded https://repo.maven.apache.org/maven2/com/google/collections/google-collections/1.0/google-collections-1.0.pom
2022-05-10 15:35:32,939 [Worker-33: Building] INFO  o.e.m.c.i.e.AbstractTransferListenerAdapter - Downloading https://repo.maven.apache.org/maven2/com/google/google/1/google-1.pom
2022-05-10 15:35:33,173 [Worker-33: Building] INFO  o.e.m.c.i.e.AbstractTransferListenerAdapter - Downloaded https://repo.maven.apache.org/maven2/com/google/google/1/google-1.pom
2022-05-10 15:35:33,410 [Worker-33: Building] INFO  o.e.m.c.i.e.AbstractTransferListenerAdapter - Downloading https://repo.maven.apache.org/maven2/junit/junit/3.8.2/junit-3.8.2.pom
2022-05-10 15:35:33,690 [Worker-33: Building] INFO  o.e.m.c.i.e.AbstractTransferListenerAdapter - Downloaded https://repo.maven.apache.org/maven2/junit/junit/3.8.2/junit-3.8.2.pom
2022-05-10 15:35:33,929 [AetherRepositoryConnector-repo.maven.apache.org-3-0] INFO  o.e.m.c.i.e.AbstractTransferListenerAdapter - Downloading https://repo.maven.apache.org/maven2/org/apache/maven/maven-plugin-api/2.0.9/maven-plugin-api-2.0.9.jar
2022-05-10 15:35:33,989 [AetherRepositoryConnector-repo.maven.apache.org-3-3] INFO  o.e.m.c.i.e.AbstractTransferListenerAdapter - Downloading https://repo.maven.apache.org/maven2/org/apache/maven/maven-core/2.0.9/maven-core-2.0.9.jar
2022-05-10 15:35:34,405 [AetherRepositoryConnector-repo.maven.apache.org-3-1] INFO  o.e.m.c.i.e.AbstractTransferListenerAdapter - Downloading https://repo.maven.apache.org/maven2/org/apache/maven/maven-artifact/2.0.9/maven-artifact-2.0.9.jar
2022-05-10 15:35:34,405 [AetherRepositoryConnector-repo.maven.apache.org-3-4] INFO  o.e.m.c.i.e.AbstractTransferListenerAdapter - Downloading https://repo.maven.apache.org/maven2/org/apache/maven/maven-settings/2.0.9/maven-settings-2.0.9.jar
2022-05-10 15:35:34,405 [AetherRepositoryConnector-repo.maven.apache.org-3-2] INFO  o.e.m.c.i.e.AbstractTransferListenerAdapter - Downloading https://repo.maven.apache.org/maven2/org/codehaus/plexus/plexus-utils/1.5.1/plexus-utils-1.5.1.jar
2022-05-10 15:35:34,498 [AetherRepositoryConnector-repo.maven.apache.org-3-0] INFO  o.e.m.c.i.e.AbstractTransferListenerAdapter - Downloaded https://repo.maven.apache.org/maven2/org/apache/maven/maven-plugin-api/2.0.9/maven-plugin-api-2.0.9.jar
2022-05-10 15:35:34,992 [AetherRepositoryConnector-repo.maven.apache.org-3-0] INFO  o.e.m.c.i.e.AbstractTransferListenerAdapter - Downloading https://repo.maven.apache.org/maven2/org/apache/maven/maven-plugin-parameter-documenter/2.0.9/maven-plugin-parameter-documenter-2.0.9.jar
2022-05-10 15:35:36,321 [AetherRepositoryConnector-repo.maven.apache.org-3-0] INFO  o.e.m.c.i.e.AbstractTransferListenerAdapter - Downloaded https://repo.maven.apache.org/maven2/org/apache/maven/maven-plugin-parameter-documenter/2.0.9/maven-plugin-parameter-documenter-2.0.9.jar
2022-05-10 15:35:36,598 [AetherRepositoryConnector-repo.maven.apache.org-3-0] INFO  o.e.m.c.i.e.AbstractTransferListenerAdapter - Downloading https://repo.maven.apache.org/maven2/org/apache/maven/maven-profile/2.0.9/maven-profile-2.0.9.jar
2022-05-10 15:35:37,088 [AetherRepositoryConnector-repo.maven.apache.org-3-4] INFO  o.e.m.c.i.e.AbstractTransferListenerAdapter - Downloaded https://repo.maven.apache.org/maven2/org/apache/maven/maven-settings/2.0.9/maven-settings-2.0.9.jar
2022-05-10 15:35:37,177 [AetherRepositoryConnector-repo.maven.apache.org-3-3] INFO  o.e.m.c.i.e.AbstractTransferListenerAdapter - Downloaded https://repo.maven.apache.org/maven2/org/apache/maven/maven-core/2.0.9/maven-core-2.0.9.jar
2022-05-10 15:35:37,399 [AetherRepositoryConnector-repo.maven.apache.org-3-1] INFO  o.e.m.c.i.e.AbstractTransferListenerAdapter - Downloaded https://repo.maven.apache.org/maven2/org/apache/maven/maven-artifact/2.0.9/maven-artifact-2.0.9.jar
2022-05-10 15:35:37,530 [AetherRepositoryConnector-repo.maven.apache.org-3-4] INFO  o.e.m.c.i.e.AbstractTransferListenerAdapter - Downloading https://repo.maven.apache.org/maven2/org/apache/maven/maven-model/2.0.9/maven-model-2.0.9.jar
2022-05-10 15:35:37,582 [AetherRepositoryConnector-repo.maven.apache.org-3-3] INFO  o.e.m.c.i.e.AbstractTransferListenerAdapter - Downloading https://repo.maven.apache.org/maven2/org/apache/maven/maven-repository-metadata/2.0.9/maven-repository-metadata-2.0.9.jar
2022-05-10 15:35:37,728 [AetherRepositoryConnector-repo.maven.apache.org-3-0] INFO  o.e.m.c.i.e.AbstractTransferListenerAdapter - Downloaded https://repo.maven.apache.org/maven2/org/apache/maven/maven-profile/2.0.9/maven-profile-2.0.9.jar
2022-05-10 15:35:37,728 [AetherRepositoryConnector-repo.maven.apache.org-3-1] INFO  o.e.m.c.i.e.AbstractTransferListenerAdapter - Downloading https://repo.maven.apache.org/maven2/org/apache/maven/maven-error-diagnostics/2.0.9/maven-error-diagnostics-2.0.9.jar
2022-05-10 15:35:37,989 [AetherRepositoryConnector-repo.maven.apache.org-3-0] INFO  o.e.m.c.i.e.AbstractTransferListenerAdapter - Downloading https://repo.maven.apache.org/maven2/org/apache/maven/maven-project/2.0.9/maven-project-2.0.9.jar
2022-05-10 15:35:38,276 [AetherRepositoryConnector-repo.maven.apache.org-3-1] INFO  o.e.m.c.i.e.AbstractTransferListenerAdapter - Downloaded https://repo.maven.apache.org/maven2/org/apache/maven/maven-error-diagnostics/2.0.9/maven-error-diagnostics-2.0.9.jar
2022-05-10 15:35:38,363 [AetherRepositoryConnector-repo.maven.apache.org-3-3] INFO  o.e.m.c.i.e.AbstractTransferListenerAdapter - Downloaded https://repo.maven.apache.org/maven2/org/apache/maven/maven-repository-metadata/2.0.9/maven-repository-metadata-2.0.9.jar
2022-05-10 15:35:38,449 [AetherRepositoryConnector-repo.maven.apache.org-3-2] INFO  o.e.m.c.i.e.AbstractTransferListenerAdapter - Downloaded https://repo.maven.apache.org/maven2/org/codehaus/plexus/plexus-utils/1.5.1/plexus-utils-1.5.1.jar
2022-05-10 15:35:38,514 [AetherRepositoryConnector-repo.maven.apache.org-3-1] INFO  o.e.m.c.i.e.AbstractTransferListenerAdapter - Downloading https://repo.maven.apache.org/maven2/org/apache/maven/maven-plugin-registry/2.0.9/maven-plugin-registry-2.0.9.jar
2022-05-10 15:35:38,617 [AetherRepositoryConnector-repo.maven.apache.org-3-3] INFO  o.e.m.c.i.e.AbstractTransferListenerAdapter - Downloading https://repo.maven.apache.org/maven2/org/apache/maven/maven-plugin-descriptor/2.0.9/maven-plugin-descriptor-2.0.9.jar
2022-05-10 15:35:38,708 [AetherRepositoryConnector-repo.maven.apache.org-3-2] INFO  o.e.m.c.i.e.AbstractTransferListenerAdapter - Downloading https://repo.maven.apache.org/maven2/org/apache/maven/maven-artifact-manager/2.0.9/maven-artifact-manager-2.0.9.jar
2022-05-10 15:35:38,897 [AetherRepositoryConnector-repo.maven.apache.org-3-4] INFO  o.e.m.c.i.e.AbstractTransferListenerAdapter - Downloaded https://repo.maven.apache.org/maven2/org/apache/maven/maven-model/2.0.9/maven-model-2.0.9.jar
2022-05-10 15:35:39,128 [AetherRepositoryConnector-repo.maven.apache.org-3-4] INFO  o.e.m.c.i.e.AbstractTransferListenerAdapter - Downloading https://repo.maven.apache.org/maven2/org/apache/maven/maven-monitor/2.0.9/maven-monitor-2.0.9.jar
2022-05-10 15:35:39,333 [AetherRepositoryConnector-repo.maven.apache.org-3-1] INFO  o.e.m.c.i.e.AbstractTransferListenerAdapter - Downloaded https://repo.maven.apache.org/maven2/org/apache/maven/maven-plugin-registry/2.0.9/maven-plugin-registry-2.0.9.jar
2022-05-10 15:35:39,419 [AetherRepositoryConnector-repo.maven.apache.org-3-3] INFO  o.e.m.c.i.e.AbstractTransferListenerAdapter - Downloaded https://repo.maven.apache.org/maven2/org/apache/maven/maven-plugin-descriptor/2.0.9/maven-plugin-descriptor-2.0.9.jar
2022-05-10 15:35:39,464 [AetherRepositoryConnector-repo.maven.apache.org-3-0] INFO  o.e.m.c.i.e.AbstractTransferListenerAdapter - Downloaded https://repo.maven.apache.org/maven2/org/apache/maven/maven-project/2.0.9/maven-project-2.0.9.jar
2022-05-10 15:35:39,605 [AetherRepositoryConnector-repo.maven.apache.org-3-1] INFO  o.e.m.c.i.e.AbstractTransferListenerAdapter - Downloading https://repo.maven.apache.org/maven2/org/apache/maven/maven-toolchain/1.0/maven-toolchain-1.0.jar
2022-05-10 15:35:39,676 [AetherRepositoryConnector-repo.maven.apache.org-3-4] INFO  o.e.m.c.i.e.AbstractTransferListenerAdapter - Downloaded https://repo.maven.apache.org/maven2/org/apache/maven/maven-monitor/2.0.9/maven-monitor-2.0.9.jar
2022-05-10 15:35:39,676 [AetherRepositoryConnector-repo.maven.apache.org-3-2] INFO  o.e.m.c.i.e.AbstractTransferListenerAdapter - Downloaded https://repo.maven.apache.org/maven2/org/apache/maven/maven-artifact-manager/2.0.9/maven-artifact-manager-2.0.9.jar
2022-05-10 15:35:39,731 [AetherRepositoryConnector-repo.maven.apache.org-3-3] INFO  o.e.m.c.i.e.AbstractTransferListenerAdapter - Downloading https://repo.maven.apache.org/maven2/org/apache/maven/shared/maven-shared-utils/0.1/maven-shared-utils-0.1.jar
2022-05-10 15:35:40,439 [AetherRepositoryConnector-repo.maven.apache.org-3-0] INFO  o.e.m.c.i.e.AbstractTransferListenerAdapter - Downloading https://repo.maven.apache.org/maven2/org/codehaus/plexus/plexus-component-annotations/1.5.5/plexus-component-annotations-1.5.5.jar
2022-05-10 15:35:40,451 [AetherRepositoryConnector-repo.maven.apache.org-3-2] INFO  o.e.m.c.i.e.AbstractTransferListenerAdapter - Downloading https://repo.maven.apache.org/maven2/org/codehaus/plexus/plexus-compiler-api/2.4/plexus-compiler-api-2.4.jar
2022-05-10 15:35:40,453 [AetherRepositoryConnector-repo.maven.apache.org-3-1] INFO  o.e.m.c.i.e.AbstractTransferListenerAdapter - Downloaded https://repo.maven.apache.org/maven2/org/apache/maven/maven-toolchain/1.0/maven-toolchain-1.0.jar
2022-05-10 15:35:40,500 [AetherRepositoryConnector-repo.maven.apache.org-3-4] INFO  o.e.m.c.i.e.AbstractTransferListenerAdapter - Downloading https://repo.maven.apache.org/maven2/org/codehaus/plexus/plexus-compiler-manager/2.4/plexus-compiler-manager-2.4.jar
2022-05-10 15:35:40,696 [AetherRepositoryConnector-repo.maven.apache.org-3-3] INFO  o.e.m.c.i.e.AbstractTransferListenerAdapter - Downloaded https://repo.maven.apache.org/maven2/org/apache/maven/shared/maven-shared-utils/0.1/maven-shared-utils-0.1.jar
2022-05-10 15:35:40,789 [AetherRepositoryConnector-repo.maven.apache.org-3-1] INFO  o.e.m.c.i.e.AbstractTransferListenerAdapter - Downloading https://repo.maven.apache.org/maven2/org/codehaus/plexus/plexus-compiler-javac/2.4/plexus-compiler-javac-2.4.jar
2022-05-10 15:35:40,807 [AetherRepositoryConnector-repo.maven.apache.org-3-0] INFO  o.e.m.c.i.e.AbstractTransferListenerAdapter - Downloaded https://repo.maven.apache.org/maven2/org/codehaus/plexus/plexus-component-annotations/1.5.5/plexus-component-annotations-1.5.5.jar
2022-05-10 15:35:40,919 [AetherRepositoryConnector-repo.maven.apache.org-3-2] INFO  o.e.m.c.i.e.AbstractTransferListenerAdapter - Downloaded https://repo.maven.apache.org/maven2/org/codehaus/plexus/plexus-compiler-api/2.4/plexus-compiler-api-2.4.jar
2022-05-10 15:35:40,919 [AetherRepositoryConnector-repo.maven.apache.org-3-4] INFO  o.e.m.c.i.e.AbstractTransferListenerAdapter - Downloaded https://repo.maven.apache.org/maven2/org/codehaus/plexus/plexus-compiler-manager/2.4/plexus-compiler-manager-2.4.jar
2022-05-10 15:35:40,981 [AetherRepositoryConnector-repo.maven.apache.org-3-3] INFO  o.e.m.c.i.e.AbstractTransferListenerAdapter - Downloading https://repo.maven.apache.org/maven2/org/codehaus/plexus/plexus-container-default/1.5.5/plexus-container-default-1.5.5.jar
2022-05-10 15:35:42,816 [AetherRepositoryConnector-repo.maven.apache.org-3-0] INFO  o.e.m.c.i.e.AbstractTransferListenerAdapter - Downloading https://repo.maven.apache.org/maven2/org/codehaus/plexus/plexus-classworlds/2.2.2/plexus-classworlds-2.2.2.jar
2022-05-10 15:35:43,296 [AetherRepositoryConnector-repo.maven.apache.org-3-1] INFO  o.e.m.c.i.e.AbstractTransferListenerAdapter - Downloaded https://repo.maven.apache.org/maven2/org/codehaus/plexus/plexus-compiler-javac/2.4/plexus-compiler-javac-2.4.jar
2022-05-10 15:35:43,423 [AetherRepositoryConnector-repo.maven.apache.org-3-4] INFO  o.e.m.c.i.e.AbstractTransferListenerAdapter - Downloading https://repo.maven.apache.org/maven2/log4j/log4j/1.2.12/log4j-1.2.12.jar
2022-05-10 15:35:43,496 [AetherRepositoryConnector-repo.maven.apache.org-3-2] INFO  o.e.m.c.i.e.AbstractTransferListenerAdapter - Downloading https://repo.maven.apache.org/maven2/org/apache/xbean/xbean-reflect/3.4/xbean-reflect-3.4.jar
2022-05-10 15:35:46,225 [AetherRepositoryConnector-repo.maven.apache.org-3-3] INFO  o.e.m.c.i.e.AbstractTransferListenerAdapter - Downloaded https://repo.maven.apache.org/maven2/org/codehaus/plexus/plexus-container-default/1.5.5/plexus-container-default-1.5.5.jar
2022-05-10 15:35:47,829 [AetherRepositoryConnector-repo.maven.apache.org-3-1] INFO  o.e.m.c.i.e.AbstractTransferListenerAdapter - Downloading https://repo.maven.apache.org/maven2/commons-logging/commons-logging-api/1.1/commons-logging-api-1.1.jar
2022-05-10 15:35:47,966 [AetherRepositoryConnector-repo.maven.apache.org-3-0] INFO  o.e.m.c.i.e.AbstractTransferListenerAdapter - Downloaded https://repo.maven.apache.org/maven2/org/codehaus/plexus/plexus-classworlds/2.2.2/plexus-classworlds-2.2.2.jar
2022-05-10 15:35:48,015 [AetherRepositoryConnector-repo.maven.apache.org-3-3] INFO  o.e.m.c.i.e.AbstractTransferListenerAdapter - Downloading https://repo.maven.apache.org/maven2/com/google/collections/google-collections/1.0/google-collections-1.0.jar
2022-05-10 15:35:49,699 [AetherRepositoryConnector-repo.maven.apache.org-3-2] INFO  o.e.m.c.i.e.AbstractTransferListenerAdapter - Downloaded https://repo.maven.apache.org/maven2/org/apache/xbean/xbean-reflect/3.4/xbean-reflect-3.4.jar
2022-05-10 15:35:50,842 [AetherRepositoryConnector-repo.maven.apache.org-3-0] INFO  o.e.m.c.i.e.AbstractTransferListenerAdapter - Downloading https://repo.maven.apache.org/maven2/junit/junit/3.8.2/junit-3.8.2.jar
2022-05-10 15:35:50,848 [AetherRepositoryConnector-repo.maven.apache.org-3-1] INFO  o.e.m.c.i.e.AbstractTransferListenerAdapter - Downloaded https://repo.maven.apache.org/maven2/commons-logging/commons-logging-api/1.1/commons-logging-api-1.1.jar
2022-05-10 15:35:50,848 [AetherRepositoryConnector-repo.maven.apache.org-3-4] INFO  o.e.m.c.i.e.AbstractTransferListenerAdapter - Downloaded https://repo.maven.apache.org/maven2/log4j/log4j/1.2.12/log4j-1.2.12.jar
2022-05-10 15:35:52,173 [AetherRepositoryConnector-repo.maven.apache.org-3-0] INFO  o.e.m.c.i.e.AbstractTransferListenerAdapter - Downloaded https://repo.maven.apache.org/maven2/junit/junit/3.8.2/junit-3.8.2.jar
2022-05-10 15:35:52,384 [AetherRepositoryConnector-repo.maven.apache.org-3-3] INFO  o.e.m.c.i.e.AbstractTransferListenerAdapter - Downloaded https://repo.maven.apache.org/maven2/com/google/collections/google-collections/1.0/google-collections-1.0.jar
2022-05-10 15:35:54,135 [Worker-33: Building] INFO  o.e.m.c.i.l.LifecycleMappingFactory - Using org.eclipse.m2e.jdt.JarLifecycleMapping lifecycle mapping for MavenProject: com.comapany:projects:0.0.1-SNAPSHOT @ A:\Documents\Training\Spring\eclipse-workspace\projects\pom.xml.
2022-05-10 15:35:56,009 [Worker-33: Building] INFO  o.e.m.c.i.e.AbstractTransferListenerAdapter - Downloading https://repo.maven.apache.org/maven2/org/springframework/spring-core/4.3.6.RELEASE/spring-core-4.3.6.RELEASE.pom
2022-05-10 15:35:56,422 [Worker-33: Building] INFO  o.e.m.c.i.e.AbstractTransferListenerAdapter - Downloaded https://repo.maven.apache.org/maven2/org/springframework/spring-core/4.3.6.RELEASE/spring-core-4.3.6.RELEASE.pom
2022-05-10 15:35:56,637 [Worker-33: Building] INFO  o.e.m.c.i.e.AbstractTransferListenerAdapter - Downloading https://repo.maven.apache.org/maven2/commons-logging/commons-logging/1.2/commons-logging-1.2.pom
2022-05-10 15:35:56,934 [Worker-33: Building] INFO  o.e.m.c.i.e.AbstractTransferListenerAdapter - Downloaded https://repo.maven.apache.org/maven2/commons-logging/commons-logging/1.2/commons-logging-1.2.pom
2022-05-10 15:35:57,156 [Worker-33: Building] INFO  o.e.m.c.i.e.AbstractTransferListenerAdapter - Downloading https://repo.maven.apache.org/maven2/org/apache/commons/commons-parent/34/commons-parent-34.pom
2022-05-10 15:35:57,609 [Worker-33: Building] INFO  o.e.m.c.i.e.AbstractTransferListenerAdapter - Downloaded https://repo.maven.apache.org/maven2/org/apache/commons/commons-parent/34/commons-parent-34.pom
2022-05-10 15:35:57,862 [Worker-33: Building] INFO  o.e.m.c.i.e.AbstractTransferListenerAdapter - Downloading https://repo.maven.apache.org/maven2/org/springframework/spring-context/4.3.6.RELEASE/spring-context-4.3.6.RELEASE.pom
2022-05-10 15:35:58,131 [Worker-33: Building] INFO  o.e.m.c.i.e.AbstractTransferListenerAdapter - Downloaded https://repo.maven.apache.org/maven2/org/springframework/spring-context/4.3.6.RELEASE/spring-context-4.3.6.RELEASE.pom
2022-05-10 15:35:58,355 [Worker-33: Building] INFO  o.e.m.c.i.e.AbstractTransferListenerAdapter - Downloading https://repo.maven.apache.org/maven2/org/springframework/spring-aop/4.3.6.RELEASE/spring-aop-4.3.6.RELEASE.pom
2022-05-10 15:35:58,650 [Worker-33: Building] INFO  o.e.m.c.i.e.AbstractTransferListenerAdapter - Downloaded https://repo.maven.apache.org/maven2/org/springframework/spring-aop/4.3.6.RELEASE/spring-aop-4.3.6.RELEASE.pom
2022-05-10 15:35:58,877 [Worker-33: Building] INFO  o.e.m.c.i.e.AbstractTransferListenerAdapter - Downloading https://repo.maven.apache.org/maven2/org/springframework/spring-beans/4.3.6.RELEASE/spring-beans-4.3.6.RELEASE.pom
2022-05-10 15:35:59,088 [Worker-33: Building] INFO  o.e.m.c.i.e.AbstractTransferListenerAdapter - Downloaded https://repo.maven.apache.org/maven2/org/springframework/spring-beans/4.3.6.RELEASE/spring-beans-4.3.6.RELEASE.pom
2022-05-10 15:35:59,315 [Worker-33: Building] INFO  o.e.m.c.i.e.AbstractTransferListenerAdapter - Downloading https://repo.maven.apache.org/maven2/org/springframework/spring-expression/4.3.6.RELEASE/spring-expression-4.3.6.RELEASE.pom
2022-05-10 15:35:59,571 [Worker-33: Building] INFO  o.e.m.c.i.e.AbstractTransferListenerAdapter - Downloaded https://repo.maven.apache.org/maven2/org/springframework/spring-expression/4.3.6.RELEASE/spring-expression-4.3.6.RELEASE.pom
2022-05-10 15:35:59,809 [AetherRepositoryConnector-repo.maven.apache.org-4-2] INFO  o.e.m.c.i.e.AbstractTransferListenerAdapter - Downloading https://repo.maven.apache.org/maven2/org/springframework/spring-context/4.3.6.RELEASE/spring-context-4.3.6.RELEASE.jar
2022-05-10 15:36:00,134 [AetherRepositoryConnector-repo.maven.apache.org-4-4] INFO  o.e.m.c.i.e.AbstractTransferListenerAdapter - Downloading https://repo.maven.apache.org/maven2/org/springframework/spring-beans/4.3.6.RELEASE/spring-beans-4.3.6.RELEASE.jar
2022-05-10 15:36:00,134 [AetherRepositoryConnector-repo.maven.apache.org-4-3] INFO  o.e.m.c.i.e.AbstractTransferListenerAdapter - Downloading https://repo.maven.apache.org/maven2/org/springframework/spring-aop/4.3.6.RELEASE/spring-aop-4.3.6.RELEASE.jar
2022-05-10 15:36:00,134 [AetherRepositoryConnector-repo.maven.apache.org-4-0] INFO  o.e.m.c.i.e.AbstractTransferListenerAdapter - Downloading https://repo.maven.apache.org/maven2/org/springframework/spring-core/4.3.6.RELEASE/spring-core-4.3.6.RELEASE.jar
2022-05-10 15:36:00,134 [AetherRepositoryConnector-repo.maven.apache.org-4-1] INFO  o.e.m.c.i.e.AbstractTransferListenerAdapter - Downloading https://repo.maven.apache.org/maven2/commons-logging/commons-logging/1.2/commons-logging-1.2.jar
2022-05-10 15:36:02,263 [AetherRepositoryConnector-repo.maven.apache.org-4-1] INFO  o.e.m.c.i.e.AbstractTransferListenerAdapter - Downloaded https://repo.maven.apache.org/maven2/commons-logging/commons-logging/1.2/commons-logging-1.2.jar
2022-05-10 15:36:03,935 [AetherRepositoryConnector-repo.maven.apache.org-4-1] INFO  o.e.m.c.i.e.AbstractTransferListenerAdapter - Downloading https://repo.maven.apache.org/maven2/org/springframework/spring-expression/4.3.6.RELEASE/spring-expression-4.3.6.RELEASE.jar
2022-05-10 15:36:11,009 [AetherRepositoryConnector-repo.maven.apache.org-4-3] INFO  o.e.m.c.i.e.AbstractTransferListenerAdapter - Downloaded https://repo.maven.apache.org/maven2/org/springframework/spring-aop/4.3.6.RELEASE/spring-aop-4.3.6.RELEASE.jar
2022-05-10 15:36:13,859 [AetherRepositoryConnector-repo.maven.apache.org-4-1] INFO  o.e.m.c.i.e.AbstractTransferListenerAdapter - Downloaded https://repo.maven.apache.org/maven2/org/springframework/spring-expression/4.3.6.RELEASE/spring-expression-4.3.6.RELEASE.jar
2022-05-10 15:36:16,444 [AetherRepositoryConnector-repo.maven.apache.org-4-2] INFO  o.e.m.c.i.e.AbstractTransferListenerAdapter - Downloaded https://repo.maven.apache.org/maven2/org/springframework/spring-context/4.3.6.RELEASE/spring-context-4.3.6.RELEASE.jar
2022-05-10 15:36:16,445 [AetherRepositoryConnector-repo.maven.apache.org-4-4] INFO  o.e.m.c.i.e.AbstractTransferListenerAdapter - Downloaded https://repo.maven.apache.org/maven2/org/springframework/spring-beans/4.3.6.RELEASE/spring-beans-4.3.6.RELEASE.jar
2022-05-10 15:36:16,673 [AetherRepositoryConnector-repo.maven.apache.org-4-0] INFO  o.e.m.c.i.e.AbstractTransferListenerAdapter - Downloaded https://repo.maven.apache.org/maven2/org/springframework/spring-core/4.3.6.RELEASE/spring-core-4.3.6.RELEASE.jar
2022-05-10 15:36:17,257 [Worker-33: Building] INFO  o.e.m.c.i.e.AbstractTransferListenerAdapter - Downloading https://repo.maven.apache.org/maven2/org/apache/maven/plugins/maven-resources-plugin/2.6/maven-resources-plugin-2.6.pom
2022-05-10 15:36:17,496 [Worker-33: Building] INFO  o.e.m.c.i.e.AbstractTransferListenerAdapter - Downloaded https://repo.maven.apache.org/maven2/org/apache/maven/plugins/maven-resources-plugin/2.6/maven-resources-plugin-2.6.pom
2022-05-10 15:36:17,729 [Worker-33: Building] INFO  o.e.m.c.i.e.AbstractTransferListenerAdapter - Downloading https://repo.maven.apache.org/maven2/org/apache/maven/plugins/maven-plugins/23/maven-plugins-23.pom
2022-05-10 15:36:17,979 [Worker-33: Building] INFO  o.e.m.c.i.e.AbstractTransferListenerAdapter - Downloaded https://repo.maven.apache.org/maven2/org/apache/maven/plugins/maven-plugins/23/maven-plugins-23.pom
2022-05-10 15:36:18,219 [Worker-33: Building] INFO  o.e.m.c.i.e.AbstractTransferListenerAdapter - Downloading https://repo.maven.apache.org/maven2/org/apache/maven/plugins/maven-jar-plugin/2.4/maven-jar-plugin-2.4.pom
2022-05-10 15:36:18,450 [Worker-33: Building] INFO  o.e.m.c.i.e.AbstractTransferListenerAdapter - Downloaded https://repo.maven.apache.org/maven2/org/apache/maven/plugins/maven-jar-plugin/2.4/maven-jar-plugin-2.4.pom
2022-05-10 15:36:18,694 [Worker-33: Building] INFO  o.e.m.c.i.e.AbstractTransferListenerAdapter - Downloading https://repo.maven.apache.org/maven2/org/apache/maven/plugins/maven-plugins/22/maven-plugins-22.pom
2022-05-10 15:36:18,917 [Worker-34: Download sources and javadoc] INFO  o.e.m.c.i.e.AbstractTransferListenerAdapter - Downloading https://repo.maven.apache.org/maven2/org/springframework/spring-core/4.3.6.RELEASE/spring-core-4.3.6.RELEASE-sources.jar
2022-05-10 15:36:18,944 [Worker-33: Building] INFO  o.e.m.c.i.e.AbstractTransferListenerAdapter - Downloaded https://repo.maven.apache.org/maven2/org/apache/maven/plugins/maven-plugins/22/maven-plugins-22.pom
2022-05-10 15:36:19,448 [Worker-33: Building] INFO  o.e.m.c.i.e.AbstractTransferListenerAdapter - Downloading https://repo.maven.apache.org/maven2/org/apache/maven/shared/maven-filtering/1.1/maven-filtering-1.1.pom
2022-05-10 15:36:19,869 [Worker-33: Building] INFO  o.e.m.c.i.e.AbstractTransferListenerAdapter - Downloaded https://repo.maven.apache.org/maven2/org/apache/maven/shared/maven-filtering/1.1/maven-filtering-1.1.pom
2022-05-10 15:36:20,301 [Worker-33: Building] INFO  o.e.m.c.i.e.AbstractTransferListenerAdapter - Downloading https://repo.maven.apache.org/maven2/org/codehaus/plexus/plexus-interpolation/1.12/plexus-interpolation-1.12.pom
2022-05-10 15:36:20,664 [Worker-33: Building] INFO  o.e.m.c.i.e.AbstractTransferListenerAdapter - Downloaded https://repo.maven.apache.org/maven2/org/codehaus/plexus/plexus-interpolation/1.12/plexus-interpolation-1.12.pom
2022-05-10 15:36:21,046 [Worker-33: Building] INFO  o.e.m.c.i.e.AbstractTransferListenerAdapter - Downloading https://repo.maven.apache.org/maven2/org/sonatype/plexus/plexus-build-api/0.0.4/plexus-build-api-0.0.4.pom
2022-05-10 15:36:21,311 [Worker-33: Building] INFO  o.e.m.c.i.e.AbstractTransferListenerAdapter - Downloaded https://repo.maven.apache.org/maven2/org/sonatype/plexus/plexus-build-api/0.0.4/plexus-build-api-0.0.4.pom
2022-05-10 15:36:21,700 [Worker-33: Building] INFO  o.e.m.c.i.e.AbstractTransferListenerAdapter - Downloading https://repo.maven.apache.org/maven2/org/sonatype/spice/spice-parent/10/spice-parent-10.pom
2022-05-10 15:36:21,914 [Worker-33: Building] INFO  o.e.m.c.i.e.AbstractTransferListenerAdapter - Downloaded https://repo.maven.apache.org/maven2/org/sonatype/spice/spice-parent/10/spice-parent-10.pom
2022-05-10 15:36:22,014 [Worker-34: Download sources and javadoc] INFO  o.e.m.c.i.e.AbstractTransferListenerAdapter - Downloaded https://repo.maven.apache.org/maven2/org/springframework/spring-core/4.3.6.RELEASE/spring-core-4.3.6.RELEASE-sources.jar
2022-05-10 15:36:22,065 [Worker-34: Download sources and javadoc] INFO  o.e.m.j.internal.DownloadSourcesJob - Downloaded sources for org.springframework:spring-core:4.3.6.RELEASE
2022-05-10 15:36:22,138 [Worker-33: Building] INFO  o.e.m.c.i.e.AbstractTransferListenerAdapter - Downloading https://repo.maven.apache.org/maven2/org/sonatype/forge/forge-parent/3/forge-parent-3.pom
2022-05-10 15:36:22,372 [Worker-33: Building] INFO  o.e.m.c.i.e.AbstractTransferListenerAdapter - Downloaded https://repo.maven.apache.org/maven2/org/sonatype/forge/forge-parent/3/forge-parent-3.pom
2022-05-10 15:36:22,599 [Worker-33: Building] INFO  o.e.m.c.i.e.AbstractTransferListenerAdapter - Downloading https://repo.maven.apache.org/maven2/org/codehaus/plexus/plexus-interpolation/1.13/plexus-interpolation-1.13.pom
2022-05-10 15:36:22,844 [Worker-33: Building] INFO  o.e.m.c.i.e.AbstractTransferListenerAdapter - Downloaded https://repo.maven.apache.org/maven2/org/codehaus/plexus/plexus-interpolation/1.13/plexus-interpolation-1.13.pom
2022-05-10 15:36:22,972 [Worker-34: Download sources and javadoc] INFO  o.e.m.c.i.e.AbstractTransferListenerAdapter - Downloading https://repo.maven.apache.org/maven2/commons-logging/commons-logging/1.2/commons-logging-1.2-sources.jar
2022-05-10 15:36:23,097 [AetherRepositoryConnector-repo.maven.apache.org-5-3] INFO  o.e.m.c.i.e.AbstractTransferListenerAdapter - Downloading https://repo.maven.apache.org/maven2/org/apache/maven/maven-artifact-manager/2.0.6/maven-artifact-manager-2.0.6.jar
2022-05-10 15:36:23,168 [AetherRepositoryConnector-repo.maven.apache.org-5-2] INFO  o.e.m.c.i.e.AbstractTransferListenerAdapter - Downloading https://repo.maven.apache.org/maven2/org/apache/maven/maven-profile/2.0.6/maven-profile-2.0.6.jar
2022-05-10 15:36:23,168 [AetherRepositoryConnector-repo.maven.apache.org-5-4] INFO  o.e.m.c.i.e.AbstractTransferListenerAdapter - Downloading https://repo.maven.apache.org/maven2/org/apache/maven/maven-plugin-registry/2.0.6/maven-plugin-registry-2.0.6.jar
2022-05-10 15:36:23,529 [AetherRepositoryConnector-repo.maven.apache.org-5-1] INFO  o.e.m.c.i.e.AbstractTransferListenerAdapter - Downloading https://repo.maven.apache.org/maven2/org/apache/maven/maven-project/2.0.6/maven-project-2.0.6.jar
2022-05-10 15:36:23,529 [AetherRepositoryConnector-repo.maven.apache.org-5-0] INFO  o.e.m.c.i.e.AbstractTransferListenerAdapter - Downloading https://repo.maven.apache.org/maven2/org/apache/maven/maven-plugin-api/2.0.6/maven-plugin-api-2.0.6.jar
2022-05-10 15:36:23,853 [Worker-34: Download sources and javadoc] INFO  o.e.m.c.i.e.AbstractTransferListenerAdapter - Downloaded https://repo.maven.apache.org/maven2/commons-logging/commons-logging/1.2/commons-logging-1.2-sources.jar
2022-05-10 15:36:23,853 [AetherRepositoryConnector-repo.maven.apache.org-5-4] INFO  o.e.m.c.i.e.AbstractTransferListenerAdapter - Downloaded https://repo.maven.apache.org/maven2/org/apache/maven/maven-plugin-registry/2.0.6/maven-plugin-registry-2.0.6.jar
2022-05-10 15:36:23,854 [AetherRepositoryConnector-repo.maven.apache.org-5-3] INFO  o.e.m.c.i.e.AbstractTransferListenerAdapter - Downloaded https://repo.maven.apache.org/maven2/org/apache/maven/maven-artifact-manager/2.0.6/maven-artifact-manager-2.0.6.jar
2022-05-10 15:36:23,854 [AetherRepositoryConnector-repo.maven.apache.org-5-2] INFO  o.e.m.c.i.e.AbstractTransferListenerAdapter - Downloaded https://repo.maven.apache.org/maven2/org/apache/maven/maven-profile/2.0.6/maven-profile-2.0.6.jar
2022-05-10 15:36:23,859 [AetherRepositoryConnector-repo.maven.apache.org-5-0] INFO  o.e.m.c.i.e.AbstractTransferListenerAdapter - Downloaded https://repo.maven.apache.org/maven2/org/apache/maven/maven-plugin-api/2.0.6/maven-plugin-api-2.0.6.jar
2022-05-10 15:36:23,879 [Worker-34: Download sources and javadoc] INFO  o.e.m.j.internal.DownloadSourcesJob - Downloaded sources for commons-logging:commons-logging:1.2
2022-05-10 15:36:24,095 [AetherRepositoryConnector-repo.maven.apache.org-5-4] INFO  o.e.m.c.i.e.AbstractTransferListenerAdapter - Downloading https://repo.maven.apache.org/maven2/org/apache/maven/maven-core/2.0.6/maven-core-2.0.6.jar
2022-05-10 15:36:24,345 [AetherRepositoryConnector-repo.maven.apache.org-5-1] INFO  o.e.m.c.i.e.AbstractTransferListenerAdapter - Downloaded https://repo.maven.apache.org/maven2/org/apache/maven/maven-project/2.0.6/maven-project-2.0.6.jar
2022-05-10 15:36:24,351 [AetherRepositoryConnector-repo.maven.apache.org-5-0] INFO  o.e.m.c.i.e.AbstractTransferListenerAdapter - Downloading https://repo.maven.apache.org/maven2/org/apache/maven/doxia/doxia-sink-api/1.0-alpha-7/doxia-sink-api-1.0-alpha-7.jar
2022-05-10 15:36:24,369 [AetherRepositoryConnector-repo.maven.apache.org-5-3] INFO  o.e.m.c.i.e.AbstractTransferListenerAdapter - Downloading https://repo.maven.apache.org/maven2/org/apache/maven/maven-plugin-parameter-documenter/2.0.6/maven-plugin-parameter-documenter-2.0.6.jar
2022-05-10 15:36:24,389 [AetherRepositoryConnector-repo.maven.apache.org-5-2] INFO  o.e.m.c.i.e.AbstractTransferListenerAdapter - Downloading https://repo.maven.apache.org/maven2/org/apache/maven/reporting/maven-reporting-api/2.0.6/maven-reporting-api-2.0.6.jar
2022-05-10 15:36:24,590 [AetherRepositoryConnector-repo.maven.apache.org-5-1] INFO  o.e.m.c.i.e.AbstractTransferListenerAdapter - Downloading https://repo.maven.apache.org/maven2/org/apache/maven/maven-repository-metadata/2.0.6/maven-repository-metadata-2.0.6.jar
2022-05-10 15:36:24,653 [AetherRepositoryConnector-repo.maven.apache.org-5-4] INFO  o.e.m.c.i.e.AbstractTransferListenerAdapter - Downloaded https://repo.maven.apache.org/maven2/org/apache/maven/maven-core/2.0.6/maven-core-2.0.6.jar
2022-05-10 15:36:24,653 [AetherRepositoryConnector-repo.maven.apache.org-5-0] INFO  o.e.m.c.i.e.AbstractTransferListenerAdapter - Downloaded https://repo.maven.apache.org/maven2/org/apache/maven/doxia/doxia-sink-api/1.0-alpha-7/doxia-sink-api-1.0-alpha-7.jar
2022-05-10 15:36:24,755 [AetherRepositoryConnector-repo.maven.apache.org-5-3] INFO  o.e.m.c.i.e.AbstractTransferListenerAdapter - Downloaded https://repo.maven.apache.org/maven2/org/apache/maven/maven-plugin-parameter-documenter/2.0.6/maven-plugin-parameter-documenter-2.0.6.jar
2022-05-10 15:36:24,755 [AetherRepositoryConnector-repo.maven.apache.org-5-2] INFO  o.e.m.c.i.e.AbstractTransferListenerAdapter - Downloaded https://repo.maven.apache.org/maven2/org/apache/maven/reporting/maven-reporting-api/2.0.6/maven-reporting-api-2.0.6.jar
2022-05-10 15:36:24,904 [Worker-34: Download sources and javadoc] INFO  o.e.m.c.i.e.AbstractTransferListenerAdapter - Downloading https://repo.maven.apache.org/maven2/org/springframework/spring-context/4.3.6.RELEASE/spring-context-4.3.6.RELEASE-sources.jar
2022-05-10 15:36:25,001 [AetherRepositoryConnector-repo.maven.apache.org-5-4] INFO  o.e.m.c.i.e.AbstractTransferListenerAdapter - Downloading https://repo.maven.apache.org/maven2/org/apache/maven/maven-error-diagnostics/2.0.6/maven-error-diagnostics-2.0.6.jar
2022-05-10 15:36:25,001 [AetherRepositoryConnector-repo.maven.apache.org-5-0] INFO  o.e.m.c.i.e.AbstractTransferListenerAdapter - Downloading https://repo.maven.apache.org/maven2/commons-cli/commons-cli/1.0/commons-cli-1.0.jar
2022-05-10 15:36:25,033 [AetherRepositoryConnector-repo.maven.apache.org-5-1] INFO  o.e.m.c.i.e.AbstractTransferListenerAdapter - Downloaded https://repo.maven.apache.org/maven2/org/apache/maven/maven-repository-metadata/2.0.6/maven-repository-metadata-2.0.6.jar
2022-05-10 15:36:25,218 [AetherRepositoryConnector-repo.maven.apache.org-5-2] INFO  o.e.m.c.i.e.AbstractTransferListenerAdapter - Downloading https://repo.maven.apache.org/maven2/org/codehaus/plexus/plexus-interactivity-api/1.0-alpha-4/plexus-interactivity-api-1.0-alpha-4.jar
2022-05-10 15:36:25,261 [AetherRepositoryConnector-repo.maven.apache.org-5-3] INFO  o.e.m.c.i.e.AbstractTransferListenerAdapter - Downloading https://repo.maven.apache.org/maven2/org/apache/maven/maven-plugin-descriptor/2.0.6/maven-plugin-descriptor-2.0.6.jar
2022-05-10 15:36:25,399 [AetherRepositoryConnector-repo.maven.apache.org-5-1] INFO  o.e.m.c.i.e.AbstractTransferListenerAdapter - Downloading https://repo.maven.apache.org/maven2/classworlds/classworlds/1.1/classworlds-1.1.jar
2022-05-10 15:36:25,534 [AetherRepositoryConnector-repo.maven.apache.org-5-4] INFO  o.e.m.c.i.e.AbstractTransferListenerAdapter - Downloaded https://repo.maven.apache.org/maven2/org/apache/maven/maven-error-diagnostics/2.0.6/maven-error-diagnostics-2.0.6.jar
2022-05-10 15:36:25,534 [AetherRepositoryConnector-repo.maven.apache.org-5-0] INFO  o.e.m.c.i.e.AbstractTransferListenerAdapter - Downloaded https://repo.maven.apache.org/maven2/commons-cli/commons-cli/1.0/commons-cli-1.0.jar
2022-05-10 15:36:25,689 [AetherRepositoryConnector-repo.maven.apache.org-5-2] INFO  o.e.m.c.i.e.AbstractTransferListenerAdapter - Downloaded https://repo.maven.apache.org/maven2/org/codehaus/plexus/plexus-interactivity-api/1.0-alpha-4/plexus-interactivity-api-1.0-alpha-4.jar
2022-05-10 15:36:25,783 [AetherRepositoryConnector-repo.maven.apache.org-5-3] INFO  o.e.m.c.i.e.AbstractTransferListenerAdapter - Downloaded https://repo.maven.apache.org/maven2/org/apache/maven/maven-plugin-descriptor/2.0.6/maven-plugin-descriptor-2.0.6.jar
2022-05-10 15:36:25,910 [AetherRepositoryConnector-repo.maven.apache.org-5-1] INFO  o.e.m.c.i.e.AbstractTransferListenerAdapter - Downloaded https://repo.maven.apache.org/maven2/classworlds/classworlds/1.1/classworlds-1.1.jar
2022-05-10 15:36:25,940 [AetherRepositoryConnector-repo.maven.apache.org-5-4] INFO  o.e.m.c.i.e.AbstractTransferListenerAdapter - Downloading https://repo.maven.apache.org/maven2/org/apache/maven/maven-settings/2.0.6/maven-settings-2.0.6.jar
2022-05-10 15:36:26,025 [AetherRepositoryConnector-repo.maven.apache.org-5-0] INFO  o.e.m.c.i.e.AbstractTransferListenerAdapter - Downloading https://repo.maven.apache.org/maven2/org/apache/maven/maven-artifact/2.0.6/maven-artifact-2.0.6.jar
2022-05-10 15:36:26,533 [AetherRepositoryConnector-repo.maven.apache.org-5-2] INFO  o.e.m.c.i.e.AbstractTransferListenerAdapter - Downloading https://repo.maven.apache.org/maven2/org/apache/maven/maven-model/2.0.6/maven-model-2.0.6.jar
2022-05-10 15:36:27,134 [AetherRepositoryConnector-repo.maven.apache.org-5-3] INFO  o.e.m.c.i.e.AbstractTransferListenerAdapter - Downloading https://repo.maven.apache.org/maven2/org/apache/maven/maven-monitor/2.0.6/maven-monitor-2.0.6.jar
2022-05-10 15:36:27,176 [AetherRepositoryConnector-repo.maven.apache.org-5-1] INFO  o.e.m.c.i.e.AbstractTransferListenerAdapter - Downloading https://repo.maven.apache.org/maven2/org/codehaus/plexus/plexus-container-default/1.0-alpha-9-stable-1/plexus-container-default-1.0-alpha-9-stable-1.jar
2022-05-10 15:36:28,370 [AetherRepositoryConnector-repo.maven.apache.org-5-4] INFO  o.e.m.c.i.e.AbstractTransferListenerAdapter - Downloaded https://repo.maven.apache.org/maven2/org/apache/maven/maven-settings/2.0.6/maven-settings-2.0.6.jar
2022-05-10 15:36:28,377 [AetherRepositoryConnector-repo.maven.apache.org-5-0] INFO  o.e.m.c.i.e.AbstractTransferListenerAdapter - Downloaded https://repo.maven.apache.org/maven2/org/apache/maven/maven-artifact/2.0.6/maven-artifact-2.0.6.jar
2022-05-10 15:36:28,377 [AetherRepositoryConnector-repo.maven.apache.org-5-2] INFO  o.e.m.c.i.e.AbstractTransferListenerAdapter - Downloaded https://repo.maven.apache.org/maven2/org/apache/maven/maven-model/2.0.6/maven-model-2.0.6.jar
2022-05-10 15:36:28,378 [AetherRepositoryConnector-repo.maven.apache.org-5-3] INFO  o.e.m.c.i.e.AbstractTransferListenerAdapter - Downloaded https://repo.maven.apache.org/maven2/org/apache/maven/maven-monitor/2.0.6/maven-monitor-2.0.6.jar
2022-05-10 15:36:29,077 [AetherRepositoryConnector-repo.maven.apache.org-5-4] INFO  o.e.m.c.i.e.AbstractTransferListenerAdapter - Downloading https://repo.maven.apache.org/maven2/junit/junit/3.8.1/junit-3.8.1.jar
2022-05-10 15:36:29,806 [AetherRepositoryConnector-repo.maven.apache.org-5-0] INFO  o.e.m.c.i.e.AbstractTransferListenerAdapter - Downloading https://repo.maven.apache.org/maven2/org/apache/maven/shared/maven-filtering/1.1/maven-filtering-1.1.jar
2022-05-10 15:36:29,903 [AetherRepositoryConnector-repo.maven.apache.org-5-3] INFO  o.e.m.c.i.e.AbstractTransferListenerAdapter - Downloading https://repo.maven.apache.org/maven2/org/sonatype/plexus/plexus-build-api/0.0.4/plexus-build-api-0.0.4.jar
2022-05-10 15:36:29,909 [AetherRepositoryConnector-repo.maven.apache.org-5-1] INFO  o.e.m.c.i.e.AbstractTransferListenerAdapter - Downloaded https://repo.maven.apache.org/maven2/org/codehaus/plexus/plexus-container-default/1.0-alpha-9-stable-1/plexus-container-default-1.0-alpha-9-stable-1.jar
2022-05-10 15:36:30,101 [AetherRepositoryConnector-repo.maven.apache.org-5-2] INFO  o.e.m.c.i.e.AbstractTransferListenerAdapter - Downloading https://repo.maven.apache.org/maven2/org/codehaus/plexus/plexus-utils/2.0.5/plexus-utils-2.0.5.jar
2022-05-10 15:36:31,350 [AetherRepositoryConnector-repo.maven.apache.org-5-4] INFO  o.e.m.c.i.e.AbstractTransferListenerAdapter - Downloaded https://repo.maven.apache.org/maven2/junit/junit/3.8.1/junit-3.8.1.jar
2022-05-10 15:36:31,416 [AetherRepositoryConnector-repo.maven.apache.org-5-1] INFO  o.e.m.c.i.e.AbstractTransferListenerAdapter - Downloading https://repo.maven.apache.org/maven2/org/codehaus/plexus/plexus-interpolation/1.13/plexus-interpolation-1.13.jar
2022-05-10 15:36:31,622 [AetherRepositoryConnector-repo.maven.apache.org-5-0] INFO  o.e.m.c.i.e.AbstractTransferListenerAdapter - Downloaded https://repo.maven.apache.org/maven2/org/apache/maven/shared/maven-filtering/1.1/maven-filtering-1.1.jar
2022-05-10 15:36:31,622 [AetherRepositoryConnector-repo.maven.apache.org-5-3] INFO  o.e.m.c.i.e.AbstractTransferListenerAdapter - Downloaded https://repo.maven.apache.org/maven2/org/sonatype/plexus/plexus-build-api/0.0.4/plexus-build-api-0.0.4.jar
2022-05-10 15:36:31,622 [Worker-34: Download sources and javadoc] INFO  o.e.m.c.i.e.AbstractTransferListenerAdapter - Downloaded https://repo.maven.apache.org/maven2/org/springframework/spring-context/4.3.6.RELEASE/spring-context-4.3.6.RELEASE-sources.jar
2022-05-10 15:36:31,632 [AetherRepositoryConnector-repo.maven.apache.org-5-2] INFO  o.e.m.c.i.e.AbstractTransferListenerAdapter - Downloaded https://repo.maven.apache.org/maven2/org/codehaus/plexus/plexus-utils/2.0.5/plexus-utils-2.0.5.jar
2022-05-10 15:36:31,656 [Worker-34: Download sources and javadoc] INFO  o.e.m.j.internal.DownloadSourcesJob - Downloaded sources for org.springframework:spring-context:4.3.6.RELEASE
2022-05-10 15:36:31,850 [AetherRepositoryConnector-repo.maven.apache.org-5-1] INFO  o.e.m.c.i.e.AbstractTransferListenerAdapter - Downloaded https://repo.maven.apache.org/maven2/org/codehaus/plexus/plexus-interpolation/1.13/plexus-interpolation-1.13.jar
2022-05-10 15:36:32,689 [Worker-34: Download sources and javadoc] INFO  o.e.m.c.i.e.AbstractTransferListenerAdapter - Downloading https://repo.maven.apache.org/maven2/org/springframework/spring-aop/4.3.6.RELEASE/spring-aop-4.3.6.RELEASE-sources.jar
2022-05-10 15:36:33,523 [Worker-33: Building] WARN  o.e.m.c.i.embedder.EclipseLogger - Using platform encoding (UTF-8 actually) to copy filtered resources, i.e. build is platform dependent!
2022-05-10 15:36:33,523 [Worker-33: Building] INFO  o.e.m.c.i.embedder.EclipseLogger - skip non existing resourceDirectory A:\Documents\Training\Spring\eclipse-workspace\projects\src\main\resources
2022-05-10 15:36:33,525 [Worker-33: Building] WARN  o.e.m.c.i.embedder.EclipseLogger - Using platform encoding (UTF-8 actually) to copy filtered resources, i.e. build is platform dependent!
2022-05-10 15:36:33,526 [Worker-33: Building] INFO  o.e.m.c.i.embedder.EclipseLogger - skip non existing resourceDirectory A:\Documents\Training\Spring\eclipse-workspace\projects\src\test\resources
2022-05-10 15:36:34,123 [Worker-34: Download sources and javadoc] INFO  o.e.m.c.i.e.AbstractTransferListenerAdapter - Downloaded https://repo.maven.apache.org/maven2/org/springframework/spring-aop/4.3.6.RELEASE/spring-aop-4.3.6.RELEASE-sources.jar
2022-05-10 15:36:34,152 [Worker-34: Download sources and javadoc] INFO  o.e.m.j.internal.DownloadSourcesJob - Downloaded sources for org.springframework:spring-aop:4.3.6.RELEASE
2022-05-10 15:36:34,617 [Worker-33: Building] INFO  o.e.m.c.i.e.AbstractTransferListenerAdapter - Downloading https://repo.maven.apache.org/maven2/org/apache/maven/plugins/maven-surefire-plugin/2.12.4/maven-surefire-plugin-2.12.4.pom
2022-05-10 15:36:35,350 [Worker-34: Download sources and javadoc] INFO  o.e.m.c.i.e.AbstractTransferListenerAdapter - Downloading https://repo.maven.apache.org/maven2/org/springframework/spring-beans/4.3.6.RELEASE/spring-beans-4.3.6.RELEASE-sources.jar
2022-05-10 15:36:35,372 [Worker-33: Building] INFO  o.e.m.c.i.e.AbstractTransferListenerAdapter - Downloaded https://repo.maven.apache.org/maven2/org/apache/maven/plugins/maven-surefire-plugin/2.12.4/maven-surefire-plugin-2.12.4.pom
2022-05-10 15:36:35,612 [Worker-33: Building] INFO  o.e.m.c.i.e.AbstractTransferListenerAdapter - Downloading https://repo.maven.apache.org/maven2/org/apache/maven/surefire/surefire/2.12.4/surefire-2.12.4.pom
2022-05-10 15:36:36,024 [Worker-33: Building] INFO  o.e.m.c.i.e.AbstractTransferListenerAdapter - Downloaded https://repo.maven.apache.org/maven2/org/apache/maven/surefire/surefire/2.12.4/surefire-2.12.4.pom
2022-05-10 15:36:36,518 [Worker-33: Building] INFO  o.e.m.c.i.e.AbstractTransferListenerAdapter - Downloading https://repo.maven.apache.org/maven2/org/apache/maven/maven-archiver/2.5/maven-archiver-2.5.pom
2022-05-10 15:36:37,011 [Worker-33: Building] INFO  o.e.m.c.i.e.AbstractTransferListenerAdapter - Downloaded https://repo.maven.apache.org/maven2/org/apache/maven/maven-archiver/2.5/maven-archiver-2.5.pom
2022-05-10 15:36:37,249 [Worker-34: Download sources and javadoc] INFO  o.e.m.c.i.e.AbstractTransferListenerAdapter - Downloaded https://repo.maven.apache.org/maven2/org/springframework/spring-beans/4.3.6.RELEASE/spring-beans-4.3.6.RELEASE-sources.jar
2022-05-10 15:36:37,263 [Worker-33: Building] INFO  o.e.m.c.i.e.AbstractTransferListenerAdapter - Downloading https://repo.maven.apache.org/maven2/org/codehaus/plexus/plexus-archiver/2.1/plexus-archiver-2.1.pom
2022-05-10 15:36:37,277 [Worker-34: Download sources and javadoc] INFO  o.e.m.j.internal.DownloadSourcesJob - Downloaded sources for org.springframework:spring-beans:4.3.6.RELEASE
2022-05-10 15:36:37,529 [Worker-33: Building] INFO  o.e.m.c.i.e.AbstractTransferListenerAdapter - Downloaded https://repo.maven.apache.org/maven2/org/codehaus/plexus/plexus-archiver/2.1/plexus-archiver-2.1.pom
2022-05-10 15:36:37,784 [Worker-33: Building] INFO  o.e.m.c.i.e.AbstractTransferListenerAdapter - Downloading https://repo.maven.apache.org/maven2/org/codehaus/plexus/plexus-utils/3.0/plexus-utils-3.0.pom
2022-05-10 15:36:38,290 [Worker-33: Building] INFO  o.e.m.c.i.e.AbstractTransferListenerAdapter - Downloaded https://repo.maven.apache.org/maven2/org/codehaus/plexus/plexus-utils/3.0/plexus-utils-3.0.pom
2022-05-10 15:36:38,546 [Worker-33: Building] INFO  o.e.m.c.i.e.AbstractTransferListenerAdapter - Downloading https://repo.maven.apache.org/maven2/org/codehaus/plexus/plexus-io/2.0.2/plexus-io-2.0.2.pom
2022-05-10 15:36:38,576 [Worker-34: Download sources and javadoc] INFO  o.e.m.c.i.e.AbstractTransferListenerAdapter - Downloading https://repo.maven.apache.org/maven2/org/springframework/spring-expression/4.3.6.RELEASE/spring-expression-4.3.6.RELEASE-sources.jar
2022-05-10 15:36:38,793 [Worker-33: Building] INFO  o.e.m.c.i.e.AbstractTransferListenerAdapter - Downloaded https://repo.maven.apache.org/maven2/org/codehaus/plexus/plexus-io/2.0.2/plexus-io-2.0.2.pom
2022-05-10 15:36:39,024 [Worker-33: Building] INFO  o.e.m.c.i.e.AbstractTransferListenerAdapter - Downloading https://repo.maven.apache.org/maven2/org/codehaus/plexus/plexus-components/1.1.19/plexus-components-1.1.19.pom
2022-05-10 15:36:39,338 [Worker-33: Building] INFO  o.e.m.c.i.e.AbstractTransferListenerAdapter - Downloaded https://repo.maven.apache.org/maven2/org/codehaus/plexus/plexus-components/1.1.19/plexus-components-1.1.19.pom
2022-05-10 15:36:39,589 [Worker-33: Building] INFO  o.e.m.c.i.e.AbstractTransferListenerAdapter - Downloading https://repo.maven.apache.org/maven2/org/codehaus/plexus/plexus-interpolation/1.15/plexus-interpolation-1.15.pom
2022-05-10 15:36:39,629 [Worker-34: Download sources and javadoc] INFO  o.e.m.c.i.e.AbstractTransferListenerAdapter - Downloaded https://repo.maven.apache.org/maven2/org/springframework/spring-expression/4.3.6.RELEASE/spring-expression-4.3.6.RELEASE-sources.jar
2022-05-10 15:36:39,658 [Worker-34: Download sources and javadoc] INFO  o.e.m.j.internal.DownloadSourcesJob - Downloaded sources for org.springframework:spring-expression:4.3.6.RELEASE
2022-05-10 15:36:39,854 [Worker-33: Building] INFO  o.e.m.c.i.e.AbstractTransferListenerAdapter - Downloaded https://repo.maven.apache.org/maven2/org/codehaus/plexus/plexus-interpolation/1.15/plexus-interpolation-1.15.pom
2022-05-10 15:36:40,247 [Worker-33: Building] INFO  o.e.m.c.i.e.AbstractTransferListenerAdapter - Downloading https://repo.maven.apache.org/maven2/commons-lang/commons-lang/2.1/commons-lang-2.1.pom
2022-05-10 15:36:40,938 [Worker-33: Building] INFO  o.e.m.c.i.e.AbstractTransferListenerAdapter - Downloaded https://repo.maven.apache.org/maven2/commons-lang/commons-lang/2.1/commons-lang-2.1.pom
2022-05-10 15:36:41,209 [AetherRepositoryConnector-repo.maven.apache.org-6-3] INFO  o.e.m.c.i.e.AbstractTransferListenerAdapter - Downloading https://repo.maven.apache.org/maven2/org/codehaus/plexus/plexus-archiver/2.1/plexus-archiver-2.1.jar
2022-05-10 15:36:41,629 [AetherRepositoryConnector-repo.maven.apache.org-6-4] INFO  o.e.m.c.i.e.AbstractTransferListenerAdapter - Downloading https://repo.maven.apache.org/maven2/org/codehaus/plexus/plexus-io/2.0.2/plexus-io-2.0.2.jar
2022-05-10 15:36:41,629 [AetherRepositoryConnector-repo.maven.apache.org-6-1] INFO  o.e.m.c.i.e.AbstractTransferListenerAdapter - Downloading https://repo.maven.apache.org/maven2/org/apache/maven/maven-archiver/2.5/maven-archiver-2.5.jar
2022-05-10 15:36:41,629 [AetherRepositoryConnector-repo.maven.apache.org-6-0] INFO  o.e.m.c.i.e.AbstractTransferListenerAdapter - Downloading https://repo.maven.apache.org/maven2/classworlds/classworlds/1.1-alpha-2/classworlds-1.1-alpha-2.jar
2022-05-10 15:36:41,629 [AetherRepositoryConnector-repo.maven.apache.org-6-2] INFO  o.e.m.c.i.e.AbstractTransferListenerAdapter - Downloading https://repo.maven.apache.org/maven2/org/codehaus/plexus/plexus-interpolation/1.15/plexus-interpolation-1.15.jar
2022-05-10 15:36:42,270 [AetherRepositoryConnector-repo.maven.apache.org-6-1] INFO  o.e.m.c.i.e.AbstractTransferListenerAdapter - Downloaded https://repo.maven.apache.org/maven2/org/apache/maven/maven-archiver/2.5/maven-archiver-2.5.jar
2022-05-10 15:36:42,466 [AetherRepositoryConnector-repo.maven.apache.org-6-3] INFO  o.e.m.c.i.e.AbstractTransferListenerAdapter - Downloaded https://repo.maven.apache.org/maven2/org/codehaus/plexus/plexus-archiver/2.1/plexus-archiver-2.1.jar
2022-05-10 15:36:42,570 [AetherRepositoryConnector-repo.maven.apache.org-6-2] INFO  o.e.m.c.i.e.AbstractTransferListenerAdapter - Downloaded https://repo.maven.apache.org/maven2/org/codehaus/plexus/plexus-interpolation/1.15/plexus-interpolation-1.15.jar
2022-05-10 15:36:42,570 [AetherRepositoryConnector-repo.maven.apache.org-6-0] INFO  o.e.m.c.i.e.AbstractTransferListenerAdapter - Downloaded https://repo.maven.apache.org/maven2/classworlds/classworlds/1.1-alpha-2/classworlds-1.1-alpha-2.jar
2022-05-10 15:36:42,571 [AetherRepositoryConnector-repo.maven.apache.org-6-4] INFO  o.e.m.c.i.e.AbstractTransferListenerAdapter - Downloaded https://repo.maven.apache.org/maven2/org/codehaus/plexus/plexus-io/2.0.2/plexus-io-2.0.2.jar
2022-05-10 15:36:42,725 [AetherRepositoryConnector-repo.maven.apache.org-6-1] INFO  o.e.m.c.i.e.AbstractTransferListenerAdapter - Downloading https://repo.maven.apache.org/maven2/commons-lang/commons-lang/2.1/commons-lang-2.1.jar
2022-05-10 15:36:43,403 [AetherRepositoryConnector-repo.maven.apache.org-6-3] INFO  o.e.m.c.i.e.AbstractTransferListenerAdapter - Downloading https://repo.maven.apache.org/maven2/org/codehaus/plexus/plexus-utils/3.0/plexus-utils-3.0.jar
2022-05-10 15:36:44,076 [AetherRepositoryConnector-repo.maven.apache.org-6-1] INFO  o.e.m.c.i.e.AbstractTransferListenerAdapter - Downloaded https://repo.maven.apache.org/maven2/commons-lang/commons-lang/2.1/commons-lang-2.1.jar
2022-05-10 15:36:44,331 [AetherRepositoryConnector-repo.maven.apache.org-6-3] INFO  o.e.m.c.i.e.AbstractTransferListenerAdapter - Downloaded https://repo.maven.apache.org/maven2/org/codehaus/plexus/plexus-utils/3.0/plexus-utils-3.0.jar
2022-05-10 15:36:45,944 [Worker-36: Building] WARN  o.e.m.c.i.embedder.EclipseLogger - Using platform encoding (UTF-8 actually) to copy filtered resources, i.e. build is platform dependent!
2022-05-10 15:36:45,944 [Worker-36: Building] INFO  o.e.m.c.i.embedder.EclipseLogger - skip non existing resourceDirectory A:\Documents\Training\Spring\eclipse-workspace\projects\src\main\resources
2022-05-10 15:36:45,946 [Worker-36: Building] WARN  o.e.m.c.i.embedder.EclipseLogger - Using platform encoding (UTF-8 actually) to copy filtered resources, i.e. build is platform dependent!
2022-05-10 15:36:45,946 [Worker-36: Building] INFO  o.e.m.c.i.embedder.EclipseLogger - skip non existing resourceDirectory A:\Documents\Training\Spring\eclipse-workspace\projects\src\test\resources
2022-05-10 15:37:09,691 [Worker-32: Building] WARN  o.e.m.c.i.embedder.EclipseLogger - Using platform encoding (UTF-8 actually) to copy filtered resources, i.e. build is platform dependent!
2022-05-10 15:37:09,691 [Worker-32: Building] INFO  o.e.m.c.i.embedder.EclipseLogger - skip non existing resourceDirectory A:\Documents\Training\Spring\eclipse-workspace\projects\src\main\resources
2022-05-10 15:37:09,692 [Worker-32: Building] WARN  o.e.m.c.i.embedder.EclipseLogger - Using platform encoding (UTF-8 actually) to copy filtered resources, i.e. build is platform dependent!
2022-05-10 15:37:09,693 [Worker-32: Building] INFO  o.e.m.c.i.embedder.EclipseLogger - skip non existing resourceDirectory A:\Documents\Training\Spring\eclipse-workspace\projects\src\test\resources
2022-05-10 15:37:48,512 [Worker-34: Building] WARN  o.e.m.c.i.embedder.EclipseLogger - Using platform encoding (UTF-8 actually) to copy filtered resources, i.e. build is platform dependent!
2022-05-10 15:37:48,514 [Worker-34: Building] INFO  o.e.m.c.i.embedder.EclipseLogger - skip non existing resourceDirectory A:\Documents\Training\Spring\eclipse-workspace\projects\src\main\resources
2022-05-10 15:37:48,517 [Worker-34: Building] WARN  o.e.m.c.i.embedder.EclipseLogger - Using platform encoding (UTF-8 actually) to copy filtered resources, i.e. build is platform dependent!
2022-05-10 15:37:48,518 [Worker-34: Building] INFO  o.e.m.c.i.embedder.EclipseLogger - skip non existing resourceDirectory A:\Documents\Training\Spring\eclipse-workspace\projects\src\test\resources
2022-05-10 15:41:16,489 [Worker-37: Building] WARN  o.e.m.c.i.embedder.EclipseLogger - Using platform encoding (UTF-8 actually) to copy filtered resources, i.e. build is platform dependent!
2022-05-10 15:41:16,490 [Worker-37: Building] INFO  o.e.m.c.i.embedder.EclipseLogger - skip non existing resourceDirectory A:\Documents\Training\Spring\eclipse-workspace\projects\src\main\resources
2022-05-10 15:41:16,491 [Worker-37: Building] WARN  o.e.m.c.i.embedder.EclipseLogger - Using platform encoding (UTF-8 actually) to copy filtered resources, i.e. build is platform dependent!
2022-05-10 15:41:16,492 [Worker-37: Building] INFO  o.e.m.c.i.embedder.EclipseLogger - skip non existing resourceDirectory A:\Documents\Training\Spring\eclipse-workspace\projects\src\test\resources
2022-05-10 15:46:20,370 [Worker-33: Building] WARN  o.e.m.c.i.embedder.EclipseLogger - Using platform encoding (UTF-8 actually) to copy filtered resources, i.e. build is platform dependent!
2022-05-10 15:46:20,371 [Worker-33: Building] INFO  o.e.m.c.i.embedder.EclipseLogger - skip non existing resourceDirectory A:\Documents\Training\Spring\eclipse-workspace\projects\src\main\resources
2022-05-10 15:46:20,372 [Worker-33: Building] WARN  o.e.m.c.i.embedder.EclipseLogger - Using platform encoding (UTF-8 actually) to copy filtered resources, i.e. build is platform dependent!
2022-05-10 15:46:20,373 [Worker-33: Building] INFO  o.e.m.c.i.embedder.EclipseLogger - skip non existing resourceDirectory A:\Documents\Training\Spring\eclipse-workspace\projects\src\test\resources
2022-05-10 15:47:13,842 [Worker-39: Building] WARN  o.e.m.c.i.embedder.EclipseLogger - Using platform encoding (UTF-8 actually) to copy filtered resources, i.e. build is platform dependent!
2022-05-10 15:47:13,843 [Worker-39: Building] INFO  o.e.m.c.i.embedder.EclipseLogger - skip non existing resourceDirectory A:\Documents\Training\Spring\eclipse-workspace\projects\src\main\resources
2022-05-10 15:47:13,846 [Worker-39: Building] WARN  o.e.m.c.i.embedder.EclipseLogger - Using platform encoding (UTF-8 actually) to copy filtered resources, i.e. build is platform dependent!
2022-05-10 15:47:13,847 [Worker-39: Building] INFO  o.e.m.c.i.embedder.EclipseLogger - skip non existing resourceDirectory A:\Documents\Training\Spring\eclipse-workspace\projects\src\test\resources
2022-05-10 15:48:12,037 [Worker-39: Building] WARN  o.e.m.c.i.embedder.EclipseLogger - Using platform encoding (UTF-8 actually) to copy filtered resources, i.e. build is platform dependent!
2022-05-10 15:48:12,038 [Worker-39: Building] INFO  o.e.m.c.i.embedder.EclipseLogger - skip non existing resourceDirectory A:\Documents\Training\Spring\eclipse-workspace\projects\src\main\resources
2022-05-10 15:48:12,038 [Worker-39: Building] WARN  o.e.m.c.i.embedder.EclipseLogger - Using platform encoding (UTF-8 actually) to copy filtered resources, i.e. build is platform dependent!
2022-05-10 15:48:12,039 [Worker-39: Building] INFO  o.e.m.c.i.embedder.EclipseLogger - skip non existing resourceDirectory A:\Documents\Training\Spring\eclipse-workspace\projects\src\test\resources
2022-05-10 15:48:28,083 [Worker-39: Building] WARN  o.e.m.c.i.embedder.EclipseLogger - Using platform encoding (UTF-8 actually) to copy filtered resources, i.e. build is platform dependent!
2022-05-10 15:48:28,084 [Worker-39: Building] INFO  o.e.m.c.i.embedder.EclipseLogger - skip non existing resourceDirectory A:\Documents\Training\Spring\eclipse-workspace\projects\src\main\resources
2022-05-10 15:48:28,085 [Worker-39: Building] WARN  o.e.m.c.i.embedder.EclipseLogger - Using platform encoding (UTF-8 actually) to copy filtered resources, i.e. build is platform dependent!
2022-05-10 15:48:28,086 [Worker-39: Building] INFO  o.e.m.c.i.embedder.EclipseLogger - skip non existing resourceDirectory A:\Documents\Training\Spring\eclipse-workspace\projects\src\test\resources
2022-05-10 15:48:33,421 [Worker-39: Building] WARN  o.e.m.c.i.embedder.EclipseLogger - Using platform encoding (UTF-8 actually) to copy filtered resources, i.e. build is platform dependent!
2022-05-10 15:48:33,422 [Worker-39: Building] INFO  o.e.m.c.i.embedder.EclipseLogger - skip non existing resourceDirectory A:\Documents\Training\Spring\eclipse-workspace\projects\src\main\resources
2022-05-10 15:48:33,424 [Worker-39: Building] WARN  o.e.m.c.i.embedder.EclipseLogger - Using platform encoding (UTF-8 actually) to copy filtered resources, i.e. build is platform dependent!
2022-05-10 15:48:33,424 [Worker-39: Building] INFO  o.e.m.c.i.embedder.EclipseLogger - skip non existing resourceDirectory A:\Documents\Training\Spring\eclipse-workspace\projects\src\test\resources
2022-05-10 16:08:50,911 [Worker-42: Building] WARN  o.e.m.c.i.embedder.EclipseLogger - Using platform encoding (UTF-8 actually) to copy filtered resources, i.e. build is platform dependent!
2022-05-10 16:08:50,913 [Worker-42: Building] INFO  o.e.m.c.i.embedder.EclipseLogger - skip non existing resourceDirectory A:\Documents\Training\Spring\eclipse-workspace\projects\src\main\resources
2022-05-10 16:08:50,914 [Worker-42: Building] WARN  o.e.m.c.i.embedder.EclipseLogger - Using platform encoding (UTF-8 actually) to copy filtered resources, i.e. build is platform dependent!
2022-05-10 16:08:50,915 [Worker-42: Building] INFO  o.e.m.c.i.embedder.EclipseLogger - skip non existing resourceDirectory A:\Documents\Training\Spring\eclipse-workspace\projects\src\test\resources
2022-05-10 16:15:09,572 [Worker-44: Building] WARN  o.e.m.c.i.embedder.EclipseLogger - Using platform encoding (UTF-8 actually) to copy filtered resources, i.e. build is platform dependent!
2022-05-10 16:15:09,572 [Worker-44: Building] INFO  o.e.m.c.i.embedder.EclipseLogger - skip non existing resourceDirectory A:\Documents\Training\Spring\eclipse-workspace\projects\src\main\resources
2022-05-10 16:15:09,573 [Worker-44: Building] WARN  o.e.m.c.i.embedder.EclipseLogger - Using platform encoding (UTF-8 actually) to copy filtered resources, i.e. build is platform dependent!
2022-05-10 16:15:09,574 [Worker-44: Building] INFO  o.e.m.c.i.embedder.EclipseLogger - skip non existing resourceDirectory A:\Documents\Training\Spring\eclipse-workspace\projects\src\test\resources
2022-05-10 16:15:15,482 [Worker-45: Building] WARN  o.e.m.c.i.embedder.EclipseLogger - Using platform encoding (UTF-8 actually) to copy filtered resources, i.e. build is platform dependent!
2022-05-10 16:15:15,483 [Worker-45: Building] INFO  o.e.m.c.i.embedder.EclipseLogger - skip non existing resourceDirectory A:\Documents\Training\Spring\eclipse-workspace\projects\src\main\resources
2022-05-10 16:15:15,484 [Worker-45: Building] WARN  o.e.m.c.i.embedder.EclipseLogger - Using platform encoding (UTF-8 actually) to copy filtered resources, i.e. build is platform dependent!
2022-05-10 16:15:15,485 [Worker-45: Building] INFO  o.e.m.c.i.embedder.EclipseLogger - skip non existing resourceDirectory A:\Documents\Training\Spring\eclipse-workspace\projects\src\test\resources
2022-05-10 16:21:04,993 [Worker-42: Building] WARN  o.e.m.c.i.embedder.EclipseLogger - Using platform encoding (UTF-8 actually) to copy filtered resources, i.e. build is platform dependent!
2022-05-10 16:21:04,994 [Worker-42: Building] INFO  o.e.m.c.i.embedder.EclipseLogger - skip non existing resourceDirectory A:\Documents\Training\Spring\eclipse-workspace\projects\src\main\resources
2022-05-10 16:21:04,995 [Worker-42: Building] WARN  o.e.m.c.i.embedder.EclipseLogger - Using platform encoding (UTF-8 actually) to copy filtered resources, i.e. build is platform dependent!
2022-05-10 16:21:04,995 [Worker-42: Building] INFO  o.e.m.c.i.embedder.EclipseLogger - skip non existing resourceDirectory A:\Documents\Training\Spring\eclipse-workspace\projects\src\test\resources
2022-05-10 16:47:40,870 [Worker-13: Building] WARN  o.e.m.c.i.embedder.EclipseLogger - Using platform encoding (UTF-8 actually) to copy filtered resources, i.e. build is platform dependent!
2022-05-10 16:47:40,870 [Worker-13: Building] INFO  o.e.m.c.i.embedder.EclipseLogger - skip non existing resourceDirectory A:\Documents\Training\Spring\eclipse-workspace\projects\src\main\resources
2022-05-10 16:47:40,872 [Worker-13: Building] WARN  o.e.m.c.i.embedder.EclipseLogger - Using platform encoding (UTF-8 actually) to copy filtered resources, i.e. build is platform dependent!
2022-05-10 16:47:40,872 [Worker-13: Building] INFO  o.e.m.c.i.embedder.EclipseLogger - skip non existing resourceDirectory A:\Documents\Training\Spring\eclipse-workspace\projects\src\test\resources
2022-05-10 16:48:05,267 [Worker-39: Building] WARN  o.e.m.c.i.embedder.EclipseLogger - Using platform encoding (UTF-8 actually) to copy filtered resources, i.e. build is platform dependent!
2022-05-10 16:48:05,267 [Worker-39: Building] INFO  o.e.m.c.i.embedder.EclipseLogger - skip non existing resourceDirectory A:\Documents\Training\Spring\eclipse-workspace\projects\src\main\resources
2022-05-10 16:48:05,268 [Worker-39: Building] WARN  o.e.m.c.i.embedder.EclipseLogger - Using platform encoding (UTF-8 actually) to copy filtered resources, i.e. build is platform dependent!
2022-05-10 16:48:05,269 [Worker-39: Building] INFO  o.e.m.c.i.embedder.EclipseLogger - skip non existing resourceDirectory A:\Documents\Training\Spring\eclipse-workspace\projects\src\test\resources
2022-05-10 16:55:02,025 [Worker-13: Building] WARN  o.e.m.c.i.embedder.EclipseLogger - Using platform encoding (UTF-8 actually) to copy filtered resources, i.e. build is platform dependent!
2022-05-10 16:55:02,026 [Worker-13: Building] INFO  o.e.m.c.i.embedder.EclipseLogger - skip non existing resourceDirectory A:\Documents\Training\Spring\eclipse-workspace\projects\src\main\resources
2022-05-10 16:55:02,027 [Worker-13: Building] WARN  o.e.m.c.i.embedder.EclipseLogger - Using platform encoding (UTF-8 actually) to copy filtered resources, i.e. build is platform dependent!
2022-05-10 16:55:02,027 [Worker-13: Building] INFO  o.e.m.c.i.embedder.EclipseLogger - skip non existing resourceDirectory A:\Documents\Training\Spring\eclipse-workspace\projects\src\test\resources
2022-05-10 16:55:23,122 [Worker-45: Building] WARN  o.e.m.c.i.embedder.EclipseLogger - Using platform encoding (UTF-8 actually) to copy filtered resources, i.e. build is platform dependent!
2022-05-10 16:55:23,122 [Worker-45: Building] INFO  o.e.m.c.i.embedder.EclipseLogger - skip non existing resourceDirectory A:\Documents\Training\Spring\eclipse-workspace\projects\src\main\resources
2022-05-10 16:55:23,123 [Worker-45: Building] WARN  o.e.m.c.i.embedder.EclipseLogger - Using platform encoding (UTF-8 actually) to copy filtered resources, i.e. build is platform dependent!
2022-05-10 16:55:23,124 [Worker-45: Building] INFO  o.e.m.c.i.embedder.EclipseLogger - skip non existing resourceDirectory A:\Documents\Training\Spring\eclipse-workspace\projects\src\test\resources
2022-05-10 17:04:08,742 [Worker-13: Building] WARN  o.e.m.c.i.embedder.EclipseLogger - Using platform encoding (UTF-8 actually) to copy filtered resources, i.e. build is platform dependent!
2022-05-10 17:04:08,743 [Worker-13: Building] INFO  o.e.m.c.i.embedder.EclipseLogger - skip non existing resourceDirectory A:\Documents\Training\Spring\eclipse-workspace\projects\src\main\resources
2022-05-10 17:04:08,744 [Worker-13: Building] WARN  o.e.m.c.i.embedder.EclipseLogger - Using platform encoding (UTF-8 actually) to copy filtered resources, i.e. build is platform dependent!
2022-05-10 17:04:08,744 [Worker-13: Building] INFO  o.e.m.c.i.embedder.EclipseLogger - skip non existing resourceDirectory A:\Documents\Training\Spring\eclipse-workspace\projects\src\test\resources
2022-05-10 17:26:11,236 [Worker-44: Building] WARN  o.e.m.c.i.embedder.EclipseLogger - Using platform encoding (UTF-8 actually) to copy filtered resources, i.e. build is platform dependent!
2022-05-10 17:26:11,237 [Worker-44: Building] INFO  o.e.m.c.i.embedder.EclipseLogger - skip non existing resourceDirectory A:\Documents\Training\Spring\eclipse-workspace\projects\src\main\resources
2022-05-10 17:26:11,238 [Worker-44: Building] WARN  o.e.m.c.i.embedder.EclipseLogger - Using platform encoding (UTF-8 actually) to copy filtered resources, i.e. build is platform dependent!
2022-05-10 17:26:11,238 [Worker-44: Building] INFO  o.e.m.c.i.embedder.EclipseLogger - skip non existing resourceDirectory A:\Documents\Training\Spring\eclipse-workspace\projects\src\test\resources
2022-05-10 17:26:45,108 [Worker-47: Building] WARN  o.e.m.c.i.embedder.EclipseLogger - Using platform encoding (UTF-8 actually) to copy filtered resources, i.e. build is platform dependent!
2022-05-10 17:26:45,109 [Worker-47: Building] INFO  o.e.m.c.i.embedder.EclipseLogger - skip non existing resourceDirectory A:\Documents\Training\Spring\eclipse-workspace\projects\src\main\resources
2022-05-10 17:26:45,110 [Worker-47: Building] WARN  o.e.m.c.i.embedder.EclipseLogger - Using platform encoding (UTF-8 actually) to copy filtered resources, i.e. build is platform dependent!
2022-05-10 17:26:45,111 [Worker-47: Building] INFO  o.e.m.c.i.embedder.EclipseLogger - skip non existing resourceDirectory A:\Documents\Training\Spring\eclipse-workspace\projects\src\test\resources
2022-05-10 17:29:26,084 [Worker-46: Building] WARN  o.e.m.c.i.embedder.EclipseLogger - Using platform encoding (UTF-8 actually) to copy filtered resources, i.e. build is platform dependent!
2022-05-10 17:29:26,085 [Worker-46: Building] INFO  o.e.m.c.i.embedder.EclipseLogger - skip non existing resourceDirectory A:\Documents\Training\Spring\eclipse-workspace\projects\src\main\resources
2022-05-10 17:29:26,086 [Worker-46: Building] WARN  o.e.m.c.i.embedder.EclipseLogger - Using platform encoding (UTF-8 actually) to copy filtered resources, i.e. build is platform dependent!
2022-05-10 17:29:26,087 [Worker-46: Building] INFO  o.e.m.c.i.embedder.EclipseLogger - skip non existing resourceDirectory A:\Documents\Training\Spring\eclipse-workspace\projects\src\test\resources
2022-05-10 17:32:42,548 [Worker-45: Building] WARN  o.e.m.c.i.embedder.EclipseLogger - Using platform encoding (UTF-8 actually) to copy filtered resources, i.e. build is platform dependent!
2022-05-10 17:32:42,550 [Worker-45: Building] INFO  o.e.m.c.i.embedder.EclipseLogger - skip non existing resourceDirectory A:\Documents\Training\Spring\eclipse-workspace\projects\src\main\resources
2022-05-10 17:32:42,552 [Worker-45: Building] WARN  o.e.m.c.i.embedder.EclipseLogger - Using platform encoding (UTF-8 actually) to copy filtered resources, i.e. build is platform dependent!
2022-05-10 17:32:42,554 [Worker-45: Building] INFO  o.e.m.c.i.embedder.EclipseLogger - skip non existing resourceDirectory A:\Documents\Training\Spring\eclipse-workspace\projects\src\test\resources
2022-05-10 17:33:04,514 [Worker-42: Building] WARN  o.e.m.c.i.embedder.EclipseLogger - Using platform encoding (UTF-8 actually) to copy filtered resources, i.e. build is platform dependent!
2022-05-10 17:33:04,515 [Worker-42: Building] INFO  o.e.m.c.i.embedder.EclipseLogger - skip non existing resourceDirectory A:\Documents\Training\Spring\eclipse-workspace\projects\src\main\resources
2022-05-10 17:33:04,516 [Worker-42: Building] WARN  o.e.m.c.i.embedder.EclipseLogger - Using platform encoding (UTF-8 actually) to copy filtered resources, i.e. build is platform dependent!
2022-05-10 17:33:04,516 [Worker-42: Building] INFO  o.e.m.c.i.embedder.EclipseLogger - skip non existing resourceDirectory A:\Documents\Training\Spring\eclipse-workspace\projects\src\test\resources
2022-05-10 17:33:21,121 [Worker-43: Building] WARN  o.e.m.c.i.embedder.EclipseLogger - Using platform encoding (UTF-8 actually) to copy filtered resources, i.e. build is platform dependent!
2022-05-10 17:33:21,121 [Worker-43: Building] INFO  o.e.m.c.i.embedder.EclipseLogger - skip non existing resourceDirectory A:\Documents\Training\Spring\eclipse-workspace\projects\src\main\resources
2022-05-10 17:33:21,122 [Worker-43: Building] WARN  o.e.m.c.i.embedder.EclipseLogger - Using platform encoding (UTF-8 actually) to copy filtered resources, i.e. build is platform dependent!
2022-05-10 17:33:21,123 [Worker-43: Building] INFO  o.e.m.c.i.embedder.EclipseLogger - skip non existing resourceDirectory A:\Documents\Training\Spring\eclipse-workspace\projects\src\test\resources
2022-05-10 17:33:55,754 [Worker-45: Building] WARN  o.e.m.c.i.embedder.EclipseLogger - Using platform encoding (UTF-8 actually) to copy filtered resources, i.e. build is platform dependent!
2022-05-10 17:33:55,755 [Worker-45: Building] INFO  o.e.m.c.i.embedder.EclipseLogger - skip non existing resourceDirectory A:\Documents\Training\Spring\eclipse-workspace\projects\src\main\resources
2022-05-10 17:33:55,756 [Worker-45: Building] WARN  o.e.m.c.i.embedder.EclipseLogger - Using platform encoding (UTF-8 actually) to copy filtered resources, i.e. build is platform dependent!
2022-05-10 17:33:55,757 [Worker-45: Building] INFO  o.e.m.c.i.embedder.EclipseLogger - skip non existing resourceDirectory A:\Documents\Training\Spring\eclipse-workspace\projects\src\test\resources
2022-05-11 04:17:06,071 [ForkJoinPool.commonPool-worker-4] ERROR o.e.m.e.l.MavenRuntimeClasspathProvider - Illegal character in path at index 20: file:/C:/Users/Anesh S M/.p2/pool/plugins/org.eclipse.m2e.maven.runtime_1.18.3.20220227-1319/jars/
java.net.URISyntaxException: Illegal character in path at index 20: file:/C:/Users/Anesh S M/.p2/pool/plugins/org.eclipse.m2e.maven.runtime_1.18.3.20220227-1319/jars/
	at java.base/java.net.URI$Parser.fail(URI.java:2973)
	at java.base/java.net.URI$Parser.checkChars(URI.java:3144)
	at java.base/java.net.URI$Parser.parseHierarchical(URI.java:3226)
	at java.base/java.net.URI$Parser.parse(URI.java:3174)
	at java.base/java.net.URI.<init>(URI.java:623)
	at java.base/java.net.URL.toURI(URL.java:1056)
	at org.eclipse.m2e.editor.lemminx.MavenRuntimeClasspathProvider.addJarsFromBundle(MavenRuntimeClasspathProvider.java:81)
	at org.eclipse.m2e.editor.lemminx.MavenRuntimeClasspathProvider.get(MavenRuntimeClasspathProvider.java:66)
	at org.eclipse.m2e.editor.lemminx.MavenRuntimeClasspathProvider.get(MavenRuntimeClasspathProvider.java:1)
	at java.base/java.util.stream.ReferencePipeline$3$1.accept(ReferencePipeline.java:197)
	at java.base/java.util.stream.ReferencePipeline$3$1.accept(ReferencePipeline.java:197)
	at java.base/java.util.HashMap$EntrySpliterator.forEachRemaining(HashMap.java:1850)
	at java.base/java.util.stream.AbstractPipeline.copyInto(AbstractPipeline.java:509)
	at java.base/java.util.stream.AbstractPipeline.wrapAndCopyInto(AbstractPipeline.java:499)
	at java.base/java.util.stream.ForEachOps$ForEachOp.evaluateSequential(ForEachOps.java:150)
	at java.base/java.util.stream.ForEachOps$ForEachOp$OfRef.evaluateSequential(ForEachOps.java:173)
	at java.base/java.util.stream.AbstractPipeline.evaluate(AbstractPipeline.java:234)
	at java.base/java.util.stream.ReferencePipeline.forEach(ReferencePipeline.java:596)
	at org.eclipse.wildwebdeveloper.xml.internal.XMLExtensionRegistry.getXMLLSClassPathExtensions(XMLExtensionRegistry.java:81)
	at org.eclipse.wildwebdeveloper.xml.internal.XMLLanguageServer.getExtensionJarPaths(XMLLanguageServer.java:142)
	at org.eclipse.wildwebdeveloper.xml.internal.XMLLanguageServer.<init>(XMLLanguageServer.java:83)
	at java.base/jdk.internal.reflect.DirectConstructorHandleAccessor.newInstance(DirectConstructorHandleAccessor.java:67)
	at java.base/java.lang.reflect.Constructor.newInstanceWithCaller(Constructor.java:499)
	at java.base/java.lang.reflect.Constructor.newInstance(Constructor.java:483)
	at org.eclipse.core.internal.registry.osgi.RegistryStrategyOSGI.createExecutableExtension(RegistryStrategyOSGI.java:204)
	at org.eclipse.core.internal.registry.ExtensionRegistry.createExecutableExtension(ExtensionRegistry.java:920)
	at org.eclipse.core.internal.registry.ConfigurationElement.createExecutableExtension(ConfigurationElement.java:246)
	at org.eclipse.core.internal.registry.ConfigurationElementHandle.createExecutableExtension(ConfigurationElementHandle.java:63)
	at org.eclipse.lsp4e.LanguageServersRegistry$ExtensionLanguageServerDefinition.createConnectionProvider(LanguageServersRegistry.java:127)
	at org.eclipse.lsp4e.LanguageServerWrapper.lambda$1(LanguageServerWrapper.java:222)
	at java.base/java.util.concurrent.CompletableFuture$AsyncSupply.run(CompletableFuture.java:1768)
	at java.base/java.util.concurrent.CompletableFuture$AsyncSupply.exec(CompletableFuture.java:1760)
	at java.base/java.util.concurrent.ForkJoinTask.doExec(ForkJoinTask.java:373)
	at java.base/java.util.concurrent.ForkJoinPool$WorkQueue.topLevelExec(ForkJoinPool.java:1182)
	at java.base/java.util.concurrent.ForkJoinPool.scan(ForkJoinPool.java:1655)
	at java.base/java.util.concurrent.ForkJoinPool.runWorker(ForkJoinPool.java:1622)
	at java.base/java.util.concurrent.ForkJoinWorkerThread.run(ForkJoinWorkerThread.java:165)
2022-05-11 04:17:07,064 [Worker-5: Loading available Gradle versions] INFO  o.e.b.c.i.u.g.PublishedGradleVersions - Gradle version information cache is up-to-date. Trying to read.
2022-05-11 04:17:10,475 [Worker-0: Building] WARN  o.e.m.c.i.embedder.EclipseLogger - Using platform encoding (UTF-8 actually) to copy filtered resources, i.e. build is platform dependent!
2022-05-11 04:17:10,478 [Worker-0: Building] INFO  o.e.m.c.i.embedder.EclipseLogger - skip non existing resourceDirectory A:\Documents\Training\Spring\eclipse-workspace\projects\src\main\resources
2022-05-11 04:17:10,480 [Worker-0: Building] WARN  o.e.m.c.i.embedder.EclipseLogger - Using platform encoding (UTF-8 actually) to copy filtered resources, i.e. build is platform dependent!
2022-05-11 04:17:10,481 [Worker-0: Building] INFO  o.e.m.c.i.embedder.EclipseLogger - skip non existing resourceDirectory A:\Documents\Training\Spring\eclipse-workspace\projects\src\test\resources
2022-05-11 04:18:52,527 [Worker-17: Building] WARN  o.e.m.c.i.embedder.EclipseLogger - Using platform encoding (UTF-8 actually) to copy filtered resources, i.e. build is platform dependent!
2022-05-11 04:18:52,527 [Worker-17: Building] INFO  o.e.m.c.i.embedder.EclipseLogger - skip non existing resourceDirectory A:\Documents\Training\Spring\eclipse-workspace\projects\src\main\resources
2022-05-11 04:18:52,529 [Worker-17: Building] WARN  o.e.m.c.i.embedder.EclipseLogger - Using platform encoding (UTF-8 actually) to copy filtered resources, i.e. build is platform dependent!
2022-05-11 04:18:52,529 [Worker-17: Building] INFO  o.e.m.c.i.embedder.EclipseLogger - skip non existing resourceDirectory A:\Documents\Training\Spring\eclipse-workspace\projects\src\test\resources
2022-05-11 05:28:34,911 [Worker-40: Building] WARN  o.e.m.c.i.embedder.EclipseLogger - Using platform encoding (UTF-8 actually) to copy filtered resources, i.e. build is platform dependent!
2022-05-11 05:28:34,912 [Worker-40: Building] INFO  o.e.m.c.i.embedder.EclipseLogger - skip non existing resourceDirectory A:\Documents\Training\Spring\eclipse-workspace\projects\src\main\resources
2022-05-11 05:28:34,915 [Worker-40: Building] WARN  o.e.m.c.i.embedder.EclipseLogger - Using platform encoding (UTF-8 actually) to copy filtered resources, i.e. build is platform dependent!
2022-05-11 05:28:34,916 [Worker-40: Building] INFO  o.e.m.c.i.embedder.EclipseLogger - skip non existing resourceDirectory A:\Documents\Training\Spring\eclipse-workspace\projects\src\test\resources
2022-05-11 05:32:34,854 [Worker-43: Building] WARN  o.e.m.c.i.embedder.EclipseLogger - Using platform encoding (UTF-8 actually) to copy filtered resources, i.e. build is platform dependent!
2022-05-11 05:32:34,855 [Worker-43: Building] INFO  o.e.m.c.i.embedder.EclipseLogger - skip non existing resourceDirectory A:\Documents\Training\Spring\eclipse-workspace\projects\src\main\resources
2022-05-11 05:32:34,856 [Worker-43: Building] WARN  o.e.m.c.i.embedder.EclipseLogger - Using platform encoding (UTF-8 actually) to copy filtered resources, i.e. build is platform dependent!
2022-05-11 05:32:34,857 [Worker-43: Building] INFO  o.e.m.c.i.embedder.EclipseLogger - skip non existing resourceDirectory A:\Documents\Training\Spring\eclipse-workspace\projects\src\test\resources
2022-05-11 05:32:50,772 [Worker-43: Building] WARN  o.e.m.c.i.embedder.EclipseLogger - Using platform encoding (UTF-8 actually) to copy filtered resources, i.e. build is platform dependent!
2022-05-11 05:32:50,773 [Worker-43: Building] INFO  o.e.m.c.i.embedder.EclipseLogger - skip non existing resourceDirectory A:\Documents\Training\Spring\eclipse-workspace\projects\src\main\resources
2022-05-11 05:32:50,775 [Worker-43: Building] WARN  o.e.m.c.i.embedder.EclipseLogger - Using platform encoding (UTF-8 actually) to copy filtered resources, i.e. build is platform dependent!
2022-05-11 05:32:50,776 [Worker-43: Building] INFO  o.e.m.c.i.embedder.EclipseLogger - skip non existing resourceDirectory A:\Documents\Training\Spring\eclipse-workspace\projects\src\test\resources
2022-05-11 05:37:27,197 [Worker-47: Building] WARN  o.e.m.c.i.embedder.EclipseLogger - Using platform encoding (UTF-8 actually) to copy filtered resources, i.e. build is platform dependent!
2022-05-11 05:37:27,198 [Worker-47: Building] INFO  o.e.m.c.i.embedder.EclipseLogger - skip non existing resourceDirectory A:\Documents\Training\Spring\eclipse-workspace\projects\src\main\resources
2022-05-11 05:37:27,200 [Worker-47: Building] WARN  o.e.m.c.i.embedder.EclipseLogger - Using platform encoding (UTF-8 actually) to copy filtered resources, i.e. build is platform dependent!
2022-05-11 05:37:27,200 [Worker-47: Building] INFO  o.e.m.c.i.embedder.EclipseLogger - skip non existing resourceDirectory A:\Documents\Training\Spring\eclipse-workspace\projects\src\test\resources
2022-05-11 05:38:16,850 [Worker-47: Building] WARN  o.e.m.c.i.embedder.EclipseLogger - Using platform encoding (UTF-8 actually) to copy filtered resources, i.e. build is platform dependent!
2022-05-11 05:38:16,851 [Worker-47: Building] INFO  o.e.m.c.i.embedder.EclipseLogger - skip non existing resourceDirectory A:\Documents\Training\Spring\eclipse-workspace\projects\src\main\resources
2022-05-11 05:38:16,852 [Worker-47: Building] WARN  o.e.m.c.i.embedder.EclipseLogger - Using platform encoding (UTF-8 actually) to copy filtered resources, i.e. build is platform dependent!
2022-05-11 05:38:16,853 [Worker-47: Building] INFO  o.e.m.c.i.embedder.EclipseLogger - skip non existing resourceDirectory A:\Documents\Training\Spring\eclipse-workspace\projects\src\test\resources
2022-05-11 05:43:01,042 [Worker-43: Building] WARN  o.e.m.c.i.embedder.EclipseLogger - Using platform encoding (UTF-8 actually) to copy filtered resources, i.e. build is platform dependent!
2022-05-11 05:43:01,043 [Worker-43: Building] INFO  o.e.m.c.i.embedder.EclipseLogger - skip non existing resourceDirectory A:\Documents\Training\Spring\eclipse-workspace\projects\src\main\resources
2022-05-11 05:43:01,044 [Worker-43: Building] WARN  o.e.m.c.i.embedder.EclipseLogger - Using platform encoding (UTF-8 actually) to copy filtered resources, i.e. build is platform dependent!
2022-05-11 05:43:01,045 [Worker-43: Building] INFO  o.e.m.c.i.embedder.EclipseLogger - skip non existing resourceDirectory A:\Documents\Training\Spring\eclipse-workspace\projects\src\test\resources
2022-05-11 05:44:15,160 [Worker-44: Building] WARN  o.e.m.c.i.embedder.EclipseLogger - Using platform encoding (UTF-8 actually) to copy filtered resources, i.e. build is platform dependent!
2022-05-11 05:44:15,161 [Worker-44: Building] INFO  o.e.m.c.i.embedder.EclipseLogger - skip non existing resourceDirectory A:\Documents\Training\Spring\eclipse-workspace\projects\src\main\resources
2022-05-11 05:44:15,163 [Worker-44: Building] WARN  o.e.m.c.i.embedder.EclipseLogger - Using platform encoding (UTF-8 actually) to copy filtered resources, i.e. build is platform dependent!
2022-05-11 05:44:15,165 [Worker-44: Building] INFO  o.e.m.c.i.embedder.EclipseLogger - skip non existing resourceDirectory A:\Documents\Training\Spring\eclipse-workspace\projects\src\test\resources
2022-05-11 05:45:28,788 [Worker-48: Building] WARN  o.e.m.c.i.embedder.EclipseLogger - Using platform encoding (UTF-8 actually) to copy filtered resources, i.e. build is platform dependent!
2022-05-11 05:45:28,789 [Worker-48: Building] INFO  o.e.m.c.i.embedder.EclipseLogger - skip non existing resourceDirectory A:\Documents\Training\Spring\eclipse-workspace\projects\src\main\resources
2022-05-11 05:45:28,790 [Worker-48: Building] WARN  o.e.m.c.i.embedder.EclipseLogger - Using platform encoding (UTF-8 actually) to copy filtered resources, i.e. build is platform dependent!
2022-05-11 05:45:28,790 [Worker-48: Building] INFO  o.e.m.c.i.embedder.EclipseLogger - skip non existing resourceDirectory A:\Documents\Training\Spring\eclipse-workspace\projects\src\test\resources
2022-05-11 05:52:51,819 [Worker-44: Building] WARN  o.e.m.c.i.embedder.EclipseLogger - Using platform encoding (UTF-8 actually) to copy filtered resources, i.e. build is platform dependent!
2022-05-11 05:52:51,820 [Worker-44: Building] INFO  o.e.m.c.i.embedder.EclipseLogger - skip non existing resourceDirectory A:\Documents\Training\Spring\eclipse-workspace\projects\src\main\resources
2022-05-11 05:52:51,821 [Worker-44: Building] WARN  o.e.m.c.i.embedder.EclipseLogger - Using platform encoding (UTF-8 actually) to copy filtered resources, i.e. build is platform dependent!
2022-05-11 05:52:51,822 [Worker-44: Building] INFO  o.e.m.c.i.embedder.EclipseLogger - skip non existing resourceDirectory A:\Documents\Training\Spring\eclipse-workspace\projects\src\test\resources
2022-05-11 05:53:17,601 [Worker-44: Building] WARN  o.e.m.c.i.embedder.EclipseLogger - Using platform encoding (UTF-8 actually) to copy filtered resources, i.e. build is platform dependent!
2022-05-11 05:53:17,602 [Worker-44: Building] INFO  o.e.m.c.i.embedder.EclipseLogger - skip non existing resourceDirectory A:\Documents\Training\Spring\eclipse-workspace\projects\src\main\resources
2022-05-11 05:53:17,602 [Worker-44: Building] WARN  o.e.m.c.i.embedder.EclipseLogger - Using platform encoding (UTF-8 actually) to copy filtered resources, i.e. build is platform dependent!
2022-05-11 05:53:17,603 [Worker-44: Building] INFO  o.e.m.c.i.embedder.EclipseLogger - skip non existing resourceDirectory A:\Documents\Training\Spring\eclipse-workspace\projects\src\test\resources
2022-05-11 05:55:34,589 [Worker-50: Building] WARN  o.e.m.c.i.embedder.EclipseLogger - Using platform encoding (UTF-8 actually) to copy filtered resources, i.e. build is platform dependent!
2022-05-11 05:55:34,590 [Worker-50: Building] INFO  o.e.m.c.i.embedder.EclipseLogger - skip non existing resourceDirectory A:\Documents\Training\Spring\eclipse-workspace\projects\src\main\resources
2022-05-11 05:55:34,594 [Worker-50: Building] WARN  o.e.m.c.i.embedder.EclipseLogger - Using platform encoding (UTF-8 actually) to copy filtered resources, i.e. build is platform dependent!
2022-05-11 05:55:34,594 [Worker-50: Building] INFO  o.e.m.c.i.embedder.EclipseLogger - skip non existing resourceDirectory A:\Documents\Training\Spring\eclipse-workspace\projects\src\test\resources
2022-05-11 05:59:47,523 [Worker-44: Building] WARN  o.e.m.c.i.embedder.EclipseLogger - Using platform encoding (UTF-8 actually) to copy filtered resources, i.e. build is platform dependent!
2022-05-11 05:59:47,524 [Worker-44: Building] INFO  o.e.m.c.i.embedder.EclipseLogger - skip non existing resourceDirectory A:\Documents\Training\Spring\eclipse-workspace\projects\src\main\resources
2022-05-11 05:59:47,525 [Worker-44: Building] WARN  o.e.m.c.i.embedder.EclipseLogger - Using platform encoding (UTF-8 actually) to copy filtered resources, i.e. build is platform dependent!
2022-05-11 05:59:47,526 [Worker-44: Building] INFO  o.e.m.c.i.embedder.EclipseLogger - skip non existing resourceDirectory A:\Documents\Training\Spring\eclipse-workspace\projects\src\test\resources
2022-05-11 06:02:07,867 [Worker-51: Building] WARN  o.e.m.c.i.embedder.EclipseLogger - Using platform encoding (UTF-8 actually) to copy filtered resources, i.e. build is platform dependent!
2022-05-11 06:02:07,868 [Worker-51: Building] INFO  o.e.m.c.i.embedder.EclipseLogger - skip non existing resourceDirectory A:\Documents\Training\Spring\eclipse-workspace\projects\src\main\resources
2022-05-11 06:02:07,869 [Worker-51: Building] WARN  o.e.m.c.i.embedder.EclipseLogger - Using platform encoding (UTF-8 actually) to copy filtered resources, i.e. build is platform dependent!
2022-05-11 06:02:07,870 [Worker-51: Building] INFO  o.e.m.c.i.embedder.EclipseLogger - skip non existing resourceDirectory A:\Documents\Training\Spring\eclipse-workspace\projects\src\test\resources
2022-05-11 06:02:18,030 [Worker-44: Building] WARN  o.e.m.c.i.embedder.EclipseLogger - Using platform encoding (UTF-8 actually) to copy filtered resources, i.e. build is platform dependent!
2022-05-11 06:02:18,031 [Worker-44: Building] INFO  o.e.m.c.i.embedder.EclipseLogger - skip non existing resourceDirectory A:\Documents\Training\Spring\eclipse-workspace\projects\src\main\resources
2022-05-11 06:02:18,032 [Worker-44: Building] WARN  o.e.m.c.i.embedder.EclipseLogger - Using platform encoding (UTF-8 actually) to copy filtered resources, i.e. build is platform dependent!
2022-05-11 06:02:18,033 [Worker-44: Building] INFO  o.e.m.c.i.embedder.EclipseLogger - skip non existing resourceDirectory A:\Documents\Training\Spring\eclipse-workspace\projects\src\test\resources
2022-05-11 06:04:36,049 [Worker-44: Building] WARN  o.e.m.c.i.embedder.EclipseLogger - Using platform encoding (UTF-8 actually) to copy filtered resources, i.e. build is platform dependent!
2022-05-11 06:04:36,050 [Worker-44: Building] INFO  o.e.m.c.i.embedder.EclipseLogger - skip non existing resourceDirectory A:\Documents\Training\Spring\eclipse-workspace\projects\src\main\resources
2022-05-11 06:04:36,051 [Worker-44: Building] WARN  o.e.m.c.i.embedder.EclipseLogger - Using platform encoding (UTF-8 actually) to copy filtered resources, i.e. build is platform dependent!
2022-05-11 06:04:36,051 [Worker-44: Building] INFO  o.e.m.c.i.embedder.EclipseLogger - skip non existing resourceDirectory A:\Documents\Training\Spring\eclipse-workspace\projects\src\test\resources
2022-05-11 06:04:59,499 [Worker-50: Building] WARN  o.e.m.c.i.embedder.EclipseLogger - Using platform encoding (UTF-8 actually) to copy filtered resources, i.e. build is platform dependent!
2022-05-11 06:04:59,501 [Worker-50: Building] INFO  o.e.m.c.i.embedder.EclipseLogger - skip non existing resourceDirectory A:\Documents\Training\Spring\eclipse-workspace\projects\src\main\resources
2022-05-11 06:04:59,503 [Worker-50: Building] WARN  o.e.m.c.i.embedder.EclipseLogger - Using platform encoding (UTF-8 actually) to copy filtered resources, i.e. build is platform dependent!
2022-05-11 06:04:59,504 [Worker-50: Building] INFO  o.e.m.c.i.embedder.EclipseLogger - skip non existing resourceDirectory A:\Documents\Training\Spring\eclipse-workspace\projects\src\test\resources
2022-05-11 06:05:13,357 [Worker-43: Building] WARN  o.e.m.c.i.embedder.EclipseLogger - Using platform encoding (UTF-8 actually) to copy filtered resources, i.e. build is platform dependent!
2022-05-11 06:05:13,358 [Worker-43: Building] INFO  o.e.m.c.i.embedder.EclipseLogger - skip non existing resourceDirectory A:\Documents\Training\Spring\eclipse-workspace\projects\src\main\resources
2022-05-11 06:05:13,359 [Worker-43: Building] WARN  o.e.m.c.i.embedder.EclipseLogger - Using platform encoding (UTF-8 actually) to copy filtered resources, i.e. build is platform dependent!
2022-05-11 06:05:13,360 [Worker-43: Building] INFO  o.e.m.c.i.embedder.EclipseLogger - skip non existing resourceDirectory A:\Documents\Training\Spring\eclipse-workspace\projects\src\test\resources
2022-05-11 06:06:35,944 [Worker-52: Building] WARN  o.e.m.c.i.embedder.EclipseLogger - Using platform encoding (UTF-8 actually) to copy filtered resources, i.e. build is platform dependent!
2022-05-11 06:06:35,944 [Worker-52: Building] INFO  o.e.m.c.i.embedder.EclipseLogger - skip non existing resourceDirectory A:\Documents\Training\Spring\eclipse-workspace\projects\src\main\resources
2022-05-11 06:06:35,945 [Worker-52: Building] WARN  o.e.m.c.i.embedder.EclipseLogger - Using platform encoding (UTF-8 actually) to copy filtered resources, i.e. build is platform dependent!
2022-05-11 06:06:35,946 [Worker-52: Building] INFO  o.e.m.c.i.embedder.EclipseLogger - skip non existing resourceDirectory A:\Documents\Training\Spring\eclipse-workspace\projects\src\test\resources
2022-05-11 06:07:16,089 [Worker-52: Building] WARN  o.e.m.c.i.embedder.EclipseLogger - Using platform encoding (UTF-8 actually) to copy filtered resources, i.e. build is platform dependent!
2022-05-11 06:07:16,090 [Worker-52: Building] INFO  o.e.m.c.i.embedder.EclipseLogger - skip non existing resourceDirectory A:\Documents\Training\Spring\eclipse-workspace\projects\src\main\resources
2022-05-11 06:07:16,091 [Worker-52: Building] WARN  o.e.m.c.i.embedder.EclipseLogger - Using platform encoding (UTF-8 actually) to copy filtered resources, i.e. build is platform dependent!
2022-05-11 06:07:16,092 [Worker-52: Building] INFO  o.e.m.c.i.embedder.EclipseLogger - skip non existing resourceDirectory A:\Documents\Training\Spring\eclipse-workspace\projects\src\test\resources
2022-05-11 06:07:27,292 [Worker-43: Building] WARN  o.e.m.c.i.embedder.EclipseLogger - Using platform encoding (UTF-8 actually) to copy filtered resources, i.e. build is platform dependent!
2022-05-11 06:07:27,293 [Worker-43: Building] INFO  o.e.m.c.i.embedder.EclipseLogger - skip non existing resourceDirectory A:\Documents\Training\Spring\eclipse-workspace\projects\src\main\resources
2022-05-11 06:07:27,294 [Worker-43: Building] WARN  o.e.m.c.i.embedder.EclipseLogger - Using platform encoding (UTF-8 actually) to copy filtered resources, i.e. build is platform dependent!
2022-05-11 06:07:27,294 [Worker-43: Building] INFO  o.e.m.c.i.embedder.EclipseLogger - skip non existing resourceDirectory A:\Documents\Training\Spring\eclipse-workspace\projects\src\test\resources
2022-05-11 06:07:33,963 [Worker-52: Building] WARN  o.e.m.c.i.embedder.EclipseLogger - Using platform encoding (UTF-8 actually) to copy filtered resources, i.e. build is platform dependent!
2022-05-11 06:07:33,963 [Worker-52: Building] INFO  o.e.m.c.i.embedder.EclipseLogger - skip non existing resourceDirectory A:\Documents\Training\Spring\eclipse-workspace\projects\src\main\resources
2022-05-11 06:07:33,964 [Worker-52: Building] WARN  o.e.m.c.i.embedder.EclipseLogger - Using platform encoding (UTF-8 actually) to copy filtered resources, i.e. build is platform dependent!
2022-05-11 06:07:33,965 [Worker-52: Building] INFO  o.e.m.c.i.embedder.EclipseLogger - skip non existing resourceDirectory A:\Documents\Training\Spring\eclipse-workspace\projects\src\test\resources
2022-05-11 06:11:56,197 [Worker-44: Building] WARN  o.e.m.c.i.embedder.EclipseLogger - Using platform encoding (UTF-8 actually) to copy filtered resources, i.e. build is platform dependent!
2022-05-11 06:11:56,198 [Worker-44: Building] INFO  o.e.m.c.i.embedder.EclipseLogger - skip non existing resourceDirectory A:\Documents\Training\Spring\eclipse-workspace\projects\src\main\resources
2022-05-11 06:11:56,199 [Worker-44: Building] WARN  o.e.m.c.i.embedder.EclipseLogger - Using platform encoding (UTF-8 actually) to copy filtered resources, i.e. build is platform dependent!
2022-05-11 06:11:56,199 [Worker-44: Building] INFO  o.e.m.c.i.embedder.EclipseLogger - skip non existing resourceDirectory A:\Documents\Training\Spring\eclipse-workspace\projects\src\test\resources
2022-05-11 06:14:22,356 [Worker-55: Building] WARN  o.e.m.c.i.embedder.EclipseLogger - Using platform encoding (UTF-8 actually) to copy filtered resources, i.e. build is platform dependent!
2022-05-11 06:14:22,356 [Worker-55: Building] INFO  o.e.m.c.i.embedder.EclipseLogger - skip non existing resourceDirectory A:\Documents\Training\Spring\eclipse-workspace\projects\src\main\resources
2022-05-11 06:14:22,357 [Worker-55: Building] WARN  o.e.m.c.i.embedder.EclipseLogger - Using platform encoding (UTF-8 actually) to copy filtered resources, i.e. build is platform dependent!
2022-05-11 06:14:22,357 [Worker-55: Building] INFO  o.e.m.c.i.embedder.EclipseLogger - skip non existing resourceDirectory A:\Documents\Training\Spring\eclipse-workspace\projects\src\test\resources
2022-05-11 06:14:30,141 [Worker-55: Building] WARN  o.e.m.c.i.embedder.EclipseLogger - Using platform encoding (UTF-8 actually) to copy filtered resources, i.e. build is platform dependent!
2022-05-11 06:14:30,141 [Worker-55: Building] INFO  o.e.m.c.i.embedder.EclipseLogger - skip non existing resourceDirectory A:\Documents\Training\Spring\eclipse-workspace\projects\src\main\resources
2022-05-11 06:14:30,143 [Worker-55: Building] WARN  o.e.m.c.i.embedder.EclipseLogger - Using platform encoding (UTF-8 actually) to copy filtered resources, i.e. build is platform dependent!
2022-05-11 06:14:30,143 [Worker-55: Building] INFO  o.e.m.c.i.embedder.EclipseLogger - skip non existing resourceDirectory A:\Documents\Training\Spring\eclipse-workspace\projects\src\test\resources
2022-05-11 06:14:49,834 [Worker-56: Building] WARN  o.e.m.c.i.embedder.EclipseLogger - Using platform encoding (UTF-8 actually) to copy filtered resources, i.e. build is platform dependent!
2022-05-11 06:14:49,834 [Worker-56: Building] INFO  o.e.m.c.i.embedder.EclipseLogger - skip non existing resourceDirectory A:\Documents\Training\Spring\eclipse-workspace\projects\src\main\resources
2022-05-11 06:14:49,835 [Worker-56: Building] WARN  o.e.m.c.i.embedder.EclipseLogger - Using platform encoding (UTF-8 actually) to copy filtered resources, i.e. build is platform dependent!
2022-05-11 06:14:49,836 [Worker-56: Building] INFO  o.e.m.c.i.embedder.EclipseLogger - skip non existing resourceDirectory A:\Documents\Training\Spring\eclipse-workspace\projects\src\test\resources
2022-05-11 06:16:15,985 [Worker-56: Building] WARN  o.e.m.c.i.embedder.EclipseLogger - Using platform encoding (UTF-8 actually) to copy filtered resources, i.e. build is platform dependent!
2022-05-11 06:16:15,986 [Worker-56: Building] INFO  o.e.m.c.i.embedder.EclipseLogger - skip non existing resourceDirectory A:\Documents\Training\Spring\eclipse-workspace\projects\src\main\resources
2022-05-11 06:16:15,987 [Worker-56: Building] WARN  o.e.m.c.i.embedder.EclipseLogger - Using platform encoding (UTF-8 actually) to copy filtered resources, i.e. build is platform dependent!
2022-05-11 06:16:15,988 [Worker-56: Building] INFO  o.e.m.c.i.embedder.EclipseLogger - skip non existing resourceDirectory A:\Documents\Training\Spring\eclipse-workspace\projects\src\test\resources
2022-05-11 06:18:15,842 [Worker-58: Building] WARN  o.e.m.c.i.embedder.EclipseLogger - Using platform encoding (UTF-8 actually) to copy filtered resources, i.e. build is platform dependent!
2022-05-11 06:18:15,843 [Worker-58: Building] INFO  o.e.m.c.i.embedder.EclipseLogger - skip non existing resourceDirectory A:\Documents\Training\Spring\eclipse-workspace\projects\src\main\resources
2022-05-11 06:18:15,843 [Worker-58: Building] WARN  o.e.m.c.i.embedder.EclipseLogger - Using platform encoding (UTF-8 actually) to copy filtered resources, i.e. build is platform dependent!
2022-05-11 06:18:15,844 [Worker-58: Building] INFO  o.e.m.c.i.embedder.EclipseLogger - skip non existing resourceDirectory A:\Documents\Training\Spring\eclipse-workspace\projects\src\test\resources
2022-05-11 06:18:40,524 [Worker-62: Building] WARN  o.e.m.c.i.embedder.EclipseLogger - Using platform encoding (UTF-8 actually) to copy filtered resources, i.e. build is platform dependent!
2022-05-11 06:18:40,525 [Worker-62: Building] INFO  o.e.m.c.i.embedder.EclipseLogger - skip non existing resourceDirectory A:\Documents\Training\Spring\eclipse-workspace\projects\src\main\resources
2022-05-11 06:18:40,525 [Worker-62: Building] WARN  o.e.m.c.i.embedder.EclipseLogger - Using platform encoding (UTF-8 actually) to copy filtered resources, i.e. build is platform dependent!
2022-05-11 06:18:40,526 [Worker-62: Building] INFO  o.e.m.c.i.embedder.EclipseLogger - skip non existing resourceDirectory A:\Documents\Training\Spring\eclipse-workspace\projects\src\test\resources
2022-05-11 06:18:58,938 [Worker-59: Building] WARN  o.e.m.c.i.embedder.EclipseLogger - Using platform encoding (UTF-8 actually) to copy filtered resources, i.e. build is platform dependent!
2022-05-11 06:18:58,938 [Worker-59: Building] INFO  o.e.m.c.i.embedder.EclipseLogger - skip non existing resourceDirectory A:\Documents\Training\Spring\eclipse-workspace\projects\src\main\resources
2022-05-11 06:18:58,939 [Worker-59: Building] WARN  o.e.m.c.i.embedder.EclipseLogger - Using platform encoding (UTF-8 actually) to copy filtered resources, i.e. build is platform dependent!
2022-05-11 06:18:58,940 [Worker-59: Building] INFO  o.e.m.c.i.embedder.EclipseLogger - skip non existing resourceDirectory A:\Documents\Training\Spring\eclipse-workspace\projects\src\test\resources
2022-05-11 06:19:03,180 [Worker-61: Building] WARN  o.e.m.c.i.embedder.EclipseLogger - Using platform encoding (UTF-8 actually) to copy filtered resources, i.e. build is platform dependent!
2022-05-11 06:19:03,181 [Worker-61: Building] INFO  o.e.m.c.i.embedder.EclipseLogger - skip non existing resourceDirectory A:\Documents\Training\Spring\eclipse-workspace\projects\src\main\resources
2022-05-11 06:19:03,182 [Worker-61: Building] WARN  o.e.m.c.i.embedder.EclipseLogger - Using platform encoding (UTF-8 actually) to copy filtered resources, i.e. build is platform dependent!
2022-05-11 06:19:03,182 [Worker-61: Building] INFO  o.e.m.c.i.embedder.EclipseLogger - skip non existing resourceDirectory A:\Documents\Training\Spring\eclipse-workspace\projects\src\test\resources
2022-05-11 06:21:54,503 [Worker-56: Building] WARN  o.e.m.c.i.embedder.EclipseLogger - Using platform encoding (UTF-8 actually) to copy filtered resources, i.e. build is platform dependent!
2022-05-11 06:21:54,504 [Worker-56: Building] INFO  o.e.m.c.i.embedder.EclipseLogger - skip non existing resourceDirectory A:\Documents\Training\Spring\eclipse-workspace\projects\src\main\resources
2022-05-11 06:21:54,505 [Worker-56: Building] WARN  o.e.m.c.i.embedder.EclipseLogger - Using platform encoding (UTF-8 actually) to copy filtered resources, i.e. build is platform dependent!
2022-05-11 06:21:54,505 [Worker-56: Building] INFO  o.e.m.c.i.embedder.EclipseLogger - skip non existing resourceDirectory A:\Documents\Training\Spring\eclipse-workspace\projects\src\test\resources
2022-05-11 06:24:50,872 [Worker-56: Building] WARN  o.e.m.c.i.embedder.EclipseLogger - Using platform encoding (UTF-8 actually) to copy filtered resources, i.e. build is platform dependent!
2022-05-11 06:24:50,872 [Worker-56: Building] INFO  o.e.m.c.i.embedder.EclipseLogger - skip non existing resourceDirectory A:\Documents\Training\Spring\eclipse-workspace\projects\src\main\resources
2022-05-11 06:24:50,873 [Worker-56: Building] WARN  o.e.m.c.i.embedder.EclipseLogger - Using platform encoding (UTF-8 actually) to copy filtered resources, i.e. build is platform dependent!
2022-05-11 06:24:50,874 [Worker-56: Building] INFO  o.e.m.c.i.embedder.EclipseLogger - skip non existing resourceDirectory A:\Documents\Training\Spring\eclipse-workspace\projects\src\test\resources
2022-05-11 06:26:42,074 [Worker-65: Building] WARN  o.e.m.c.i.embedder.EclipseLogger - Using platform encoding (UTF-8 actually) to copy filtered resources, i.e. build is platform dependent!
2022-05-11 06:26:42,074 [Worker-65: Building] INFO  o.e.m.c.i.embedder.EclipseLogger - skip non existing resourceDirectory A:\Documents\Training\Spring\eclipse-workspace\projects\src\main\resources
2022-05-11 06:26:42,075 [Worker-65: Building] WARN  o.e.m.c.i.embedder.EclipseLogger - Using platform encoding (UTF-8 actually) to copy filtered resources, i.e. build is platform dependent!
2022-05-11 06:26:42,076 [Worker-65: Building] INFO  o.e.m.c.i.embedder.EclipseLogger - skip non existing resourceDirectory A:\Documents\Training\Spring\eclipse-workspace\projects\src\test\resources
2022-05-11 06:26:54,145 [Worker-56: Building] WARN  o.e.m.c.i.embedder.EclipseLogger - Using platform encoding (UTF-8 actually) to copy filtered resources, i.e. build is platform dependent!
2022-05-11 06:26:54,146 [Worker-56: Building] INFO  o.e.m.c.i.embedder.EclipseLogger - skip non existing resourceDirectory A:\Documents\Training\Spring\eclipse-workspace\projects\src\main\resources
2022-05-11 06:26:54,147 [Worker-56: Building] WARN  o.e.m.c.i.embedder.EclipseLogger - Using platform encoding (UTF-8 actually) to copy filtered resources, i.e. build is platform dependent!
2022-05-11 06:26:54,147 [Worker-56: Building] INFO  o.e.m.c.i.embedder.EclipseLogger - skip non existing resourceDirectory A:\Documents\Training\Spring\eclipse-workspace\projects\src\test\resources
2022-05-11 06:27:00,813 [Worker-68: Building] WARN  o.e.m.c.i.embedder.EclipseLogger - Using platform encoding (UTF-8 actually) to copy filtered resources, i.e. build is platform dependent!
2022-05-11 06:27:00,814 [Worker-68: Building] INFO  o.e.m.c.i.embedder.EclipseLogger - skip non existing resourceDirectory A:\Documents\Training\Spring\eclipse-workspace\projects\src\main\resources
2022-05-11 06:27:00,815 [Worker-68: Building] WARN  o.e.m.c.i.embedder.EclipseLogger - Using platform encoding (UTF-8 actually) to copy filtered resources, i.e. build is platform dependent!
2022-05-11 06:27:00,816 [Worker-68: Building] INFO  o.e.m.c.i.embedder.EclipseLogger - skip non existing resourceDirectory A:\Documents\Training\Spring\eclipse-workspace\projects\src\test\resources
2022-05-11 06:27:57,949 [Worker-68: Building] WARN  o.e.m.c.i.embedder.EclipseLogger - Using platform encoding (UTF-8 actually) to copy filtered resources, i.e. build is platform dependent!
2022-05-11 06:27:57,950 [Worker-68: Building] INFO  o.e.m.c.i.embedder.EclipseLogger - skip non existing resourceDirectory A:\Documents\Training\Spring\eclipse-workspace\projects\src\main\resources
2022-05-11 06:27:57,951 [Worker-68: Building] WARN  o.e.m.c.i.embedder.EclipseLogger - Using platform encoding (UTF-8 actually) to copy filtered resources, i.e. build is platform dependent!
2022-05-11 06:27:57,951 [Worker-68: Building] INFO  o.e.m.c.i.embedder.EclipseLogger - skip non existing resourceDirectory A:\Documents\Training\Spring\eclipse-workspace\projects\src\test\resources
2022-05-11 06:29:18,118 [Worker-56: Building] WARN  o.e.m.c.i.embedder.EclipseLogger - Using platform encoding (UTF-8 actually) to copy filtered resources, i.e. build is platform dependent!
2022-05-11 06:29:18,118 [Worker-56: Building] INFO  o.e.m.c.i.embedder.EclipseLogger - skip non existing resourceDirectory A:\Documents\Training\Spring\eclipse-workspace\projects\src\main\resources
2022-05-11 06:29:18,119 [Worker-56: Building] WARN  o.e.m.c.i.embedder.EclipseLogger - Using platform encoding (UTF-8 actually) to copy filtered resources, i.e. build is platform dependent!
2022-05-11 06:29:18,120 [Worker-56: Building] INFO  o.e.m.c.i.embedder.EclipseLogger - skip non existing resourceDirectory A:\Documents\Training\Spring\eclipse-workspace\projects\src\test\resources
2022-05-11 06:29:32,954 [Worker-65: Building] WARN  o.e.m.c.i.embedder.EclipseLogger - Using platform encoding (UTF-8 actually) to copy filtered resources, i.e. build is platform dependent!
2022-05-11 06:29:32,955 [Worker-65: Building] INFO  o.e.m.c.i.embedder.EclipseLogger - skip non existing resourceDirectory A:\Documents\Training\Spring\eclipse-workspace\projects\src\main\resources
2022-05-11 06:29:32,956 [Worker-65: Building] WARN  o.e.m.c.i.embedder.EclipseLogger - Using platform encoding (UTF-8 actually) to copy filtered resources, i.e. build is platform dependent!
2022-05-11 06:29:32,956 [Worker-65: Building] INFO  o.e.m.c.i.embedder.EclipseLogger - skip non existing resourceDirectory A:\Documents\Training\Spring\eclipse-workspace\projects\src\test\resources
2022-05-11 06:29:39,793 [Worker-72: Building] WARN  o.e.m.c.i.embedder.EclipseLogger - Using platform encoding (UTF-8 actually) to copy filtered resources, i.e. build is platform dependent!
2022-05-11 06:29:39,794 [Worker-72: Building] INFO  o.e.m.c.i.embedder.EclipseLogger - skip non existing resourceDirectory A:\Documents\Training\Spring\eclipse-workspace\projects\src\main\resources
2022-05-11 06:29:39,795 [Worker-72: Building] WARN  o.e.m.c.i.embedder.EclipseLogger - Using platform encoding (UTF-8 actually) to copy filtered resources, i.e. build is platform dependent!
2022-05-11 06:29:39,795 [Worker-72: Building] INFO  o.e.m.c.i.embedder.EclipseLogger - skip non existing resourceDirectory A:\Documents\Training\Spring\eclipse-workspace\projects\src\test\resources
2022-05-11 06:30:25,950 [Worker-71: Building] WARN  o.e.m.c.i.embedder.EclipseLogger - Using platform encoding (UTF-8 actually) to copy filtered resources, i.e. build is platform dependent!
2022-05-11 06:30:25,951 [Worker-71: Building] INFO  o.e.m.c.i.embedder.EclipseLogger - skip non existing resourceDirectory A:\Documents\Training\Spring\eclipse-workspace\projects\src\main\resources
2022-05-11 06:30:25,952 [Worker-71: Building] WARN  o.e.m.c.i.embedder.EclipseLogger - Using platform encoding (UTF-8 actually) to copy filtered resources, i.e. build is platform dependent!
2022-05-11 06:30:25,953 [Worker-71: Building] INFO  o.e.m.c.i.embedder.EclipseLogger - skip non existing resourceDirectory A:\Documents\Training\Spring\eclipse-workspace\projects\src\test\resources
2022-05-11 06:30:37,634 [Worker-56: Building] WARN  o.e.m.c.i.embedder.EclipseLogger - Using platform encoding (UTF-8 actually) to copy filtered resources, i.e. build is platform dependent!
2022-05-11 06:30:37,635 [Worker-56: Building] INFO  o.e.m.c.i.embedder.EclipseLogger - skip non existing resourceDirectory A:\Documents\Training\Spring\eclipse-workspace\projects\src\main\resources
2022-05-11 06:30:37,636 [Worker-56: Building] WARN  o.e.m.c.i.embedder.EclipseLogger - Using platform encoding (UTF-8 actually) to copy filtered resources, i.e. build is platform dependent!
2022-05-11 06:30:37,636 [Worker-56: Building] INFO  o.e.m.c.i.embedder.EclipseLogger - skip non existing resourceDirectory A:\Documents\Training\Spring\eclipse-workspace\projects\src\test\resources
2022-05-11 06:30:57,404 [Worker-56: Building] WARN  o.e.m.c.i.embedder.EclipseLogger - Using platform encoding (UTF-8 actually) to copy filtered resources, i.e. build is platform dependent!
2022-05-11 06:30:57,405 [Worker-56: Building] INFO  o.e.m.c.i.embedder.EclipseLogger - skip non existing resourceDirectory A:\Documents\Training\Spring\eclipse-workspace\projects\src\main\resources
2022-05-11 06:30:57,405 [Worker-56: Building] WARN  o.e.m.c.i.embedder.EclipseLogger - Using platform encoding (UTF-8 actually) to copy filtered resources, i.e. build is platform dependent!
2022-05-11 06:30:57,406 [Worker-56: Building] INFO  o.e.m.c.i.embedder.EclipseLogger - skip non existing resourceDirectory A:\Documents\Training\Spring\eclipse-workspace\projects\src\test\resources
2022-05-11 06:31:05,363 [Worker-72: Building] WARN  o.e.m.c.i.embedder.EclipseLogger - Using platform encoding (UTF-8 actually) to copy filtered resources, i.e. build is platform dependent!
2022-05-11 06:31:05,364 [Worker-72: Building] INFO  o.e.m.c.i.embedder.EclipseLogger - skip non existing resourceDirectory A:\Documents\Training\Spring\eclipse-workspace\projects\src\main\resources
2022-05-11 06:31:05,365 [Worker-72: Building] WARN  o.e.m.c.i.embedder.EclipseLogger - Using platform encoding (UTF-8 actually) to copy filtered resources, i.e. build is platform dependent!
2022-05-11 06:31:05,365 [Worker-72: Building] INFO  o.e.m.c.i.embedder.EclipseLogger - skip non existing resourceDirectory A:\Documents\Training\Spring\eclipse-workspace\projects\src\test\resources
2022-05-11 06:33:26,532 [Worker-70: Building] WARN  o.e.m.c.i.embedder.EclipseLogger - Using platform encoding (UTF-8 actually) to copy filtered resources, i.e. build is platform dependent!
2022-05-11 06:33:26,532 [Worker-70: Building] INFO  o.e.m.c.i.embedder.EclipseLogger - skip non existing resourceDirectory A:\Documents\Training\Spring\eclipse-workspace\projects\src\main\resources
2022-05-11 06:33:26,533 [Worker-70: Building] WARN  o.e.m.c.i.embedder.EclipseLogger - Using platform encoding (UTF-8 actually) to copy filtered resources, i.e. build is platform dependent!
2022-05-11 06:33:26,534 [Worker-70: Building] INFO  o.e.m.c.i.embedder.EclipseLogger - skip non existing resourceDirectory A:\Documents\Training\Spring\eclipse-workspace\projects\src\test\resources
2022-05-11 06:33:36,162 [Worker-72: Building] WARN  o.e.m.c.i.embedder.EclipseLogger - Using platform encoding (UTF-8 actually) to copy filtered resources, i.e. build is platform dependent!
2022-05-11 06:33:36,162 [Worker-72: Building] INFO  o.e.m.c.i.embedder.EclipseLogger - skip non existing resourceDirectory A:\Documents\Training\Spring\eclipse-workspace\projects\src\main\resources
2022-05-11 06:33:36,163 [Worker-72: Building] WARN  o.e.m.c.i.embedder.EclipseLogger - Using platform encoding (UTF-8 actually) to copy filtered resources, i.e. build is platform dependent!
2022-05-11 06:33:36,164 [Worker-72: Building] INFO  o.e.m.c.i.embedder.EclipseLogger - skip non existing resourceDirectory A:\Documents\Training\Spring\eclipse-workspace\projects\src\test\resources
2022-05-11 06:33:40,967 [Worker-65: Building] WARN  o.e.m.c.i.embedder.EclipseLogger - Using platform encoding (UTF-8 actually) to copy filtered resources, i.e. build is platform dependent!
2022-05-11 06:33:40,968 [Worker-65: Building] INFO  o.e.m.c.i.embedder.EclipseLogger - skip non existing resourceDirectory A:\Documents\Training\Spring\eclipse-workspace\projects\src\main\resources
2022-05-11 06:33:40,969 [Worker-65: Building] WARN  o.e.m.c.i.embedder.EclipseLogger - Using platform encoding (UTF-8 actually) to copy filtered resources, i.e. build is platform dependent!
2022-05-11 06:33:40,969 [Worker-65: Building] INFO  o.e.m.c.i.embedder.EclipseLogger - skip non existing resourceDirectory A:\Documents\Training\Spring\eclipse-workspace\projects\src\test\resources
2022-05-11 06:33:43,364 [Worker-72: Building] WARN  o.e.m.c.i.embedder.EclipseLogger - Using platform encoding (UTF-8 actually) to copy filtered resources, i.e. build is platform dependent!
2022-05-11 06:33:43,364 [Worker-72: Building] INFO  o.e.m.c.i.embedder.EclipseLogger - skip non existing resourceDirectory A:\Documents\Training\Spring\eclipse-workspace\projects\src\main\resources
2022-05-11 06:33:43,365 [Worker-72: Building] WARN  o.e.m.c.i.embedder.EclipseLogger - Using platform encoding (UTF-8 actually) to copy filtered resources, i.e. build is platform dependent!
2022-05-11 06:33:43,366 [Worker-72: Building] INFO  o.e.m.c.i.embedder.EclipseLogger - skip non existing resourceDirectory A:\Documents\Training\Spring\eclipse-workspace\projects\src\test\resources
2022-05-11 06:35:56,205 [Worker-71: Building] WARN  o.e.m.c.i.embedder.EclipseLogger - Using platform encoding (UTF-8 actually) to copy filtered resources, i.e. build is platform dependent!
2022-05-11 06:35:56,206 [Worker-71: Building] INFO  o.e.m.c.i.embedder.EclipseLogger - skip non existing resourceDirectory A:\Documents\Training\Spring\eclipse-workspace\projects\src\main\resources
2022-05-11 06:35:56,207 [Worker-71: Building] WARN  o.e.m.c.i.embedder.EclipseLogger - Using platform encoding (UTF-8 actually) to copy filtered resources, i.e. build is platform dependent!
2022-05-11 06:35:56,207 [Worker-71: Building] INFO  o.e.m.c.i.embedder.EclipseLogger - skip non existing resourceDirectory A:\Documents\Training\Spring\eclipse-workspace\projects\src\test\resources
2022-05-11 06:36:35,531 [Worker-56: Building] WARN  o.e.m.c.i.embedder.EclipseLogger - Using platform encoding (UTF-8 actually) to copy filtered resources, i.e. build is platform dependent!
2022-05-11 06:36:35,532 [Worker-56: Building] INFO  o.e.m.c.i.embedder.EclipseLogger - skip non existing resourceDirectory A:\Documents\Training\Spring\eclipse-workspace\projects\src\main\resources
2022-05-11 06:36:35,533 [Worker-56: Building] WARN  o.e.m.c.i.embedder.EclipseLogger - Using platform encoding (UTF-8 actually) to copy filtered resources, i.e. build is platform dependent!
2022-05-11 06:36:35,533 [Worker-56: Building] INFO  o.e.m.c.i.embedder.EclipseLogger - skip non existing resourceDirectory A:\Documents\Training\Spring\eclipse-workspace\projects\src\test\resources
2022-05-11 06:36:55,063 [Worker-70: Building] WARN  o.e.m.c.i.embedder.EclipseLogger - Using platform encoding (UTF-8 actually) to copy filtered resources, i.e. build is platform dependent!
2022-05-11 06:36:55,064 [Worker-70: Building] INFO  o.e.m.c.i.embedder.EclipseLogger - skip non existing resourceDirectory A:\Documents\Training\Spring\eclipse-workspace\projects\src\main\resources
2022-05-11 06:36:55,065 [Worker-70: Building] WARN  o.e.m.c.i.embedder.EclipseLogger - Using platform encoding (UTF-8 actually) to copy filtered resources, i.e. build is platform dependent!
2022-05-11 06:36:55,066 [Worker-70: Building] INFO  o.e.m.c.i.embedder.EclipseLogger - skip non existing resourceDirectory A:\Documents\Training\Spring\eclipse-workspace\projects\src\test\resources
2022-05-11 06:37:17,354 [Worker-71: Building] WARN  o.e.m.c.i.embedder.EclipseLogger - Using platform encoding (UTF-8 actually) to copy filtered resources, i.e. build is platform dependent!
2022-05-11 06:37:17,355 [Worker-71: Building] INFO  o.e.m.c.i.embedder.EclipseLogger - skip non existing resourceDirectory A:\Documents\Training\Spring\eclipse-workspace\projects\src\main\resources
2022-05-11 06:37:17,356 [Worker-71: Building] WARN  o.e.m.c.i.embedder.EclipseLogger - Using platform encoding (UTF-8 actually) to copy filtered resources, i.e. build is platform dependent!
2022-05-11 06:37:17,356 [Worker-71: Building] INFO  o.e.m.c.i.embedder.EclipseLogger - skip non existing resourceDirectory A:\Documents\Training\Spring\eclipse-workspace\projects\src\test\resources
2022-05-11 06:37:59,089 [Worker-72: Building] WARN  o.e.m.c.i.embedder.EclipseLogger - Using platform encoding (UTF-8 actually) to copy filtered resources, i.e. build is platform dependent!
2022-05-11 06:37:59,089 [Worker-72: Building] INFO  o.e.m.c.i.embedder.EclipseLogger - skip non existing resourceDirectory A:\Documents\Training\Spring\eclipse-workspace\projects\src\main\resources
2022-05-11 06:37:59,090 [Worker-72: Building] WARN  o.e.m.c.i.embedder.EclipseLogger - Using platform encoding (UTF-8 actually) to copy filtered resources, i.e. build is platform dependent!
2022-05-11 06:37:59,091 [Worker-72: Building] INFO  o.e.m.c.i.embedder.EclipseLogger - skip non existing resourceDirectory A:\Documents\Training\Spring\eclipse-workspace\projects\src\test\resources
2022-05-11 06:38:01,410 [Worker-56: Building] WARN  o.e.m.c.i.embedder.EclipseLogger - Using platform encoding (UTF-8 actually) to copy filtered resources, i.e. build is platform dependent!
2022-05-11 06:38:01,410 [Worker-56: Building] INFO  o.e.m.c.i.embedder.EclipseLogger - skip non existing resourceDirectory A:\Documents\Training\Spring\eclipse-workspace\projects\src\main\resources
2022-05-11 06:38:01,411 [Worker-56: Building] WARN  o.e.m.c.i.embedder.EclipseLogger - Using platform encoding (UTF-8 actually) to copy filtered resources, i.e. build is platform dependent!
2022-05-11 06:38:01,412 [Worker-56: Building] INFO  o.e.m.c.i.embedder.EclipseLogger - skip non existing resourceDirectory A:\Documents\Training\Spring\eclipse-workspace\projects\src\test\resources
2022-05-11 06:38:17,185 [Worker-65: Building] WARN  o.e.m.c.i.embedder.EclipseLogger - Using platform encoding (UTF-8 actually) to copy filtered resources, i.e. build is platform dependent!
2022-05-11 06:38:17,187 [Worker-65: Building] INFO  o.e.m.c.i.embedder.EclipseLogger - skip non existing resourceDirectory A:\Documents\Training\Spring\eclipse-workspace\projects\src\main\resources
2022-05-11 06:38:17,187 [Worker-65: Building] WARN  o.e.m.c.i.embedder.EclipseLogger - Using platform encoding (UTF-8 actually) to copy filtered resources, i.e. build is platform dependent!
2022-05-11 06:38:17,188 [Worker-65: Building] INFO  o.e.m.c.i.embedder.EclipseLogger - skip non existing resourceDirectory A:\Documents\Training\Spring\eclipse-workspace\projects\src\test\resources
2022-05-11 06:38:40,397 [Worker-72: Building] WARN  o.e.m.c.i.embedder.EclipseLogger - Using platform encoding (UTF-8 actually) to copy filtered resources, i.e. build is platform dependent!
2022-05-11 06:38:40,398 [Worker-72: Building] INFO  o.e.m.c.i.embedder.EclipseLogger - skip non existing resourceDirectory A:\Documents\Training\Spring\eclipse-workspace\projects\src\main\resources
2022-05-11 06:38:40,399 [Worker-72: Building] WARN  o.e.m.c.i.embedder.EclipseLogger - Using platform encoding (UTF-8 actually) to copy filtered resources, i.e. build is platform dependent!
2022-05-11 06:38:40,399 [Worker-72: Building] INFO  o.e.m.c.i.embedder.EclipseLogger - skip non existing resourceDirectory A:\Documents\Training\Spring\eclipse-workspace\projects\src\test\resources
2022-05-11 07:19:15,898 [Worker-75: Building] WARN  o.e.m.c.i.embedder.EclipseLogger - Using platform encoding (UTF-8 actually) to copy filtered resources, i.e. build is platform dependent!
2022-05-11 07:19:15,899 [Worker-75: Building] INFO  o.e.m.c.i.embedder.EclipseLogger - skip non existing resourceDirectory A:\Documents\Training\Spring\eclipse-workspace\projects\src\main\resources
2022-05-11 07:19:15,900 [Worker-75: Building] WARN  o.e.m.c.i.embedder.EclipseLogger - Using platform encoding (UTF-8 actually) to copy filtered resources, i.e. build is platform dependent!
2022-05-11 07:19:15,900 [Worker-75: Building] INFO  o.e.m.c.i.embedder.EclipseLogger - skip non existing resourceDirectory A:\Documents\Training\Spring\eclipse-workspace\projects\src\test\resources
2022-05-11 07:20:50,426 [Worker-1: Building] WARN  o.e.m.c.i.embedder.EclipseLogger - Using platform encoding (UTF-8 actually) to copy filtered resources, i.e. build is platform dependent!
2022-05-11 07:20:50,435 [Worker-1: Building] INFO  o.e.m.c.i.embedder.EclipseLogger - skip non existing resourceDirectory A:\Documents\Training\Spring\eclipse-workspace\projects\src\main\resources
2022-05-11 07:20:50,438 [Worker-1: Building] WARN  o.e.m.c.i.embedder.EclipseLogger - Using platform encoding (UTF-8 actually) to copy filtered resources, i.e. build is platform dependent!
2022-05-11 07:20:50,439 [Worker-1: Building] INFO  o.e.m.c.i.embedder.EclipseLogger - skip non existing resourceDirectory A:\Documents\Training\Spring\eclipse-workspace\projects\src\test\resources
2022-05-11 07:29:45,506 [Worker-8: Building] WARN  o.e.m.c.i.embedder.EclipseLogger - Using platform encoding (UTF-8 actually) to copy filtered resources, i.e. build is platform dependent!
2022-05-11 07:29:45,512 [Worker-8: Building] INFO  o.e.m.c.i.embedder.EclipseLogger - skip non existing resourceDirectory A:\Documents\Training\Spring\eclipse-workspace\projects\src\main\resources
2022-05-11 07:29:45,514 [Worker-8: Building] WARN  o.e.m.c.i.embedder.EclipseLogger - Using platform encoding (UTF-8 actually) to copy filtered resources, i.e. build is platform dependent!
2022-05-11 07:29:45,515 [Worker-8: Building] INFO  o.e.m.c.i.embedder.EclipseLogger - skip non existing resourceDirectory A:\Documents\Training\Spring\eclipse-workspace\projects\src\test\resources
2022-05-11 07:30:23,456 [Worker-19: Loading available Gradle versions] INFO  o.e.b.c.i.u.g.PublishedGradleVersions - Gradle version information cache is up-to-date. Trying to read.
2022-05-11 07:32:51,365 [Worker-24: Loading available Gradle versions] INFO  o.e.b.c.i.u.g.PublishedGradleVersions - Gradle version information cache is up-to-date. Trying to read.
2022-05-11 07:36:02,198 [Worker-20: Building] WARN  o.e.m.c.i.embedder.EclipseLogger - Using platform encoding (UTF-8 actually) to copy filtered resources, i.e. build is platform dependent!
2022-05-11 07:36:02,200 [Worker-20: Building] INFO  o.e.m.c.i.embedder.EclipseLogger - skip non existing resourceDirectory A:\Documents\Training\Spring\eclipse-workspace\projects\src\main\resources
2022-05-11 07:36:02,202 [Worker-20: Building] WARN  o.e.m.c.i.embedder.EclipseLogger - Using platform encoding (UTF-8 actually) to copy filtered resources, i.e. build is platform dependent!
2022-05-11 07:36:02,203 [Worker-20: Building] INFO  o.e.m.c.i.embedder.EclipseLogger - skip non existing resourceDirectory A:\Documents\Training\Spring\eclipse-workspace\projects\src\test\resources
2022-05-11 07:36:10,290 [Worker-12: Building] WARN  o.e.m.c.i.embedder.EclipseLogger - Using platform encoding (UTF-8 actually) to copy filtered resources, i.e. build is platform dependent!
2022-05-11 07:36:10,291 [Worker-12: Building] INFO  o.e.m.c.i.embedder.EclipseLogger - skip non existing resourceDirectory A:\Documents\Training\Spring\eclipse-workspace\projects\src\main\resources
2022-05-11 07:36:10,293 [Worker-12: Building] WARN  o.e.m.c.i.embedder.EclipseLogger - Using platform encoding (UTF-8 actually) to copy filtered resources, i.e. build is platform dependent!
2022-05-11 07:36:10,293 [Worker-12: Building] INFO  o.e.m.c.i.embedder.EclipseLogger - skip non existing resourceDirectory A:\Documents\Training\Spring\eclipse-workspace\projects\src\test\resources
2022-05-11 07:36:57,363 [Worker-12: Building] WARN  o.e.m.c.i.embedder.EclipseLogger - Using platform encoding (UTF-8 actually) to copy filtered resources, i.e. build is platform dependent!
2022-05-11 07:36:57,364 [Worker-12: Building] INFO  o.e.m.c.i.embedder.EclipseLogger - skip non existing resourceDirectory A:\Documents\Training\Spring\eclipse-workspace\projects\src\main\resources
2022-05-11 07:36:57,366 [Worker-12: Building] WARN  o.e.m.c.i.embedder.EclipseLogger - Using platform encoding (UTF-8 actually) to copy filtered resources, i.e. build is platform dependent!
2022-05-11 07:36:57,367 [Worker-12: Building] INFO  o.e.m.c.i.embedder.EclipseLogger - skip non existing resourceDirectory A:\Documents\Training\Spring\eclipse-workspace\projects\src\test\resources
2022-05-11 07:37:17,286 [Worker-7: Building] WARN  o.e.m.c.i.embedder.EclipseLogger - Using platform encoding (UTF-8 actually) to copy filtered resources, i.e. build is platform dependent!
2022-05-11 07:37:17,287 [Worker-7: Building] INFO  o.e.m.c.i.embedder.EclipseLogger - skip non existing resourceDirectory A:\Documents\Training\Spring\eclipse-workspace\projects\src\main\resources
2022-05-11 07:37:17,288 [Worker-7: Building] WARN  o.e.m.c.i.embedder.EclipseLogger - Using platform encoding (UTF-8 actually) to copy filtered resources, i.e. build is platform dependent!
2022-05-11 07:37:17,289 [Worker-7: Building] INFO  o.e.m.c.i.embedder.EclipseLogger - skip non existing resourceDirectory A:\Documents\Training\Spring\eclipse-workspace\projects\src\test\resources
2022-05-11 07:39:21,596 [Worker-12: Building] WARN  o.e.m.c.i.embedder.EclipseLogger - Using platform encoding (UTF-8 actually) to copy filtered resources, i.e. build is platform dependent!
2022-05-11 07:39:21,597 [Worker-12: Building] INFO  o.e.m.c.i.embedder.EclipseLogger - skip non existing resourceDirectory A:\Documents\Training\Spring\eclipse-workspace\projects\src\main\resources
2022-05-11 07:39:21,599 [Worker-12: Building] WARN  o.e.m.c.i.embedder.EclipseLogger - Using platform encoding (UTF-8 actually) to copy filtered resources, i.e. build is platform dependent!
2022-05-11 07:39:21,599 [Worker-12: Building] INFO  o.e.m.c.i.embedder.EclipseLogger - skip non existing resourceDirectory A:\Documents\Training\Spring\eclipse-workspace\projects\src\test\resources
2022-05-11 07:39:21,681 [ForkJoinPool.commonPool-worker-12] ERROR o.e.m.e.l.MavenRuntimeClasspathProvider - Illegal character in path at index 20: file:/C:/Users/Anesh S M/.p2/pool/plugins/org.eclipse.m2e.maven.runtime_1.18.3.20220227-1319/jars/
java.net.URISyntaxException: Illegal character in path at index 20: file:/C:/Users/Anesh S M/.p2/pool/plugins/org.eclipse.m2e.maven.runtime_1.18.3.20220227-1319/jars/
	at java.base/java.net.URI$Parser.fail(URI.java:2973)
	at java.base/java.net.URI$Parser.checkChars(URI.java:3144)
	at java.base/java.net.URI$Parser.parseHierarchical(URI.java:3226)
	at java.base/java.net.URI$Parser.parse(URI.java:3174)
	at java.base/java.net.URI.<init>(URI.java:623)
	at java.base/java.net.URL.toURI(URL.java:1056)
	at org.eclipse.m2e.editor.lemminx.MavenRuntimeClasspathProvider.addJarsFromBundle(MavenRuntimeClasspathProvider.java:81)
	at org.eclipse.m2e.editor.lemminx.MavenRuntimeClasspathProvider.get(MavenRuntimeClasspathProvider.java:66)
	at org.eclipse.m2e.editor.lemminx.MavenRuntimeClasspathProvider.get(MavenRuntimeClasspathProvider.java:1)
	at java.base/java.util.stream.ReferencePipeline$3$1.accept(ReferencePipeline.java:197)
	at java.base/java.util.stream.ReferencePipeline$3$1.accept(ReferencePipeline.java:197)
	at java.base/java.util.HashMap$EntrySpliterator.forEachRemaining(HashMap.java:1850)
	at java.base/java.util.stream.AbstractPipeline.copyInto(AbstractPipeline.java:509)
	at java.base/java.util.stream.AbstractPipeline.wrapAndCopyInto(AbstractPipeline.java:499)
	at java.base/java.util.stream.ForEachOps$ForEachOp.evaluateSequential(ForEachOps.java:150)
	at java.base/java.util.stream.ForEachOps$ForEachOp$OfRef.evaluateSequential(ForEachOps.java:173)
	at java.base/java.util.stream.AbstractPipeline.evaluate(AbstractPipeline.java:234)
	at java.base/java.util.stream.ReferencePipeline.forEach(ReferencePipeline.java:596)
	at org.eclipse.wildwebdeveloper.xml.internal.XMLExtensionRegistry.getXMLLSClassPathExtensions(XMLExtensionRegistry.java:81)
	at org.eclipse.wildwebdeveloper.xml.internal.XMLLanguageServer.getExtensionJarPaths(XMLLanguageServer.java:142)
	at org.eclipse.wildwebdeveloper.xml.internal.XMLLanguageServer.<init>(XMLLanguageServer.java:83)
	at java.base/jdk.internal.reflect.DirectConstructorHandleAccessor.newInstance(DirectConstructorHandleAccessor.java:67)
	at java.base/java.lang.reflect.Constructor.newInstanceWithCaller(Constructor.java:499)
	at java.base/java.lang.reflect.Constructor.newInstance(Constructor.java:483)
	at org.eclipse.core.internal.registry.osgi.RegistryStrategyOSGI.createExecutableExtension(RegistryStrategyOSGI.java:204)
	at org.eclipse.core.internal.registry.ExtensionRegistry.createExecutableExtension(ExtensionRegistry.java:920)
	at org.eclipse.core.internal.registry.ConfigurationElement.createExecutableExtension(ConfigurationElement.java:246)
	at org.eclipse.core.internal.registry.ConfigurationElementHandle.createExecutableExtension(ConfigurationElementHandle.java:63)
	at org.eclipse.lsp4e.LanguageServersRegistry$ExtensionLanguageServerDefinition.createConnectionProvider(LanguageServersRegistry.java:127)
	at org.eclipse.lsp4e.LanguageServerWrapper.lambda$1(LanguageServerWrapper.java:222)
	at java.base/java.util.concurrent.CompletableFuture$AsyncSupply.run(CompletableFuture.java:1768)
	at java.base/java.util.concurrent.CompletableFuture$AsyncSupply.exec(CompletableFuture.java:1760)
	at java.base/java.util.concurrent.ForkJoinTask.doExec(ForkJoinTask.java:373)
	at java.base/java.util.concurrent.ForkJoinPool$WorkQueue.topLevelExec(ForkJoinPool.java:1182)
	at java.base/java.util.concurrent.ForkJoinPool.scan(ForkJoinPool.java:1655)
	at java.base/java.util.concurrent.ForkJoinPool.runWorker(ForkJoinPool.java:1622)
	at java.base/java.util.concurrent.ForkJoinWorkerThread.run(ForkJoinWorkerThread.java:165)
2022-05-11 07:42:42,114 [Worker-9: Building] WARN  o.e.m.c.i.embedder.EclipseLogger - Using platform encoding (UTF-8 actually) to copy filtered resources, i.e. build is platform dependent!
2022-05-11 07:42:42,115 [Worker-9: Building] INFO  o.e.m.c.i.embedder.EclipseLogger - skip non existing resourceDirectory A:\Documents\Training\Spring\eclipse-workspace\projects\src\main\resources
2022-05-11 07:42:42,116 [Worker-9: Building] WARN  o.e.m.c.i.embedder.EclipseLogger - Using platform encoding (UTF-8 actually) to copy filtered resources, i.e. build is platform dependent!
2022-05-11 07:42:42,116 [Worker-9: Building] INFO  o.e.m.c.i.embedder.EclipseLogger - skip non existing resourceDirectory A:\Documents\Training\Spring\eclipse-workspace\projects\src\test\resources
2022-05-11 07:43:46,403 [Worker-26: Building] WARN  o.e.m.c.i.embedder.EclipseLogger - Using platform encoding (UTF-8 actually) to copy filtered resources, i.e. build is platform dependent!
2022-05-11 07:43:46,403 [Worker-26: Building] INFO  o.e.m.c.i.embedder.EclipseLogger - skip non existing resourceDirectory A:\Documents\Training\Spring\eclipse-workspace\projects\src\main\resources
2022-05-11 07:43:46,404 [Worker-26: Building] WARN  o.e.m.c.i.embedder.EclipseLogger - Using platform encoding (UTF-8 actually) to copy filtered resources, i.e. build is platform dependent!
2022-05-11 07:43:46,405 [Worker-26: Building] INFO  o.e.m.c.i.embedder.EclipseLogger - skip non existing resourceDirectory A:\Documents\Training\Spring\eclipse-workspace\projects\src\test\resources
2022-05-11 07:44:22,611 [Worker-8: Building] WARN  o.e.m.c.i.embedder.EclipseLogger - Using platform encoding (UTF-8 actually) to copy filtered resources, i.e. build is platform dependent!
2022-05-11 07:44:22,612 [Worker-8: Building] INFO  o.e.m.c.i.embedder.EclipseLogger - skip non existing resourceDirectory A:\Documents\Training\Spring\eclipse-workspace\projects\src\main\resources
2022-05-11 07:44:22,613 [Worker-8: Building] WARN  o.e.m.c.i.embedder.EclipseLogger - Using platform encoding (UTF-8 actually) to copy filtered resources, i.e. build is platform dependent!
2022-05-11 07:44:22,613 [Worker-8: Building] INFO  o.e.m.c.i.embedder.EclipseLogger - skip non existing resourceDirectory A:\Documents\Training\Spring\eclipse-workspace\projects\src\test\resources
2022-05-11 07:45:58,369 [Worker-27: Building] WARN  o.e.m.c.i.embedder.EclipseLogger - Using platform encoding (UTF-8 actually) to copy filtered resources, i.e. build is platform dependent!
2022-05-11 07:45:58,370 [Worker-27: Building] INFO  o.e.m.c.i.embedder.EclipseLogger - skip non existing resourceDirectory A:\Documents\Training\Spring\eclipse-workspace\projects\src\main\resources
2022-05-11 07:45:58,371 [Worker-27: Building] WARN  o.e.m.c.i.embedder.EclipseLogger - Using platform encoding (UTF-8 actually) to copy filtered resources, i.e. build is platform dependent!
2022-05-11 07:45:58,372 [Worker-27: Building] INFO  o.e.m.c.i.embedder.EclipseLogger - skip non existing resourceDirectory A:\Documents\Training\Spring\eclipse-workspace\projects\src\test\resources
2022-05-11 07:47:21,325 [Worker-26: Building] WARN  o.e.m.c.i.embedder.EclipseLogger - Using platform encoding (UTF-8 actually) to copy filtered resources, i.e. build is platform dependent!
2022-05-11 07:47:21,326 [Worker-26: Building] INFO  o.e.m.c.i.embedder.EclipseLogger - skip non existing resourceDirectory A:\Documents\Training\Spring\eclipse-workspace\projects\src\main\resources
2022-05-11 07:47:21,327 [Worker-26: Building] WARN  o.e.m.c.i.embedder.EclipseLogger - Using platform encoding (UTF-8 actually) to copy filtered resources, i.e. build is platform dependent!
2022-05-11 07:47:21,328 [Worker-26: Building] INFO  o.e.m.c.i.embedder.EclipseLogger - skip non existing resourceDirectory A:\Documents\Training\Spring\eclipse-workspace\projects\src\test\resources
2022-05-11 07:48:06,186 [Worker-26: Building] WARN  o.e.m.c.i.embedder.EclipseLogger - Using platform encoding (UTF-8 actually) to copy filtered resources, i.e. build is platform dependent!
2022-05-11 07:48:06,187 [Worker-26: Building] INFO  o.e.m.c.i.embedder.EclipseLogger - skip non existing resourceDirectory A:\Documents\Training\Spring\eclipse-workspace\projects\src\main\resources
2022-05-11 07:48:06,188 [Worker-26: Building] WARN  o.e.m.c.i.embedder.EclipseLogger - Using platform encoding (UTF-8 actually) to copy filtered resources, i.e. build is platform dependent!
2022-05-11 07:48:06,189 [Worker-26: Building] INFO  o.e.m.c.i.embedder.EclipseLogger - skip non existing resourceDirectory A:\Documents\Training\Spring\eclipse-workspace\projects\src\test\resources
2022-05-11 07:48:24,006 [Worker-24: Building] WARN  o.e.m.c.i.embedder.EclipseLogger - Using platform encoding (UTF-8 actually) to copy filtered resources, i.e. build is platform dependent!
2022-05-11 07:48:24,007 [Worker-24: Building] INFO  o.e.m.c.i.embedder.EclipseLogger - skip non existing resourceDirectory A:\Documents\Training\Spring\eclipse-workspace\projects\src\main\resources
2022-05-11 07:48:24,008 [Worker-24: Building] WARN  o.e.m.c.i.embedder.EclipseLogger - Using platform encoding (UTF-8 actually) to copy filtered resources, i.e. build is platform dependent!
2022-05-11 07:48:24,009 [Worker-24: Building] INFO  o.e.m.c.i.embedder.EclipseLogger - skip non existing resourceDirectory A:\Documents\Training\Spring\eclipse-workspace\projects\src\test\resources
2022-05-11 07:49:30,764 [Worker-1: Building] WARN  o.e.m.c.i.embedder.EclipseLogger - Using platform encoding (UTF-8 actually) to copy filtered resources, i.e. build is platform dependent!
2022-05-11 07:49:30,765 [Worker-1: Building] INFO  o.e.m.c.i.embedder.EclipseLogger - skip non existing resourceDirectory A:\Documents\Training\Spring\eclipse-workspace\projects\src\main\resources
2022-05-11 07:49:30,766 [Worker-1: Building] WARN  o.e.m.c.i.embedder.EclipseLogger - Using platform encoding (UTF-8 actually) to copy filtered resources, i.e. build is platform dependent!
2022-05-11 07:49:30,767 [Worker-1: Building] INFO  o.e.m.c.i.embedder.EclipseLogger - skip non existing resourceDirectory A:\Documents\Training\Spring\eclipse-workspace\projects\src\test\resources
2022-05-11 07:50:30,574 [Worker-28: Building] WARN  o.e.m.c.i.embedder.EclipseLogger - Using platform encoding (UTF-8 actually) to copy filtered resources, i.e. build is platform dependent!
2022-05-11 07:50:30,574 [Worker-28: Building] INFO  o.e.m.c.i.embedder.EclipseLogger - skip non existing resourceDirectory A:\Documents\Training\Spring\eclipse-workspace\projects\src\main\resources
2022-05-11 07:50:30,576 [Worker-28: Building] WARN  o.e.m.c.i.embedder.EclipseLogger - Using platform encoding (UTF-8 actually) to copy filtered resources, i.e. build is platform dependent!
2022-05-11 07:50:30,577 [Worker-28: Building] INFO  o.e.m.c.i.embedder.EclipseLogger - skip non existing resourceDirectory A:\Documents\Training\Spring\eclipse-workspace\projects\src\test\resources
2022-05-11 07:54:30,499 [Worker-28: Building] WARN  o.e.m.c.i.embedder.EclipseLogger - Using platform encoding (UTF-8 actually) to copy filtered resources, i.e. build is platform dependent!
2022-05-11 07:54:30,500 [Worker-28: Building] INFO  o.e.m.c.i.embedder.EclipseLogger - skip non existing resourceDirectory A:\Documents\Training\Spring\eclipse-workspace\projects\src\main\resources
2022-05-11 07:54:30,501 [Worker-28: Building] WARN  o.e.m.c.i.embedder.EclipseLogger - Using platform encoding (UTF-8 actually) to copy filtered resources, i.e. build is platform dependent!
2022-05-11 07:54:30,501 [Worker-28: Building] INFO  o.e.m.c.i.embedder.EclipseLogger - skip non existing resourceDirectory A:\Documents\Training\Spring\eclipse-workspace\projects\src\test\resources
2022-05-11 07:56:22,919 [Worker-8: Building] WARN  o.e.m.c.i.embedder.EclipseLogger - Using platform encoding (UTF-8 actually) to copy filtered resources, i.e. build is platform dependent!
2022-05-11 07:56:22,920 [Worker-8: Building] INFO  o.e.m.c.i.embedder.EclipseLogger - skip non existing resourceDirectory A:\Documents\Training\Spring\eclipse-workspace\projects\src\main\resources
2022-05-11 07:56:22,920 [Worker-8: Building] WARN  o.e.m.c.i.embedder.EclipseLogger - Using platform encoding (UTF-8 actually) to copy filtered resources, i.e. build is platform dependent!
2022-05-11 07:56:22,921 [Worker-8: Building] INFO  o.e.m.c.i.embedder.EclipseLogger - skip non existing resourceDirectory A:\Documents\Training\Spring\eclipse-workspace\projects\src\test\resources
2022-05-11 07:56:25,171 [Worker-7: Building] WARN  o.e.m.c.i.embedder.EclipseLogger - Using platform encoding (UTF-8 actually) to copy filtered resources, i.e. build is platform dependent!
2022-05-11 07:56:25,172 [Worker-7: Building] INFO  o.e.m.c.i.embedder.EclipseLogger - skip non existing resourceDirectory A:\Documents\Training\Spring\eclipse-workspace\projects\src\main\resources
2022-05-11 07:56:25,173 [Worker-7: Building] WARN  o.e.m.c.i.embedder.EclipseLogger - Using platform encoding (UTF-8 actually) to copy filtered resources, i.e. build is platform dependent!
2022-05-11 07:56:25,174 [Worker-7: Building] INFO  o.e.m.c.i.embedder.EclipseLogger - skip non existing resourceDirectory A:\Documents\Training\Spring\eclipse-workspace\projects\src\test\resources
2022-05-11 07:56:27,476 [Worker-7: Building] WARN  o.e.m.c.i.embedder.EclipseLogger - Using platform encoding (UTF-8 actually) to copy filtered resources, i.e. build is platform dependent!
2022-05-11 07:56:27,477 [Worker-7: Building] INFO  o.e.m.c.i.embedder.EclipseLogger - skip non existing resourceDirectory A:\Documents\Training\Spring\eclipse-workspace\projects\src\main\resources
2022-05-11 07:56:27,478 [Worker-7: Building] WARN  o.e.m.c.i.embedder.EclipseLogger - Using platform encoding (UTF-8 actually) to copy filtered resources, i.e. build is platform dependent!
2022-05-11 07:56:27,478 [Worker-7: Building] INFO  o.e.m.c.i.embedder.EclipseLogger - skip non existing resourceDirectory A:\Documents\Training\Spring\eclipse-workspace\projects\src\test\resources
2022-05-11 07:58:36,617 [Worker-31: Building] WARN  o.e.m.c.i.embedder.EclipseLogger - Using platform encoding (UTF-8 actually) to copy filtered resources, i.e. build is platform dependent!
2022-05-11 07:58:36,617 [Worker-31: Building] INFO  o.e.m.c.i.embedder.EclipseLogger - skip non existing resourceDirectory A:\Documents\Training\Spring\eclipse-workspace\projects\src\main\resources
2022-05-11 07:58:36,618 [Worker-31: Building] WARN  o.e.m.c.i.embedder.EclipseLogger - Using platform encoding (UTF-8 actually) to copy filtered resources, i.e. build is platform dependent!
2022-05-11 07:58:36,618 [Worker-31: Building] INFO  o.e.m.c.i.embedder.EclipseLogger - skip non existing resourceDirectory A:\Documents\Training\Spring\eclipse-workspace\projects\src\test\resources
2022-05-11 07:58:43,657 [Worker-31: Building] WARN  o.e.m.c.i.embedder.EclipseLogger - Using platform encoding (UTF-8 actually) to copy filtered resources, i.e. build is platform dependent!
2022-05-11 07:58:43,658 [Worker-31: Building] INFO  o.e.m.c.i.embedder.EclipseLogger - skip non existing resourceDirectory A:\Documents\Training\Spring\eclipse-workspace\projects\src\main\resources
2022-05-11 07:58:43,659 [Worker-31: Building] WARN  o.e.m.c.i.embedder.EclipseLogger - Using platform encoding (UTF-8 actually) to copy filtered resources, i.e. build is platform dependent!
2022-05-11 07:58:43,660 [Worker-31: Building] INFO  o.e.m.c.i.embedder.EclipseLogger - skip non existing resourceDirectory A:\Documents\Training\Spring\eclipse-workspace\projects\src\test\resources
2022-05-11 07:59:10,854 [Worker-9: Building] WARN  o.e.m.c.i.embedder.EclipseLogger - Using platform encoding (UTF-8 actually) to copy filtered resources, i.e. build is platform dependent!
2022-05-11 07:59:10,854 [Worker-9: Building] INFO  o.e.m.c.i.embedder.EclipseLogger - skip non existing resourceDirectory A:\Documents\Training\Spring\eclipse-workspace\projects\src\main\resources
2022-05-11 07:59:10,855 [Worker-9: Building] WARN  o.e.m.c.i.embedder.EclipseLogger - Using platform encoding (UTF-8 actually) to copy filtered resources, i.e. build is platform dependent!
2022-05-11 07:59:10,856 [Worker-9: Building] INFO  o.e.m.c.i.embedder.EclipseLogger - skip non existing resourceDirectory A:\Documents\Training\Spring\eclipse-workspace\projects\src\test\resources
2022-05-11 08:02:39,417 [Worker-9: Building] WARN  o.e.m.c.i.embedder.EclipseLogger - Using platform encoding (UTF-8 actually) to copy filtered resources, i.e. build is platform dependent!
2022-05-11 08:02:39,418 [Worker-9: Building] INFO  o.e.m.c.i.embedder.EclipseLogger - skip non existing resourceDirectory A:\Documents\Training\Spring\eclipse-workspace\projects\src\main\resources
2022-05-11 08:02:39,420 [Worker-9: Building] WARN  o.e.m.c.i.embedder.EclipseLogger - Using platform encoding (UTF-8 actually) to copy filtered resources, i.e. build is platform dependent!
2022-05-11 08:02:39,420 [Worker-9: Building] INFO  o.e.m.c.i.embedder.EclipseLogger - skip non existing resourceDirectory A:\Documents\Training\Spring\eclipse-workspace\projects\src\test\resources
2022-05-11 08:03:05,754 [Worker-9: Building] WARN  o.e.m.c.i.embedder.EclipseLogger - Using platform encoding (UTF-8 actually) to copy filtered resources, i.e. build is platform dependent!
2022-05-11 08:03:05,755 [Worker-9: Building] INFO  o.e.m.c.i.embedder.EclipseLogger - skip non existing resourceDirectory A:\Documents\Training\Spring\eclipse-workspace\projects\src\main\resources
2022-05-11 08:03:05,784 [Worker-9: Building] WARN  o.e.m.c.i.embedder.EclipseLogger - Using platform encoding (UTF-8 actually) to copy filtered resources, i.e. build is platform dependent!
2022-05-11 08:03:05,785 [Worker-9: Building] INFO  o.e.m.c.i.embedder.EclipseLogger - skip non existing resourceDirectory A:\Documents\Training\Spring\eclipse-workspace\projects\src\test\resources
2022-05-11 08:03:32,629 [Worker-33: Building] WARN  o.e.m.c.i.embedder.EclipseLogger - Using platform encoding (UTF-8 actually) to copy filtered resources, i.e. build is platform dependent!
2022-05-11 08:03:32,629 [Worker-33: Building] INFO  o.e.m.c.i.embedder.EclipseLogger - skip non existing resourceDirectory A:\Documents\Training\Spring\eclipse-workspace\projects\src\main\resources
2022-05-11 08:03:32,630 [Worker-33: Building] WARN  o.e.m.c.i.embedder.EclipseLogger - Using platform encoding (UTF-8 actually) to copy filtered resources, i.e. build is platform dependent!
2022-05-11 08:03:32,631 [Worker-33: Building] INFO  o.e.m.c.i.embedder.EclipseLogger - skip non existing resourceDirectory A:\Documents\Training\Spring\eclipse-workspace\projects\src\test\resources
2022-05-11 08:04:18,097 [Worker-31: Building] WARN  o.e.m.c.i.embedder.EclipseLogger - Using platform encoding (UTF-8 actually) to copy filtered resources, i.e. build is platform dependent!
2022-05-11 08:04:18,099 [Worker-31: Building] INFO  o.e.m.c.i.embedder.EclipseLogger - skip non existing resourceDirectory A:\Documents\Training\Spring\eclipse-workspace\projects\src\main\resources
2022-05-11 08:04:18,101 [Worker-31: Building] WARN  o.e.m.c.i.embedder.EclipseLogger - Using platform encoding (UTF-8 actually) to copy filtered resources, i.e. build is platform dependent!
2022-05-11 08:04:18,101 [Worker-31: Building] INFO  o.e.m.c.i.embedder.EclipseLogger - skip non existing resourceDirectory A:\Documents\Training\Spring\eclipse-workspace\projects\src\test\resources
2022-05-11 08:04:36,534 [Worker-30: Building] WARN  o.e.m.c.i.embedder.EclipseLogger - Using platform encoding (UTF-8 actually) to copy filtered resources, i.e. build is platform dependent!
2022-05-11 08:04:36,535 [Worker-30: Building] INFO  o.e.m.c.i.embedder.EclipseLogger - skip non existing resourceDirectory A:\Documents\Training\Spring\eclipse-workspace\projects\src\main\resources
2022-05-11 08:04:36,535 [Worker-30: Building] WARN  o.e.m.c.i.embedder.EclipseLogger - Using platform encoding (UTF-8 actually) to copy filtered resources, i.e. build is platform dependent!
2022-05-11 08:04:36,536 [Worker-30: Building] INFO  o.e.m.c.i.embedder.EclipseLogger - skip non existing resourceDirectory A:\Documents\Training\Spring\eclipse-workspace\projects\src\test\resources
2022-05-11 08:04:45,141 [Worker-30: Building] WARN  o.e.m.c.i.embedder.EclipseLogger - Using platform encoding (UTF-8 actually) to copy filtered resources, i.e. build is platform dependent!
2022-05-11 08:04:45,142 [Worker-30: Building] INFO  o.e.m.c.i.embedder.EclipseLogger - skip non existing resourceDirectory A:\Documents\Training\Spring\eclipse-workspace\projects\src\main\resources
2022-05-11 08:04:45,142 [Worker-30: Building] WARN  o.e.m.c.i.embedder.EclipseLogger - Using platform encoding (UTF-8 actually) to copy filtered resources, i.e. build is platform dependent!
2022-05-11 08:04:45,143 [Worker-30: Building] INFO  o.e.m.c.i.embedder.EclipseLogger - skip non existing resourceDirectory A:\Documents\Training\Spring\eclipse-workspace\projects\src\test\resources
2022-05-11 08:05:18,412 [Worker-30: Building] WARN  o.e.m.c.i.embedder.EclipseLogger - Using platform encoding (UTF-8 actually) to copy filtered resources, i.e. build is platform dependent!
2022-05-11 08:05:18,413 [Worker-30: Building] INFO  o.e.m.c.i.embedder.EclipseLogger - skip non existing resourceDirectory A:\Documents\Training\Spring\eclipse-workspace\projects\src\main\resources
2022-05-11 08:05:18,414 [Worker-30: Building] WARN  o.e.m.c.i.embedder.EclipseLogger - Using platform encoding (UTF-8 actually) to copy filtered resources, i.e. build is platform dependent!
2022-05-11 08:05:18,415 [Worker-30: Building] INFO  o.e.m.c.i.embedder.EclipseLogger - skip non existing resourceDirectory A:\Documents\Training\Spring\eclipse-workspace\projects\src\test\resources
2022-05-11 08:06:44,600 [Worker-34: Building] WARN  o.e.m.c.i.embedder.EclipseLogger - Using platform encoding (UTF-8 actually) to copy filtered resources, i.e. build is platform dependent!
2022-05-11 08:06:44,600 [Worker-34: Building] INFO  o.e.m.c.i.embedder.EclipseLogger - skip non existing resourceDirectory A:\Documents\Training\Spring\eclipse-workspace\projects\src\main\resources
2022-05-11 08:06:44,601 [Worker-34: Building] WARN  o.e.m.c.i.embedder.EclipseLogger - Using platform encoding (UTF-8 actually) to copy filtered resources, i.e. build is platform dependent!
2022-05-11 08:06:44,602 [Worker-34: Building] INFO  o.e.m.c.i.embedder.EclipseLogger - skip non existing resourceDirectory A:\Documents\Training\Spring\eclipse-workspace\projects\src\test\resources
2022-05-11 08:06:56,698 [Worker-33: Building] WARN  o.e.m.c.i.embedder.EclipseLogger - Using platform encoding (UTF-8 actually) to copy filtered resources, i.e. build is platform dependent!
2022-05-11 08:06:56,699 [Worker-33: Building] INFO  o.e.m.c.i.embedder.EclipseLogger - skip non existing resourceDirectory A:\Documents\Training\Spring\eclipse-workspace\projects\src\main\resources
2022-05-11 08:06:56,700 [Worker-33: Building] WARN  o.e.m.c.i.embedder.EclipseLogger - Using platform encoding (UTF-8 actually) to copy filtered resources, i.e. build is platform dependent!
2022-05-11 08:06:56,700 [Worker-33: Building] INFO  o.e.m.c.i.embedder.EclipseLogger - skip non existing resourceDirectory A:\Documents\Training\Spring\eclipse-workspace\projects\src\test\resources
2022-05-11 08:10:41,654 [Worker-20: Building] WARN  o.e.m.c.i.embedder.EclipseLogger - Using platform encoding (UTF-8 actually) to copy filtered resources, i.e. build is platform dependent!
2022-05-11 08:10:41,655 [Worker-20: Building] INFO  o.e.m.c.i.embedder.EclipseLogger - skip non existing resourceDirectory A:\Documents\Training\Spring\eclipse-workspace\projects\src\main\resources
2022-05-11 08:10:41,656 [Worker-20: Building] WARN  o.e.m.c.i.embedder.EclipseLogger - Using platform encoding (UTF-8 actually) to copy filtered resources, i.e. build is platform dependent!
2022-05-11 08:10:41,656 [Worker-20: Building] INFO  o.e.m.c.i.embedder.EclipseLogger - skip non existing resourceDirectory A:\Documents\Training\Spring\eclipse-workspace\projects\src\test\resources
2022-05-11 08:11:15,392 [Worker-35: Building] WARN  o.e.m.c.i.embedder.EclipseLogger - Using platform encoding (UTF-8 actually) to copy filtered resources, i.e. build is platform dependent!
2022-05-11 08:11:15,405 [Worker-35: Building] INFO  o.e.m.c.i.embedder.EclipseLogger - skip non existing resourceDirectory A:\Documents\Training\Spring\eclipse-workspace\projects\src\main\resources
2022-05-11 08:11:15,406 [Worker-35: Building] WARN  o.e.m.c.i.embedder.EclipseLogger - Using platform encoding (UTF-8 actually) to copy filtered resources, i.e. build is platform dependent!
2022-05-11 08:11:15,407 [Worker-35: Building] INFO  o.e.m.c.i.embedder.EclipseLogger - skip non existing resourceDirectory A:\Documents\Training\Spring\eclipse-workspace\projects\src\test\resources
2022-05-11 08:11:24,467 [Worker-20: Building] WARN  o.e.m.c.i.embedder.EclipseLogger - Using platform encoding (UTF-8 actually) to copy filtered resources, i.e. build is platform dependent!
2022-05-11 08:11:24,468 [Worker-20: Building] INFO  o.e.m.c.i.embedder.EclipseLogger - skip non existing resourceDirectory A:\Documents\Training\Spring\eclipse-workspace\projects\src\main\resources
2022-05-11 08:11:24,468 [Worker-20: Building] WARN  o.e.m.c.i.embedder.EclipseLogger - Using platform encoding (UTF-8 actually) to copy filtered resources, i.e. build is platform dependent!
2022-05-11 08:11:24,469 [Worker-20: Building] INFO  o.e.m.c.i.embedder.EclipseLogger - skip non existing resourceDirectory A:\Documents\Training\Spring\eclipse-workspace\projects\src\test\resources
2022-05-11 08:12:05,429 [Worker-20: Building] WARN  o.e.m.c.i.embedder.EclipseLogger - Using platform encoding (UTF-8 actually) to copy filtered resources, i.e. build is platform dependent!
2022-05-11 08:12:05,430 [Worker-20: Building] INFO  o.e.m.c.i.embedder.EclipseLogger - skip non existing resourceDirectory A:\Documents\Training\Spring\eclipse-workspace\projects\src\main\resources
2022-05-11 08:12:05,431 [Worker-20: Building] WARN  o.e.m.c.i.embedder.EclipseLogger - Using platform encoding (UTF-8 actually) to copy filtered resources, i.e. build is platform dependent!
2022-05-11 08:12:05,432 [Worker-20: Building] INFO  o.e.m.c.i.embedder.EclipseLogger - skip non existing resourceDirectory A:\Documents\Training\Spring\eclipse-workspace\projects\src\test\resources
2022-05-11 08:12:55,847 [Worker-34: Building] WARN  o.e.m.c.i.embedder.EclipseLogger - Using platform encoding (UTF-8 actually) to copy filtered resources, i.e. build is platform dependent!
2022-05-11 08:12:55,847 [Worker-34: Building] INFO  o.e.m.c.i.embedder.EclipseLogger - skip non existing resourceDirectory A:\Documents\Training\Spring\eclipse-workspace\projects\src\main\resources
2022-05-11 08:12:55,848 [Worker-34: Building] WARN  o.e.m.c.i.embedder.EclipseLogger - Using platform encoding (UTF-8 actually) to copy filtered resources, i.e. build is platform dependent!
2022-05-11 08:12:55,849 [Worker-34: Building] INFO  o.e.m.c.i.embedder.EclipseLogger - skip non existing resourceDirectory A:\Documents\Training\Spring\eclipse-workspace\projects\src\test\resources
2022-05-11 08:13:12,279 [Worker-33: Building] WARN  o.e.m.c.i.embedder.EclipseLogger - Using platform encoding (UTF-8 actually) to copy filtered resources, i.e. build is platform dependent!
2022-05-11 08:13:12,280 [Worker-33: Building] INFO  o.e.m.c.i.embedder.EclipseLogger - skip non existing resourceDirectory A:\Documents\Training\Spring\eclipse-workspace\projects\src\main\resources
2022-05-11 08:13:12,281 [Worker-33: Building] WARN  o.e.m.c.i.embedder.EclipseLogger - Using platform encoding (UTF-8 actually) to copy filtered resources, i.e. build is platform dependent!
2022-05-11 08:13:12,282 [Worker-33: Building] INFO  o.e.m.c.i.embedder.EclipseLogger - skip non existing resourceDirectory A:\Documents\Training\Spring\eclipse-workspace\projects\src\test\resources
2022-05-11 08:17:11,400 [Worker-38: Building] WARN  o.e.m.c.i.embedder.EclipseLogger - Using platform encoding (UTF-8 actually) to copy filtered resources, i.e. build is platform dependent!
2022-05-11 08:17:11,412 [Worker-38: Building] INFO  o.e.m.c.i.embedder.EclipseLogger - skip non existing resourceDirectory A:\Documents\Training\Spring\eclipse-workspace\projects\src\main\resources
2022-05-11 08:17:11,413 [Worker-38: Building] WARN  o.e.m.c.i.embedder.EclipseLogger - Using platform encoding (UTF-8 actually) to copy filtered resources, i.e. build is platform dependent!
2022-05-11 08:17:11,413 [Worker-38: Building] INFO  o.e.m.c.i.embedder.EclipseLogger - skip non existing resourceDirectory A:\Documents\Training\Spring\eclipse-workspace\projects\src\test\resources
2022-05-11 08:17:32,515 [Worker-38: Building] WARN  o.e.m.c.i.embedder.EclipseLogger - Using platform encoding (UTF-8 actually) to copy filtered resources, i.e. build is platform dependent!
2022-05-11 08:17:32,516 [Worker-38: Building] INFO  o.e.m.c.i.embedder.EclipseLogger - skip non existing resourceDirectory A:\Documents\Training\Spring\eclipse-workspace\projects\src\main\resources
2022-05-11 08:17:32,517 [Worker-38: Building] WARN  o.e.m.c.i.embedder.EclipseLogger - Using platform encoding (UTF-8 actually) to copy filtered resources, i.e. build is platform dependent!
2022-05-11 08:17:32,518 [Worker-38: Building] INFO  o.e.m.c.i.embedder.EclipseLogger - skip non existing resourceDirectory A:\Documents\Training\Spring\eclipse-workspace\projects\src\test\resources
2022-05-11 08:18:31,626 [Worker-39: Building] WARN  o.e.m.c.i.embedder.EclipseLogger - Using platform encoding (UTF-8 actually) to copy filtered resources, i.e. build is platform dependent!
2022-05-11 08:18:31,627 [Worker-39: Building] INFO  o.e.m.c.i.embedder.EclipseLogger - skip non existing resourceDirectory A:\Documents\Training\Spring\eclipse-workspace\projects\src\main\resources
2022-05-11 08:18:31,628 [Worker-39: Building] WARN  o.e.m.c.i.embedder.EclipseLogger - Using platform encoding (UTF-8 actually) to copy filtered resources, i.e. build is platform dependent!
2022-05-11 08:18:31,629 [Worker-39: Building] INFO  o.e.m.c.i.embedder.EclipseLogger - skip non existing resourceDirectory A:\Documents\Training\Spring\eclipse-workspace\projects\src\test\resources
2022-05-11 08:22:05,384 [Worker-31: Building] WARN  o.e.m.c.i.embedder.EclipseLogger - Using platform encoding (UTF-8 actually) to copy filtered resources, i.e. build is platform dependent!
2022-05-11 08:22:05,384 [Worker-31: Building] INFO  o.e.m.c.i.embedder.EclipseLogger - skip non existing resourceDirectory A:\Documents\Training\Spring\eclipse-workspace\projects\src\main\resources
2022-05-11 08:22:05,385 [Worker-31: Building] WARN  o.e.m.c.i.embedder.EclipseLogger - Using platform encoding (UTF-8 actually) to copy filtered resources, i.e. build is platform dependent!
2022-05-11 08:22:05,386 [Worker-31: Building] INFO  o.e.m.c.i.embedder.EclipseLogger - skip non existing resourceDirectory A:\Documents\Training\Spring\eclipse-workspace\projects\src\test\resources
2022-05-11 08:22:26,004 [Worker-34: Building] WARN  o.e.m.c.i.embedder.EclipseLogger - Using platform encoding (UTF-8 actually) to copy filtered resources, i.e. build is platform dependent!
2022-05-11 08:22:26,005 [Worker-34: Building] INFO  o.e.m.c.i.embedder.EclipseLogger - skip non existing resourceDirectory A:\Documents\Training\Spring\eclipse-workspace\projects\src\main\resources
2022-05-11 08:22:26,006 [Worker-34: Building] WARN  o.e.m.c.i.embedder.EclipseLogger - Using platform encoding (UTF-8 actually) to copy filtered resources, i.e. build is platform dependent!
2022-05-11 08:22:26,007 [Worker-34: Building] INFO  o.e.m.c.i.embedder.EclipseLogger - skip non existing resourceDirectory A:\Documents\Training\Spring\eclipse-workspace\projects\src\test\resources
2022-05-11 08:23:37,726 [Worker-37: Building] WARN  o.e.m.c.i.embedder.EclipseLogger - Using platform encoding (UTF-8 actually) to copy filtered resources, i.e. build is platform dependent!
2022-05-11 08:23:37,726 [Worker-37: Building] INFO  o.e.m.c.i.embedder.EclipseLogger - skip non existing resourceDirectory A:\Documents\Training\Spring\eclipse-workspace\projects\src\main\resources
2022-05-11 08:23:37,727 [Worker-37: Building] WARN  o.e.m.c.i.embedder.EclipseLogger - Using platform encoding (UTF-8 actually) to copy filtered resources, i.e. build is platform dependent!
2022-05-11 08:23:37,728 [Worker-37: Building] INFO  o.e.m.c.i.embedder.EclipseLogger - skip non existing resourceDirectory A:\Documents\Training\Spring\eclipse-workspace\projects\src\test\resources
2022-05-11 08:23:46,302 [Worker-38: Building] WARN  o.e.m.c.i.embedder.EclipseLogger - Using platform encoding (UTF-8 actually) to copy filtered resources, i.e. build is platform dependent!
2022-05-11 08:23:46,302 [Worker-38: Building] INFO  o.e.m.c.i.embedder.EclipseLogger - skip non existing resourceDirectory A:\Documents\Training\Spring\eclipse-workspace\projects\src\main\resources
2022-05-11 08:23:46,303 [Worker-38: Building] WARN  o.e.m.c.i.embedder.EclipseLogger - Using platform encoding (UTF-8 actually) to copy filtered resources, i.e. build is platform dependent!
2022-05-11 08:23:46,304 [Worker-38: Building] INFO  o.e.m.c.i.embedder.EclipseLogger - skip non existing resourceDirectory A:\Documents\Training\Spring\eclipse-workspace\projects\src\test\resources
2022-05-11 08:25:25,697 [Worker-34: Building] WARN  o.e.m.c.i.embedder.EclipseLogger - Using platform encoding (UTF-8 actually) to copy filtered resources, i.e. build is platform dependent!
2022-05-11 08:25:25,697 [Worker-34: Building] INFO  o.e.m.c.i.embedder.EclipseLogger - skip non existing resourceDirectory A:\Documents\Training\Spring\eclipse-workspace\projects\src\main\resources
2022-05-11 08:25:25,698 [Worker-34: Building] WARN  o.e.m.c.i.embedder.EclipseLogger - Using platform encoding (UTF-8 actually) to copy filtered resources, i.e. build is platform dependent!
2022-05-11 08:25:25,699 [Worker-34: Building] INFO  o.e.m.c.i.embedder.EclipseLogger - skip non existing resourceDirectory A:\Documents\Training\Spring\eclipse-workspace\projects\src\test\resources
2022-05-11 08:26:00,764 [Worker-33: Building] WARN  o.e.m.c.i.embedder.EclipseLogger - Using platform encoding (UTF-8 actually) to copy filtered resources, i.e. build is platform dependent!
2022-05-11 08:26:00,765 [Worker-33: Building] INFO  o.e.m.c.i.embedder.EclipseLogger - skip non existing resourceDirectory A:\Documents\Training\Spring\eclipse-workspace\projects\src\main\resources
2022-05-11 08:26:00,765 [Worker-33: Building] WARN  o.e.m.c.i.embedder.EclipseLogger - Using platform encoding (UTF-8 actually) to copy filtered resources, i.e. build is platform dependent!
2022-05-11 08:26:00,766 [Worker-33: Building] INFO  o.e.m.c.i.embedder.EclipseLogger - skip non existing resourceDirectory A:\Documents\Training\Spring\eclipse-workspace\projects\src\test\resources
2022-05-11 08:26:28,678 [Worker-31: Building] WARN  o.e.m.c.i.embedder.EclipseLogger - Using platform encoding (UTF-8 actually) to copy filtered resources, i.e. build is platform dependent!
2022-05-11 08:26:28,679 [Worker-31: Building] INFO  o.e.m.c.i.embedder.EclipseLogger - skip non existing resourceDirectory A:\Documents\Training\Spring\eclipse-workspace\projects\src\main\resources
2022-05-11 08:26:28,679 [Worker-31: Building] WARN  o.e.m.c.i.embedder.EclipseLogger - Using platform encoding (UTF-8 actually) to copy filtered resources, i.e. build is platform dependent!
2022-05-11 08:26:28,680 [Worker-31: Building] INFO  o.e.m.c.i.embedder.EclipseLogger - skip non existing resourceDirectory A:\Documents\Training\Spring\eclipse-workspace\projects\src\test\resources
2022-05-11 08:29:33,520 [Worker-33: Building] WARN  o.e.m.c.i.embedder.EclipseLogger - Using platform encoding (UTF-8 actually) to copy filtered resources, i.e. build is platform dependent!
2022-05-11 08:29:33,521 [Worker-33: Building] INFO  o.e.m.c.i.embedder.EclipseLogger - skip non existing resourceDirectory A:\Documents\Training\Spring\eclipse-workspace\projects\src\main\resources
2022-05-11 08:29:33,522 [Worker-33: Building] WARN  o.e.m.c.i.embedder.EclipseLogger - Using platform encoding (UTF-8 actually) to copy filtered resources, i.e. build is platform dependent!
2022-05-11 08:29:33,523 [Worker-33: Building] INFO  o.e.m.c.i.embedder.EclipseLogger - skip non existing resourceDirectory A:\Documents\Training\Spring\eclipse-workspace\projects\src\test\resources
2022-05-11 08:29:53,546 [Worker-40: Building] WARN  o.e.m.c.i.embedder.EclipseLogger - Using platform encoding (UTF-8 actually) to copy filtered resources, i.e. build is platform dependent!
2022-05-11 08:29:53,547 [Worker-40: Building] INFO  o.e.m.c.i.embedder.EclipseLogger - skip non existing resourceDirectory A:\Documents\Training\Spring\eclipse-workspace\projects\src\main\resources
2022-05-11 08:29:53,549 [Worker-40: Building] WARN  o.e.m.c.i.embedder.EclipseLogger - Using platform encoding (UTF-8 actually) to copy filtered resources, i.e. build is platform dependent!
2022-05-11 08:29:53,549 [Worker-40: Building] INFO  o.e.m.c.i.embedder.EclipseLogger - skip non existing resourceDirectory A:\Documents\Training\Spring\eclipse-workspace\projects\src\test\resources
2022-05-11 08:30:30,781 [Worker-34: Building] WARN  o.e.m.c.i.embedder.EclipseLogger - Using platform encoding (UTF-8 actually) to copy filtered resources, i.e. build is platform dependent!
2022-05-11 08:30:30,782 [Worker-34: Building] INFO  o.e.m.c.i.embedder.EclipseLogger - skip non existing resourceDirectory A:\Documents\Training\Spring\eclipse-workspace\projects\src\main\resources
2022-05-11 08:30:30,783 [Worker-34: Building] WARN  o.e.m.c.i.embedder.EclipseLogger - Using platform encoding (UTF-8 actually) to copy filtered resources, i.e. build is platform dependent!
2022-05-11 08:30:30,784 [Worker-34: Building] INFO  o.e.m.c.i.embedder.EclipseLogger - skip non existing resourceDirectory A:\Documents\Training\Spring\eclipse-workspace\projects\src\test\resources
2022-05-11 08:30:41,432 [Worker-33: Building] WARN  o.e.m.c.i.embedder.EclipseLogger - Using platform encoding (UTF-8 actually) to copy filtered resources, i.e. build is platform dependent!
2022-05-11 08:30:41,433 [Worker-33: Building] INFO  o.e.m.c.i.embedder.EclipseLogger - skip non existing resourceDirectory A:\Documents\Training\Spring\eclipse-workspace\projects\src\main\resources
2022-05-11 08:30:41,434 [Worker-33: Building] WARN  o.e.m.c.i.embedder.EclipseLogger - Using platform encoding (UTF-8 actually) to copy filtered resources, i.e. build is platform dependent!
2022-05-11 08:30:41,435 [Worker-33: Building] INFO  o.e.m.c.i.embedder.EclipseLogger - skip non existing resourceDirectory A:\Documents\Training\Spring\eclipse-workspace\projects\src\test\resources
2022-05-11 08:31:17,264 [Worker-33: Building] WARN  o.e.m.c.i.embedder.EclipseLogger - Using platform encoding (UTF-8 actually) to copy filtered resources, i.e. build is platform dependent!
2022-05-11 08:31:17,265 [Worker-33: Building] INFO  o.e.m.c.i.embedder.EclipseLogger - skip non existing resourceDirectory A:\Documents\Training\Spring\eclipse-workspace\projects\src\main\resources
2022-05-11 08:31:17,266 [Worker-33: Building] WARN  o.e.m.c.i.embedder.EclipseLogger - Using platform encoding (UTF-8 actually) to copy filtered resources, i.e. build is platform dependent!
2022-05-11 08:31:17,267 [Worker-33: Building] INFO  o.e.m.c.i.embedder.EclipseLogger - skip non existing resourceDirectory A:\Documents\Training\Spring\eclipse-workspace\projects\src\test\resources
2022-05-11 08:32:10,013 [Worker-33: Building] WARN  o.e.m.c.i.embedder.EclipseLogger - Using platform encoding (UTF-8 actually) to copy filtered resources, i.e. build is platform dependent!
2022-05-11 08:32:10,013 [Worker-33: Building] INFO  o.e.m.c.i.embedder.EclipseLogger - skip non existing resourceDirectory A:\Documents\Training\Spring\eclipse-workspace\projects\src\main\resources
2022-05-11 08:32:10,015 [Worker-33: Building] WARN  o.e.m.c.i.embedder.EclipseLogger - Using platform encoding (UTF-8 actually) to copy filtered resources, i.e. build is platform dependent!
2022-05-11 08:32:10,015 [Worker-33: Building] INFO  o.e.m.c.i.embedder.EclipseLogger - skip non existing resourceDirectory A:\Documents\Training\Spring\eclipse-workspace\projects\src\test\resources
2022-05-11 08:32:41,752 [Worker-38: Building] WARN  o.e.m.c.i.embedder.EclipseLogger - Using platform encoding (UTF-8 actually) to copy filtered resources, i.e. build is platform dependent!
2022-05-11 08:32:41,753 [Worker-38: Building] INFO  o.e.m.c.i.embedder.EclipseLogger - skip non existing resourceDirectory A:\Documents\Training\Spring\eclipse-workspace\projects\src\main\resources
2022-05-11 08:32:41,753 [Worker-38: Building] WARN  o.e.m.c.i.embedder.EclipseLogger - Using platform encoding (UTF-8 actually) to copy filtered resources, i.e. build is platform dependent!
2022-05-11 08:32:41,754 [Worker-38: Building] INFO  o.e.m.c.i.embedder.EclipseLogger - skip non existing resourceDirectory A:\Documents\Training\Spring\eclipse-workspace\projects\src\test\resources
2022-05-11 08:33:34,987 [Worker-33: Building] WARN  o.e.m.c.i.embedder.EclipseLogger - Using platform encoding (UTF-8 actually) to copy filtered resources, i.e. build is platform dependent!
2022-05-11 08:33:34,988 [Worker-33: Building] INFO  o.e.m.c.i.embedder.EclipseLogger - skip non existing resourceDirectory A:\Documents\Training\Spring\eclipse-workspace\projects\src\main\resources
2022-05-11 08:33:34,989 [Worker-33: Building] WARN  o.e.m.c.i.embedder.EclipseLogger - Using platform encoding (UTF-8 actually) to copy filtered resources, i.e. build is platform dependent!
2022-05-11 08:33:34,990 [Worker-33: Building] INFO  o.e.m.c.i.embedder.EclipseLogger - skip non existing resourceDirectory A:\Documents\Training\Spring\eclipse-workspace\projects\src\test\resources
2022-05-11 08:33:49,104 [Worker-37: Building] WARN  o.e.m.c.i.embedder.EclipseLogger - Using platform encoding (UTF-8 actually) to copy filtered resources, i.e. build is platform dependent!
2022-05-11 08:33:49,105 [Worker-37: Building] INFO  o.e.m.c.i.embedder.EclipseLogger - skip non existing resourceDirectory A:\Documents\Training\Spring\eclipse-workspace\projects\src\main\resources
2022-05-11 08:33:49,106 [Worker-37: Building] WARN  o.e.m.c.i.embedder.EclipseLogger - Using platform encoding (UTF-8 actually) to copy filtered resources, i.e. build is platform dependent!
2022-05-11 08:33:49,107 [Worker-37: Building] INFO  o.e.m.c.i.embedder.EclipseLogger - skip non existing resourceDirectory A:\Documents\Training\Spring\eclipse-workspace\projects\src\test\resources
2022-05-11 08:34:03,286 [Worker-33: Building] WARN  o.e.m.c.i.embedder.EclipseLogger - Using platform encoding (UTF-8 actually) to copy filtered resources, i.e. build is platform dependent!
2022-05-11 08:34:03,286 [Worker-33: Building] INFO  o.e.m.c.i.embedder.EclipseLogger - skip non existing resourceDirectory A:\Documents\Training\Spring\eclipse-workspace\projects\src\main\resources
2022-05-11 08:34:03,287 [Worker-33: Building] WARN  o.e.m.c.i.embedder.EclipseLogger - Using platform encoding (UTF-8 actually) to copy filtered resources, i.e. build is platform dependent!
2022-05-11 08:34:03,288 [Worker-33: Building] INFO  o.e.m.c.i.embedder.EclipseLogger - skip non existing resourceDirectory A:\Documents\Training\Spring\eclipse-workspace\projects\src\test\resources
2022-05-11 08:35:05,211 [Worker-34: Building] WARN  o.e.m.c.i.embedder.EclipseLogger - Using platform encoding (UTF-8 actually) to copy filtered resources, i.e. build is platform dependent!
2022-05-11 08:35:05,212 [Worker-34: Building] INFO  o.e.m.c.i.embedder.EclipseLogger - skip non existing resourceDirectory A:\Documents\Training\Spring\eclipse-workspace\projects\src\main\resources
2022-05-11 08:35:05,213 [Worker-34: Building] WARN  o.e.m.c.i.embedder.EclipseLogger - Using platform encoding (UTF-8 actually) to copy filtered resources, i.e. build is platform dependent!
2022-05-11 08:35:05,214 [Worker-34: Building] INFO  o.e.m.c.i.embedder.EclipseLogger - skip non existing resourceDirectory A:\Documents\Training\Spring\eclipse-workspace\projects\src\test\resources
2022-05-11 08:35:55,719 [Worker-40: Building] WARN  o.e.m.c.i.embedder.EclipseLogger - Using platform encoding (UTF-8 actually) to copy filtered resources, i.e. build is platform dependent!
2022-05-11 08:35:55,719 [Worker-40: Building] INFO  o.e.m.c.i.embedder.EclipseLogger - skip non existing resourceDirectory A:\Documents\Training\Spring\eclipse-workspace\projects\src\main\resources
2022-05-11 08:35:55,720 [Worker-40: Building] WARN  o.e.m.c.i.embedder.EclipseLogger - Using platform encoding (UTF-8 actually) to copy filtered resources, i.e. build is platform dependent!
2022-05-11 08:35:55,721 [Worker-40: Building] INFO  o.e.m.c.i.embedder.EclipseLogger - skip non existing resourceDirectory A:\Documents\Training\Spring\eclipse-workspace\projects\src\test\resources
2022-05-11 10:17:34,199 [Worker-5: Loading available Gradle versions] INFO  o.e.b.c.i.u.g.PublishedGradleVersions - Gradle version information cache is up-to-date. Trying to read.
2022-05-11 10:18:53,512 [Worker-17: Building] WARN  o.e.m.c.i.embedder.EclipseLogger - Using platform encoding (UTF-8 actually) to copy filtered resources, i.e. build is platform dependent!
2022-05-11 10:18:53,516 [Worker-17: Building] INFO  o.e.m.c.i.embedder.EclipseLogger - skip non existing resourceDirectory A:\Documents\Training\Spring\eclipse-workspace\projects\src\main\resources
2022-05-11 10:18:53,519 [Worker-17: Building] WARN  o.e.m.c.i.embedder.EclipseLogger - Using platform encoding (UTF-8 actually) to copy filtered resources, i.e. build is platform dependent!
2022-05-11 10:18:53,520 [Worker-17: Building] INFO  o.e.m.c.i.embedder.EclipseLogger - skip non existing resourceDirectory A:\Documents\Training\Spring\eclipse-workspace\projects\src\test\resources
2022-05-11 10:19:18,584 [Worker-17: Building] WARN  o.e.m.c.i.embedder.EclipseLogger - Using platform encoding (UTF-8 actually) to copy filtered resources, i.e. build is platform dependent!
2022-05-11 10:19:18,586 [Worker-17: Building] INFO  o.e.m.c.i.embedder.EclipseLogger - skip non existing resourceDirectory A:\Documents\Training\Spring\eclipse-workspace\projects\src\main\resources
2022-05-11 10:19:18,587 [Worker-17: Building] WARN  o.e.m.c.i.embedder.EclipseLogger - Using platform encoding (UTF-8 actually) to copy filtered resources, i.e. build is platform dependent!
2022-05-11 10:19:18,588 [Worker-17: Building] INFO  o.e.m.c.i.embedder.EclipseLogger - skip non existing resourceDirectory A:\Documents\Training\Spring\eclipse-workspace\projects\src\test\resources
2022-05-11 10:21:46,666 [Worker-14: Building] WARN  o.e.m.c.i.embedder.EclipseLogger - Using platform encoding (UTF-8 actually) to copy filtered resources, i.e. build is platform dependent!
2022-05-11 10:21:46,667 [Worker-14: Building] INFO  o.e.m.c.i.embedder.EclipseLogger - skip non existing resourceDirectory A:\Documents\Training\Spring\eclipse-workspace\projects\src\main\resources
2022-05-11 10:21:46,669 [Worker-14: Building] WARN  o.e.m.c.i.embedder.EclipseLogger - Using platform encoding (UTF-8 actually) to copy filtered resources, i.e. build is platform dependent!
2022-05-11 10:21:46,669 [Worker-14: Building] INFO  o.e.m.c.i.embedder.EclipseLogger - skip non existing resourceDirectory A:\Documents\Training\Spring\eclipse-workspace\projects\src\test\resources
2022-05-11 10:21:52,649 [Worker-12: Building] WARN  o.e.m.c.i.embedder.EclipseLogger - Using platform encoding (UTF-8 actually) to copy filtered resources, i.e. build is platform dependent!
2022-05-11 10:21:52,650 [Worker-12: Building] INFO  o.e.m.c.i.embedder.EclipseLogger - skip non existing resourceDirectory A:\Documents\Training\Spring\eclipse-workspace\projects\src\main\resources
2022-05-11 10:21:52,651 [Worker-12: Building] WARN  o.e.m.c.i.embedder.EclipseLogger - Using platform encoding (UTF-8 actually) to copy filtered resources, i.e. build is platform dependent!
2022-05-11 10:21:52,652 [Worker-12: Building] INFO  o.e.m.c.i.embedder.EclipseLogger - skip non existing resourceDirectory A:\Documents\Training\Spring\eclipse-workspace\projects\src\test\resources
2022-05-11 10:22:36,277 [Worker-14: Building] WARN  o.e.m.c.i.embedder.EclipseLogger - Using platform encoding (UTF-8 actually) to copy filtered resources, i.e. build is platform dependent!
2022-05-11 10:22:36,278 [Worker-14: Building] INFO  o.e.m.c.i.embedder.EclipseLogger - skip non existing resourceDirectory A:\Documents\Training\Spring\eclipse-workspace\projects\src\main\resources
2022-05-11 10:22:36,279 [Worker-14: Building] WARN  o.e.m.c.i.embedder.EclipseLogger - Using platform encoding (UTF-8 actually) to copy filtered resources, i.e. build is platform dependent!
2022-05-11 10:22:36,279 [Worker-14: Building] INFO  o.e.m.c.i.embedder.EclipseLogger - skip non existing resourceDirectory A:\Documents\Training\Spring\eclipse-workspace\projects\src\test\resources
2022-05-11 10:22:36,393 [ForkJoinPool.commonPool-worker-12] ERROR o.e.m.e.l.MavenRuntimeClasspathProvider - Illegal character in path at index 20: file:/C:/Users/Anesh S M/.p2/pool/plugins/org.eclipse.m2e.maven.runtime_1.18.3.20220227-1319/jars/
java.net.URISyntaxException: Illegal character in path at index 20: file:/C:/Users/Anesh S M/.p2/pool/plugins/org.eclipse.m2e.maven.runtime_1.18.3.20220227-1319/jars/
	at java.base/java.net.URI$Parser.fail(URI.java:2973)
	at java.base/java.net.URI$Parser.checkChars(URI.java:3144)
	at java.base/java.net.URI$Parser.parseHierarchical(URI.java:3226)
	at java.base/java.net.URI$Parser.parse(URI.java:3174)
	at java.base/java.net.URI.<init>(URI.java:623)
	at java.base/java.net.URL.toURI(URL.java:1056)
	at org.eclipse.m2e.editor.lemminx.MavenRuntimeClasspathProvider.addJarsFromBundle(MavenRuntimeClasspathProvider.java:81)
	at org.eclipse.m2e.editor.lemminx.MavenRuntimeClasspathProvider.get(MavenRuntimeClasspathProvider.java:66)
	at org.eclipse.m2e.editor.lemminx.MavenRuntimeClasspathProvider.get(MavenRuntimeClasspathProvider.java:1)
	at java.base/java.util.stream.ReferencePipeline$3$1.accept(ReferencePipeline.java:197)
	at java.base/java.util.stream.ReferencePipeline$3$1.accept(ReferencePipeline.java:197)
	at java.base/java.util.HashMap$EntrySpliterator.forEachRemaining(HashMap.java:1850)
	at java.base/java.util.stream.AbstractPipeline.copyInto(AbstractPipeline.java:509)
	at java.base/java.util.stream.AbstractPipeline.wrapAndCopyInto(AbstractPipeline.java:499)
	at java.base/java.util.stream.ForEachOps$ForEachOp.evaluateSequential(ForEachOps.java:150)
	at java.base/java.util.stream.ForEachOps$ForEachOp$OfRef.evaluateSequential(ForEachOps.java:173)
	at java.base/java.util.stream.AbstractPipeline.evaluate(AbstractPipeline.java:234)
	at java.base/java.util.stream.ReferencePipeline.forEach(ReferencePipeline.java:596)
	at org.eclipse.wildwebdeveloper.xml.internal.XMLExtensionRegistry.getXMLLSClassPathExtensions(XMLExtensionRegistry.java:81)
	at org.eclipse.wildwebdeveloper.xml.internal.XMLLanguageServer.getExtensionJarPaths(XMLLanguageServer.java:142)
	at org.eclipse.wildwebdeveloper.xml.internal.XMLLanguageServer.<init>(XMLLanguageServer.java:83)
	at java.base/jdk.internal.reflect.DirectConstructorHandleAccessor.newInstance(DirectConstructorHandleAccessor.java:67)
	at java.base/java.lang.reflect.Constructor.newInstanceWithCaller(Constructor.java:499)
	at java.base/java.lang.reflect.Constructor.newInstance(Constructor.java:483)
	at org.eclipse.core.internal.registry.osgi.RegistryStrategyOSGI.createExecutableExtension(RegistryStrategyOSGI.java:204)
	at org.eclipse.core.internal.registry.ExtensionRegistry.createExecutableExtension(ExtensionRegistry.java:920)
	at org.eclipse.core.internal.registry.ConfigurationElement.createExecutableExtension(ConfigurationElement.java:246)
	at org.eclipse.core.internal.registry.ConfigurationElementHandle.createExecutableExtension(ConfigurationElementHandle.java:63)
	at org.eclipse.lsp4e.LanguageServersRegistry$ExtensionLanguageServerDefinition.createConnectionProvider(LanguageServersRegistry.java:127)
	at org.eclipse.lsp4e.LanguageServerWrapper.lambda$1(LanguageServerWrapper.java:222)
	at java.base/java.util.concurrent.CompletableFuture$AsyncSupply.run(CompletableFuture.java:1768)
	at java.base/java.util.concurrent.CompletableFuture$AsyncSupply.exec(CompletableFuture.java:1760)
	at java.base/java.util.concurrent.ForkJoinTask.doExec(ForkJoinTask.java:373)
	at java.base/java.util.concurrent.ForkJoinPool$WorkQueue.topLevelExec(ForkJoinPool.java:1182)
	at java.base/java.util.concurrent.ForkJoinPool.scan(ForkJoinPool.java:1655)
	at java.base/java.util.concurrent.ForkJoinPool.runWorker(ForkJoinPool.java:1622)
	at java.base/java.util.concurrent.ForkJoinWorkerThread.run(ForkJoinWorkerThread.java:165)
2022-05-11 10:23:17,403 [Worker-25: Building] WARN  o.e.m.c.i.embedder.EclipseLogger - Using platform encoding (UTF-8 actually) to copy filtered resources, i.e. build is platform dependent!
2022-05-11 10:23:17,404 [Worker-25: Building] INFO  o.e.m.c.i.embedder.EclipseLogger - skip non existing resourceDirectory A:\Documents\Training\Spring\eclipse-workspace\projects\src\main\resources
2022-05-11 10:23:17,405 [Worker-25: Building] WARN  o.e.m.c.i.embedder.EclipseLogger - Using platform encoding (UTF-8 actually) to copy filtered resources, i.e. build is platform dependent!
2022-05-11 10:23:17,406 [Worker-25: Building] INFO  o.e.m.c.i.embedder.EclipseLogger - skip non existing resourceDirectory A:\Documents\Training\Spring\eclipse-workspace\projects\src\test\resources
2022-05-11 10:28:36,640 [Worker-15: Building] WARN  o.e.m.c.i.embedder.EclipseLogger - Using platform encoding (UTF-8 actually) to copy filtered resources, i.e. build is platform dependent!
2022-05-11 10:28:36,641 [Worker-15: Building] INFO  o.e.m.c.i.embedder.EclipseLogger - skip non existing resourceDirectory A:\Documents\Training\Spring\eclipse-workspace\projects\src\main\resources
2022-05-11 10:28:36,642 [Worker-15: Building] WARN  o.e.m.c.i.embedder.EclipseLogger - Using platform encoding (UTF-8 actually) to copy filtered resources, i.e. build is platform dependent!
2022-05-11 10:28:36,643 [Worker-15: Building] INFO  o.e.m.c.i.embedder.EclipseLogger - skip non existing resourceDirectory A:\Documents\Training\Spring\eclipse-workspace\projects\src\test\resources
2022-05-11 10:29:19,300 [Worker-8: Building] WARN  o.e.m.c.i.embedder.EclipseLogger - Using platform encoding (UTF-8 actually) to copy filtered resources, i.e. build is platform dependent!
2022-05-11 10:29:19,301 [Worker-8: Building] INFO  o.e.m.c.i.embedder.EclipseLogger - skip non existing resourceDirectory A:\Documents\Training\Spring\eclipse-workspace\projects\src\main\resources
2022-05-11 10:29:19,303 [Worker-8: Building] WARN  o.e.m.c.i.embedder.EclipseLogger - Using platform encoding (UTF-8 actually) to copy filtered resources, i.e. build is platform dependent!
2022-05-11 10:29:19,303 [Worker-8: Building] INFO  o.e.m.c.i.embedder.EclipseLogger - skip non existing resourceDirectory A:\Documents\Training\Spring\eclipse-workspace\projects\src\test\resources
2022-05-11 10:29:51,334 [Worker-15: Building] WARN  o.e.m.c.i.embedder.EclipseLogger - Using platform encoding (UTF-8 actually) to copy filtered resources, i.e. build is platform dependent!
2022-05-11 10:29:51,335 [Worker-15: Building] INFO  o.e.m.c.i.embedder.EclipseLogger - skip non existing resourceDirectory A:\Documents\Training\Spring\eclipse-workspace\projects\src\main\resources
2022-05-11 10:29:51,336 [Worker-15: Building] WARN  o.e.m.c.i.embedder.EclipseLogger - Using platform encoding (UTF-8 actually) to copy filtered resources, i.e. build is platform dependent!
2022-05-11 10:29:51,336 [Worker-15: Building] INFO  o.e.m.c.i.embedder.EclipseLogger - skip non existing resourceDirectory A:\Documents\Training\Spring\eclipse-workspace\projects\src\test\resources
2022-05-11 10:30:17,114 [Worker-8: Building] WARN  o.e.m.c.i.embedder.EclipseLogger - Using platform encoding (UTF-8 actually) to copy filtered resources, i.e. build is platform dependent!
2022-05-11 10:30:17,115 [Worker-8: Building] INFO  o.e.m.c.i.embedder.EclipseLogger - skip non existing resourceDirectory A:\Documents\Training\Spring\eclipse-workspace\projects\src\main\resources
2022-05-11 10:30:17,116 [Worker-8: Building] WARN  o.e.m.c.i.embedder.EclipseLogger - Using platform encoding (UTF-8 actually) to copy filtered resources, i.e. build is platform dependent!
2022-05-11 10:30:17,116 [Worker-8: Building] INFO  o.e.m.c.i.embedder.EclipseLogger - skip non existing resourceDirectory A:\Documents\Training\Spring\eclipse-workspace\projects\src\test\resources
2022-05-11 10:30:22,765 [Worker-8: Building] WARN  o.e.m.c.i.embedder.EclipseLogger - Using platform encoding (UTF-8 actually) to copy filtered resources, i.e. build is platform dependent!
2022-05-11 10:30:22,766 [Worker-8: Building] INFO  o.e.m.c.i.embedder.EclipseLogger - skip non existing resourceDirectory A:\Documents\Training\Spring\eclipse-workspace\projects\src\main\resources
2022-05-11 10:30:22,767 [Worker-8: Building] WARN  o.e.m.c.i.embedder.EclipseLogger - Using platform encoding (UTF-8 actually) to copy filtered resources, i.e. build is platform dependent!
2022-05-11 10:30:22,768 [Worker-8: Building] INFO  o.e.m.c.i.embedder.EclipseLogger - skip non existing resourceDirectory A:\Documents\Training\Spring\eclipse-workspace\projects\src\test\resources
2022-05-11 10:31:07,843 [Worker-30: Building] WARN  o.e.m.c.i.embedder.EclipseLogger - Using platform encoding (UTF-8 actually) to copy filtered resources, i.e. build is platform dependent!
2022-05-11 10:31:07,843 [Worker-30: Building] INFO  o.e.m.c.i.embedder.EclipseLogger - skip non existing resourceDirectory A:\Documents\Training\Spring\eclipse-workspace\projects\src\main\resources
2022-05-11 10:31:07,845 [Worker-30: Building] WARN  o.e.m.c.i.embedder.EclipseLogger - Using platform encoding (UTF-8 actually) to copy filtered resources, i.e. build is platform dependent!
2022-05-11 10:31:07,845 [Worker-30: Building] INFO  o.e.m.c.i.embedder.EclipseLogger - skip non existing resourceDirectory A:\Documents\Training\Spring\eclipse-workspace\projects\src\test\resources
2022-05-11 10:32:02,405 [Worker-8: Building] WARN  o.e.m.c.i.embedder.EclipseLogger - Using platform encoding (UTF-8 actually) to copy filtered resources, i.e. build is platform dependent!
2022-05-11 10:32:02,406 [Worker-8: Building] INFO  o.e.m.c.i.embedder.EclipseLogger - skip non existing resourceDirectory A:\Documents\Training\Spring\eclipse-workspace\projects\src\main\resources
2022-05-11 10:32:02,407 [Worker-8: Building] WARN  o.e.m.c.i.embedder.EclipseLogger - Using platform encoding (UTF-8 actually) to copy filtered resources, i.e. build is platform dependent!
2022-05-11 10:32:02,407 [Worker-8: Building] INFO  o.e.m.c.i.embedder.EclipseLogger - skip non existing resourceDirectory A:\Documents\Training\Spring\eclipse-workspace\projects\src\test\resources
2022-05-11 10:40:57,518 [Worker-35: Building] WARN  o.e.m.c.i.embedder.EclipseLogger - Using platform encoding (UTF-8 actually) to copy filtered resources, i.e. build is platform dependent!
2022-05-11 10:40:57,518 [Worker-35: Building] INFO  o.e.m.c.i.embedder.EclipseLogger - skip non existing resourceDirectory A:\Documents\Training\Spring\eclipse-workspace\projects\src\main\resources
2022-05-11 10:40:57,519 [Worker-35: Building] WARN  o.e.m.c.i.embedder.EclipseLogger - Using platform encoding (UTF-8 actually) to copy filtered resources, i.e. build is platform dependent!
2022-05-11 10:40:57,520 [Worker-35: Building] INFO  o.e.m.c.i.embedder.EclipseLogger - skip non existing resourceDirectory A:\Documents\Training\Spring\eclipse-workspace\projects\src\test\resources
2022-05-11 10:44:10,113 [Worker-35: Building] WARN  o.e.m.c.i.embedder.EclipseLogger - Using platform encoding (UTF-8 actually) to copy filtered resources, i.e. build is platform dependent!
2022-05-11 10:44:10,114 [Worker-35: Building] INFO  o.e.m.c.i.embedder.EclipseLogger - skip non existing resourceDirectory A:\Documents\Training\Spring\eclipse-workspace\projects\src\main\resources
2022-05-11 10:44:10,115 [Worker-35: Building] WARN  o.e.m.c.i.embedder.EclipseLogger - Using platform encoding (UTF-8 actually) to copy filtered resources, i.e. build is platform dependent!
2022-05-11 10:44:10,116 [Worker-35: Building] INFO  o.e.m.c.i.embedder.EclipseLogger - skip non existing resourceDirectory A:\Documents\Training\Spring\eclipse-workspace\projects\src\test\resources
2022-05-11 10:44:34,395 [Worker-34: Building] WARN  o.e.m.c.i.embedder.EclipseLogger - Using platform encoding (UTF-8 actually) to copy filtered resources, i.e. build is platform dependent!
2022-05-11 10:44:34,396 [Worker-34: Building] INFO  o.e.m.c.i.embedder.EclipseLogger - skip non existing resourceDirectory A:\Documents\Training\Spring\eclipse-workspace\projects\src\main\resources
2022-05-11 10:44:34,397 [Worker-34: Building] WARN  o.e.m.c.i.embedder.EclipseLogger - Using platform encoding (UTF-8 actually) to copy filtered resources, i.e. build is platform dependent!
2022-05-11 10:44:34,398 [Worker-34: Building] INFO  o.e.m.c.i.embedder.EclipseLogger - skip non existing resourceDirectory A:\Documents\Training\Spring\eclipse-workspace\projects\src\test\resources
2022-05-11 10:45:22,946 [Worker-34: Building] WARN  o.e.m.c.i.embedder.EclipseLogger - Using platform encoding (UTF-8 actually) to copy filtered resources, i.e. build is platform dependent!
2022-05-11 10:45:22,947 [Worker-34: Building] INFO  o.e.m.c.i.embedder.EclipseLogger - skip non existing resourceDirectory A:\Documents\Training\Spring\eclipse-workspace\projects\src\main\resources
2022-05-11 10:45:22,948 [Worker-34: Building] WARN  o.e.m.c.i.embedder.EclipseLogger - Using platform encoding (UTF-8 actually) to copy filtered resources, i.e. build is platform dependent!
2022-05-11 10:45:22,949 [Worker-34: Building] INFO  o.e.m.c.i.embedder.EclipseLogger - skip non existing resourceDirectory A:\Documents\Training\Spring\eclipse-workspace\projects\src\test\resources
2022-05-11 10:47:09,607 [Worker-33: Building] WARN  o.e.m.c.i.embedder.EclipseLogger - Using platform encoding (UTF-8 actually) to copy filtered resources, i.e. build is platform dependent!
2022-05-11 10:47:09,607 [Worker-33: Building] INFO  o.e.m.c.i.embedder.EclipseLogger - skip non existing resourceDirectory A:\Documents\Training\Spring\eclipse-workspace\projects\src\main\resources
2022-05-11 10:47:09,608 [Worker-33: Building] WARN  o.e.m.c.i.embedder.EclipseLogger - Using platform encoding (UTF-8 actually) to copy filtered resources, i.e. build is platform dependent!
2022-05-11 10:47:09,609 [Worker-33: Building] INFO  o.e.m.c.i.embedder.EclipseLogger - skip non existing resourceDirectory A:\Documents\Training\Spring\eclipse-workspace\projects\src\test\resources
2022-05-11 10:48:52,698 [Worker-33: Building] WARN  o.e.m.c.i.embedder.EclipseLogger - Using platform encoding (UTF-8 actually) to copy filtered resources, i.e. build is platform dependent!
2022-05-11 10:48:52,700 [Worker-33: Building] INFO  o.e.m.c.i.embedder.EclipseLogger - skip non existing resourceDirectory A:\Documents\Training\Spring\eclipse-workspace\projects\src\main\resources
2022-05-11 10:48:52,701 [Worker-33: Building] WARN  o.e.m.c.i.embedder.EclipseLogger - Using platform encoding (UTF-8 actually) to copy filtered resources, i.e. build is platform dependent!
2022-05-11 10:48:52,701 [Worker-33: Building] INFO  o.e.m.c.i.embedder.EclipseLogger - skip non existing resourceDirectory A:\Documents\Training\Spring\eclipse-workspace\projects\src\test\resources
2022-05-11 10:48:59,010 [Worker-33: Building] WARN  o.e.m.c.i.embedder.EclipseLogger - Using platform encoding (UTF-8 actually) to copy filtered resources, i.e. build is platform dependent!
2022-05-11 10:48:59,011 [Worker-33: Building] INFO  o.e.m.c.i.embedder.EclipseLogger - skip non existing resourceDirectory A:\Documents\Training\Spring\eclipse-workspace\projects\src\main\resources
2022-05-11 10:48:59,012 [Worker-33: Building] WARN  o.e.m.c.i.embedder.EclipseLogger - Using platform encoding (UTF-8 actually) to copy filtered resources, i.e. build is platform dependent!
2022-05-11 10:48:59,012 [Worker-33: Building] INFO  o.e.m.c.i.embedder.EclipseLogger - skip non existing resourceDirectory A:\Documents\Training\Spring\eclipse-workspace\projects\src\test\resources
2022-05-11 10:50:08,528 [Worker-38: Building] WARN  o.e.m.c.i.embedder.EclipseLogger - Using platform encoding (UTF-8 actually) to copy filtered resources, i.e. build is platform dependent!
2022-05-11 10:50:08,529 [Worker-38: Building] INFO  o.e.m.c.i.embedder.EclipseLogger - skip non existing resourceDirectory A:\Documents\Training\Spring\eclipse-workspace\projects\src\main\resources
2022-05-11 10:50:08,530 [Worker-38: Building] WARN  o.e.m.c.i.embedder.EclipseLogger - Using platform encoding (UTF-8 actually) to copy filtered resources, i.e. build is platform dependent!
2022-05-11 10:50:08,531 [Worker-38: Building] INFO  o.e.m.c.i.embedder.EclipseLogger - skip non existing resourceDirectory A:\Documents\Training\Spring\eclipse-workspace\projects\src\test\resources
2022-05-11 10:55:22,915 [Worker-39: Building] WARN  o.e.m.c.i.embedder.EclipseLogger - Using platform encoding (UTF-8 actually) to copy filtered resources, i.e. build is platform dependent!
2022-05-11 10:55:22,916 [Worker-39: Building] INFO  o.e.m.c.i.embedder.EclipseLogger - skip non existing resourceDirectory A:\Documents\Training\Spring\eclipse-workspace\projects\src\main\resources
2022-05-11 10:55:22,917 [Worker-39: Building] WARN  o.e.m.c.i.embedder.EclipseLogger - Using platform encoding (UTF-8 actually) to copy filtered resources, i.e. build is platform dependent!
2022-05-11 10:55:22,917 [Worker-39: Building] INFO  o.e.m.c.i.embedder.EclipseLogger - skip non existing resourceDirectory A:\Documents\Training\Spring\eclipse-workspace\projects\src\test\resources
2022-05-11 10:55:35,016 [Worker-40: Building] WARN  o.e.m.c.i.embedder.EclipseLogger - Using platform encoding (UTF-8 actually) to copy filtered resources, i.e. build is platform dependent!
2022-05-11 10:55:35,016 [Worker-40: Building] INFO  o.e.m.c.i.embedder.EclipseLogger - skip non existing resourceDirectory A:\Documents\Training\Spring\eclipse-workspace\projects\src\main\resources
2022-05-11 10:55:35,017 [Worker-40: Building] WARN  o.e.m.c.i.embedder.EclipseLogger - Using platform encoding (UTF-8 actually) to copy filtered resources, i.e. build is platform dependent!
2022-05-11 10:55:35,018 [Worker-40: Building] INFO  o.e.m.c.i.embedder.EclipseLogger - skip non existing resourceDirectory A:\Documents\Training\Spring\eclipse-workspace\projects\src\test\resources
2022-05-11 10:56:21,471 [Worker-39: Building] WARN  o.e.m.c.i.embedder.EclipseLogger - Using platform encoding (UTF-8 actually) to copy filtered resources, i.e. build is platform dependent!
2022-05-11 10:56:21,471 [Worker-39: Building] INFO  o.e.m.c.i.embedder.EclipseLogger - skip non existing resourceDirectory A:\Documents\Training\Spring\eclipse-workspace\projects\src\main\resources
2022-05-11 10:56:21,472 [Worker-39: Building] WARN  o.e.m.c.i.embedder.EclipseLogger - Using platform encoding (UTF-8 actually) to copy filtered resources, i.e. build is platform dependent!
2022-05-11 10:56:21,473 [Worker-39: Building] INFO  o.e.m.c.i.embedder.EclipseLogger - skip non existing resourceDirectory A:\Documents\Training\Spring\eclipse-workspace\projects\src\test\resources
2022-05-11 10:58:24,040 [Worker-41: Building] WARN  o.e.m.c.i.embedder.EclipseLogger - Using platform encoding (UTF-8 actually) to copy filtered resources, i.e. build is platform dependent!
2022-05-11 10:58:24,040 [Worker-41: Building] INFO  o.e.m.c.i.embedder.EclipseLogger - skip non existing resourceDirectory A:\Documents\Training\Spring\eclipse-workspace\projects\src\main\resources
2022-05-11 10:58:24,041 [Worker-41: Building] WARN  o.e.m.c.i.embedder.EclipseLogger - Using platform encoding (UTF-8 actually) to copy filtered resources, i.e. build is platform dependent!
2022-05-11 10:58:24,042 [Worker-41: Building] INFO  o.e.m.c.i.embedder.EclipseLogger - skip non existing resourceDirectory A:\Documents\Training\Spring\eclipse-workspace\projects\src\test\resources
2022-05-11 10:58:37,689 [Worker-40: Building] WARN  o.e.m.c.i.embedder.EclipseLogger - Using platform encoding (UTF-8 actually) to copy filtered resources, i.e. build is platform dependent!
2022-05-11 10:58:37,690 [Worker-40: Building] INFO  o.e.m.c.i.embedder.EclipseLogger - skip non existing resourceDirectory A:\Documents\Training\Spring\eclipse-workspace\projects\src\main\resources
2022-05-11 10:58:37,691 [Worker-40: Building] WARN  o.e.m.c.i.embedder.EclipseLogger - Using platform encoding (UTF-8 actually) to copy filtered resources, i.e. build is platform dependent!
2022-05-11 10:58:37,691 [Worker-40: Building] INFO  o.e.m.c.i.embedder.EclipseLogger - skip non existing resourceDirectory A:\Documents\Training\Spring\eclipse-workspace\projects\src\test\resources
2022-05-11 10:59:02,643 [Worker-42: Building] WARN  o.e.m.c.i.embedder.EclipseLogger - Using platform encoding (UTF-8 actually) to copy filtered resources, i.e. build is platform dependent!
2022-05-11 10:59:02,644 [Worker-42: Building] INFO  o.e.m.c.i.embedder.EclipseLogger - skip non existing resourceDirectory A:\Documents\Training\Spring\eclipse-workspace\projects\src\main\resources
2022-05-11 10:59:02,645 [Worker-42: Building] WARN  o.e.m.c.i.embedder.EclipseLogger - Using platform encoding (UTF-8 actually) to copy filtered resources, i.e. build is platform dependent!
2022-05-11 10:59:02,645 [Worker-42: Building] INFO  o.e.m.c.i.embedder.EclipseLogger - skip non existing resourceDirectory A:\Documents\Training\Spring\eclipse-workspace\projects\src\test\resources
2022-05-11 10:59:15,816 [Worker-33: Building] WARN  o.e.m.c.i.embedder.EclipseLogger - Using platform encoding (UTF-8 actually) to copy filtered resources, i.e. build is platform dependent!
2022-05-11 10:59:15,816 [Worker-33: Building] INFO  o.e.m.c.i.embedder.EclipseLogger - skip non existing resourceDirectory A:\Documents\Training\Spring\eclipse-workspace\projects\src\main\resources
2022-05-11 10:59:15,817 [Worker-33: Building] WARN  o.e.m.c.i.embedder.EclipseLogger - Using platform encoding (UTF-8 actually) to copy filtered resources, i.e. build is platform dependent!
2022-05-11 10:59:15,818 [Worker-33: Building] INFO  o.e.m.c.i.embedder.EclipseLogger - skip non existing resourceDirectory A:\Documents\Training\Spring\eclipse-workspace\projects\src\test\resources
2022-05-11 11:06:20,282 [Worker-44: Building] WARN  o.e.m.c.i.embedder.EclipseLogger - Using platform encoding (UTF-8 actually) to copy filtered resources, i.e. build is platform dependent!
2022-05-11 11:06:20,283 [Worker-44: Building] INFO  o.e.m.c.i.embedder.EclipseLogger - skip non existing resourceDirectory A:\Documents\Training\Spring\eclipse-workspace\projects\src\main\resources
2022-05-11 11:06:20,283 [Worker-44: Building] WARN  o.e.m.c.i.embedder.EclipseLogger - Using platform encoding (UTF-8 actually) to copy filtered resources, i.e. build is platform dependent!
2022-05-11 11:06:20,284 [Worker-44: Building] INFO  o.e.m.c.i.embedder.EclipseLogger - skip non existing resourceDirectory A:\Documents\Training\Spring\eclipse-workspace\projects\src\test\resources
2022-05-11 11:06:27,478 [Worker-47: Building] WARN  o.e.m.c.i.embedder.EclipseLogger - Using platform encoding (UTF-8 actually) to copy filtered resources, i.e. build is platform dependent!
2022-05-11 11:06:27,479 [Worker-47: Building] INFO  o.e.m.c.i.embedder.EclipseLogger - skip non existing resourceDirectory A:\Documents\Training\Spring\eclipse-workspace\projects\src\main\resources
2022-05-11 11:06:27,480 [Worker-47: Building] WARN  o.e.m.c.i.embedder.EclipseLogger - Using platform encoding (UTF-8 actually) to copy filtered resources, i.e. build is platform dependent!
2022-05-11 11:06:27,480 [Worker-47: Building] INFO  o.e.m.c.i.embedder.EclipseLogger - skip non existing resourceDirectory A:\Documents\Training\Spring\eclipse-workspace\projects\src\test\resources
2022-05-11 11:06:56,049 [Worker-42: Building] WARN  o.e.m.c.i.embedder.EclipseLogger - Using platform encoding (UTF-8 actually) to copy filtered resources, i.e. build is platform dependent!
2022-05-11 11:06:56,049 [Worker-42: Building] INFO  o.e.m.c.i.embedder.EclipseLogger - skip non existing resourceDirectory A:\Documents\Training\Spring\eclipse-workspace\projects\src\main\resources
2022-05-11 11:06:56,050 [Worker-42: Building] WARN  o.e.m.c.i.embedder.EclipseLogger - Using platform encoding (UTF-8 actually) to copy filtered resources, i.e. build is platform dependent!
2022-05-11 11:06:56,051 [Worker-42: Building] INFO  o.e.m.c.i.embedder.EclipseLogger - skip non existing resourceDirectory A:\Documents\Training\Spring\eclipse-workspace\projects\src\test\resources
2022-05-11 11:07:02,506 [Worker-47: Building] WARN  o.e.m.c.i.embedder.EclipseLogger - Using platform encoding (UTF-8 actually) to copy filtered resources, i.e. build is platform dependent!
2022-05-11 11:07:02,507 [Worker-47: Building] INFO  o.e.m.c.i.embedder.EclipseLogger - skip non existing resourceDirectory A:\Documents\Training\Spring\eclipse-workspace\projects\src\main\resources
2022-05-11 11:07:02,508 [Worker-47: Building] WARN  o.e.m.c.i.embedder.EclipseLogger - Using platform encoding (UTF-8 actually) to copy filtered resources, i.e. build is platform dependent!
2022-05-11 11:07:02,508 [Worker-47: Building] INFO  o.e.m.c.i.embedder.EclipseLogger - skip non existing resourceDirectory A:\Documents\Training\Spring\eclipse-workspace\projects\src\test\resources
2022-05-11 11:07:21,085 [Worker-42: Building] WARN  o.e.m.c.i.embedder.EclipseLogger - Using platform encoding (UTF-8 actually) to copy filtered resources, i.e. build is platform dependent!
2022-05-11 11:07:21,085 [Worker-42: Building] INFO  o.e.m.c.i.embedder.EclipseLogger - skip non existing resourceDirectory A:\Documents\Training\Spring\eclipse-workspace\projects\src\main\resources
2022-05-11 11:07:21,087 [Worker-42: Building] WARN  o.e.m.c.i.embedder.EclipseLogger - Using platform encoding (UTF-8 actually) to copy filtered resources, i.e. build is platform dependent!
2022-05-11 11:07:21,087 [Worker-42: Building] INFO  o.e.m.c.i.embedder.EclipseLogger - skip non existing resourceDirectory A:\Documents\Training\Spring\eclipse-workspace\projects\src\test\resources
2022-05-11 11:08:52,703 [Worker-46: Building] WARN  o.e.m.c.i.embedder.EclipseLogger - Using platform encoding (UTF-8 actually) to copy filtered resources, i.e. build is platform dependent!
2022-05-11 11:08:52,704 [Worker-46: Building] INFO  o.e.m.c.i.embedder.EclipseLogger - skip non existing resourceDirectory A:\Documents\Training\Spring\eclipse-workspace\projects\src\main\resources
2022-05-11 11:08:52,705 [Worker-46: Building] WARN  o.e.m.c.i.embedder.EclipseLogger - Using platform encoding (UTF-8 actually) to copy filtered resources, i.e. build is platform dependent!
2022-05-11 11:08:52,705 [Worker-46: Building] INFO  o.e.m.c.i.embedder.EclipseLogger - skip non existing resourceDirectory A:\Documents\Training\Spring\eclipse-workspace\projects\src\test\resources
2022-05-11 11:13:35,965 [Worker-48: Building] WARN  o.e.m.c.i.embedder.EclipseLogger - Using platform encoding (UTF-8 actually) to copy filtered resources, i.e. build is platform dependent!
2022-05-11 11:13:35,965 [Worker-48: Building] INFO  o.e.m.c.i.embedder.EclipseLogger - skip non existing resourceDirectory A:\Documents\Training\Spring\eclipse-workspace\projects\src\main\resources
2022-05-11 11:13:35,966 [Worker-48: Building] WARN  o.e.m.c.i.embedder.EclipseLogger - Using platform encoding (UTF-8 actually) to copy filtered resources, i.e. build is platform dependent!
2022-05-11 11:13:35,967 [Worker-48: Building] INFO  o.e.m.c.i.embedder.EclipseLogger - skip non existing resourceDirectory A:\Documents\Training\Spring\eclipse-workspace\projects\src\test\resources
2022-05-11 11:14:17,263 [Worker-48: Building] WARN  o.e.m.c.i.embedder.EclipseLogger - Using platform encoding (UTF-8 actually) to copy filtered resources, i.e. build is platform dependent!
2022-05-11 11:14:17,264 [Worker-48: Building] INFO  o.e.m.c.i.embedder.EclipseLogger - skip non existing resourceDirectory A:\Documents\Training\Spring\eclipse-workspace\projects\src\main\resources
2022-05-11 11:14:17,265 [Worker-48: Building] WARN  o.e.m.c.i.embedder.EclipseLogger - Using platform encoding (UTF-8 actually) to copy filtered resources, i.e. build is platform dependent!
2022-05-11 11:14:17,265 [Worker-48: Building] INFO  o.e.m.c.i.embedder.EclipseLogger - skip non existing resourceDirectory A:\Documents\Training\Spring\eclipse-workspace\projects\src\test\resources
2022-05-11 11:20:31,440 [Worker-50: Building] WARN  o.e.m.c.i.embedder.EclipseLogger - Using platform encoding (UTF-8 actually) to copy filtered resources, i.e. build is platform dependent!
2022-05-11 11:20:31,441 [Worker-50: Building] INFO  o.e.m.c.i.embedder.EclipseLogger - skip non existing resourceDirectory A:\Documents\Training\Spring\eclipse-workspace\projects\src\main\resources
2022-05-11 11:20:31,441 [Worker-50: Building] WARN  o.e.m.c.i.embedder.EclipseLogger - Using platform encoding (UTF-8 actually) to copy filtered resources, i.e. build is platform dependent!
2022-05-11 11:20:31,442 [Worker-50: Building] INFO  o.e.m.c.i.embedder.EclipseLogger - skip non existing resourceDirectory A:\Documents\Training\Spring\eclipse-workspace\projects\src\test\resources
2022-05-11 11:20:37,856 [Worker-51: Building] WARN  o.e.m.c.i.embedder.EclipseLogger - Using platform encoding (UTF-8 actually) to copy filtered resources, i.e. build is platform dependent!
2022-05-11 11:20:37,856 [Worker-51: Building] INFO  o.e.m.c.i.embedder.EclipseLogger - skip non existing resourceDirectory A:\Documents\Training\Spring\eclipse-workspace\projects\src\main\resources
2022-05-11 11:20:37,857 [Worker-51: Building] WARN  o.e.m.c.i.embedder.EclipseLogger - Using platform encoding (UTF-8 actually) to copy filtered resources, i.e. build is platform dependent!
2022-05-11 11:20:37,858 [Worker-51: Building] INFO  o.e.m.c.i.embedder.EclipseLogger - skip non existing resourceDirectory A:\Documents\Training\Spring\eclipse-workspace\projects\src\test\resources
2022-05-11 11:21:16,720 [Worker-51: Building] WARN  o.e.m.c.i.embedder.EclipseLogger - Using platform encoding (UTF-8 actually) to copy filtered resources, i.e. build is platform dependent!
2022-05-11 11:21:16,721 [Worker-51: Building] INFO  o.e.m.c.i.embedder.EclipseLogger - skip non existing resourceDirectory A:\Documents\Training\Spring\eclipse-workspace\projects\src\main\resources
2022-05-11 11:21:16,723 [Worker-51: Building] WARN  o.e.m.c.i.embedder.EclipseLogger - Using platform encoding (UTF-8 actually) to copy filtered resources, i.e. build is platform dependent!
2022-05-11 11:21:16,724 [Worker-51: Building] INFO  o.e.m.c.i.embedder.EclipseLogger - skip non existing resourceDirectory A:\Documents\Training\Spring\eclipse-workspace\projects\src\test\resources
2022-05-11 11:22:45,911 [Worker-43: Building] WARN  o.e.m.c.i.embedder.EclipseLogger - Using platform encoding (UTF-8 actually) to copy filtered resources, i.e. build is platform dependent!
2022-05-11 11:22:45,912 [Worker-43: Building] INFO  o.e.m.c.i.embedder.EclipseLogger - skip non existing resourceDirectory A:\Documents\Training\Spring\eclipse-workspace\projects\src\main\resources
2022-05-11 11:22:45,913 [Worker-43: Building] WARN  o.e.m.c.i.embedder.EclipseLogger - Using platform encoding (UTF-8 actually) to copy filtered resources, i.e. build is platform dependent!
2022-05-11 11:22:45,913 [Worker-43: Building] INFO  o.e.m.c.i.embedder.EclipseLogger - skip non existing resourceDirectory A:\Documents\Training\Spring\eclipse-workspace\projects\src\test\resources
2022-05-11 11:22:52,289 [Worker-51: Building] WARN  o.e.m.c.i.embedder.EclipseLogger - Using platform encoding (UTF-8 actually) to copy filtered resources, i.e. build is platform dependent!
2022-05-11 11:22:52,290 [Worker-51: Building] INFO  o.e.m.c.i.embedder.EclipseLogger - skip non existing resourceDirectory A:\Documents\Training\Spring\eclipse-workspace\projects\src\main\resources
2022-05-11 11:22:52,291 [Worker-51: Building] WARN  o.e.m.c.i.embedder.EclipseLogger - Using platform encoding (UTF-8 actually) to copy filtered resources, i.e. build is platform dependent!
2022-05-11 11:22:52,291 [Worker-51: Building] INFO  o.e.m.c.i.embedder.EclipseLogger - skip non existing resourceDirectory A:\Documents\Training\Spring\eclipse-workspace\projects\src\test\resources
2022-05-11 11:25:09,703 [Worker-43: Building] WARN  o.e.m.c.i.embedder.EclipseLogger - Using platform encoding (UTF-8 actually) to copy filtered resources, i.e. build is platform dependent!
2022-05-11 11:25:09,703 [Worker-43: Building] INFO  o.e.m.c.i.embedder.EclipseLogger - skip non existing resourceDirectory A:\Documents\Training\Spring\eclipse-workspace\projects\src\main\resources
2022-05-11 11:25:09,704 [Worker-43: Building] WARN  o.e.m.c.i.embedder.EclipseLogger - Using platform encoding (UTF-8 actually) to copy filtered resources, i.e. build is platform dependent!
2022-05-11 11:25:09,705 [Worker-43: Building] INFO  o.e.m.c.i.embedder.EclipseLogger - skip non existing resourceDirectory A:\Documents\Training\Spring\eclipse-workspace\projects\src\test\resources
2022-05-11 11:25:28,940 [Worker-43: Building] WARN  o.e.m.c.i.embedder.EclipseLogger - Using platform encoding (UTF-8 actually) to copy filtered resources, i.e. build is platform dependent!
2022-05-11 11:25:28,941 [Worker-43: Building] INFO  o.e.m.c.i.embedder.EclipseLogger - skip non existing resourceDirectory A:\Documents\Training\Spring\eclipse-workspace\projects\src\main\resources
2022-05-11 11:25:28,942 [Worker-43: Building] WARN  o.e.m.c.i.embedder.EclipseLogger - Using platform encoding (UTF-8 actually) to copy filtered resources, i.e. build is platform dependent!
2022-05-11 11:25:28,943 [Worker-43: Building] INFO  o.e.m.c.i.embedder.EclipseLogger - skip non existing resourceDirectory A:\Documents\Training\Spring\eclipse-workspace\projects\src\test\resources
2022-05-11 11:25:51,072 [Worker-53: Building] WARN  o.e.m.c.i.embedder.EclipseLogger - Using platform encoding (UTF-8 actually) to copy filtered resources, i.e. build is platform dependent!
2022-05-11 11:25:51,073 [Worker-53: Building] INFO  o.e.m.c.i.embedder.EclipseLogger - skip non existing resourceDirectory A:\Documents\Training\Spring\eclipse-workspace\projects\src\main\resources
2022-05-11 11:25:51,074 [Worker-53: Building] WARN  o.e.m.c.i.embedder.EclipseLogger - Using platform encoding (UTF-8 actually) to copy filtered resources, i.e. build is platform dependent!
2022-05-11 11:25:51,074 [Worker-53: Building] INFO  o.e.m.c.i.embedder.EclipseLogger - skip non existing resourceDirectory A:\Documents\Training\Spring\eclipse-workspace\projects\src\test\resources
2022-05-11 11:26:41,480 [Worker-53: Building] WARN  o.e.m.c.i.embedder.EclipseLogger - Using platform encoding (UTF-8 actually) to copy filtered resources, i.e. build is platform dependent!
2022-05-11 11:26:41,481 [Worker-53: Building] INFO  o.e.m.c.i.embedder.EclipseLogger - skip non existing resourceDirectory A:\Documents\Training\Spring\eclipse-workspace\projects\src\main\resources
2022-05-11 11:26:41,481 [Worker-53: Building] WARN  o.e.m.c.i.embedder.EclipseLogger - Using platform encoding (UTF-8 actually) to copy filtered resources, i.e. build is platform dependent!
2022-05-11 11:26:41,482 [Worker-53: Building] INFO  o.e.m.c.i.embedder.EclipseLogger - skip non existing resourceDirectory A:\Documents\Training\Spring\eclipse-workspace\projects\src\test\resources
2022-05-11 11:27:28,922 [Worker-52: Building] WARN  o.e.m.c.i.embedder.EclipseLogger - Using platform encoding (UTF-8 actually) to copy filtered resources, i.e. build is platform dependent!
2022-05-11 11:27:28,923 [Worker-52: Building] INFO  o.e.m.c.i.embedder.EclipseLogger - skip non existing resourceDirectory A:\Documents\Training\Spring\eclipse-workspace\projects\src\main\resources
2022-05-11 11:27:28,924 [Worker-52: Building] WARN  o.e.m.c.i.embedder.EclipseLogger - Using platform encoding (UTF-8 actually) to copy filtered resources, i.e. build is platform dependent!
2022-05-11 11:27:28,924 [Worker-52: Building] INFO  o.e.m.c.i.embedder.EclipseLogger - skip non existing resourceDirectory A:\Documents\Training\Spring\eclipse-workspace\projects\src\test\resources
2022-05-11 11:28:04,080 [Worker-53: Building] WARN  o.e.m.c.i.embedder.EclipseLogger - Using platform encoding (UTF-8 actually) to copy filtered resources, i.e. build is platform dependent!
2022-05-11 11:28:04,081 [Worker-53: Building] INFO  o.e.m.c.i.embedder.EclipseLogger - skip non existing resourceDirectory A:\Documents\Training\Spring\eclipse-workspace\projects\src\main\resources
2022-05-11 11:28:04,082 [Worker-53: Building] WARN  o.e.m.c.i.embedder.EclipseLogger - Using platform encoding (UTF-8 actually) to copy filtered resources, i.e. build is platform dependent!
2022-05-11 11:28:04,082 [Worker-53: Building] INFO  o.e.m.c.i.embedder.EclipseLogger - skip non existing resourceDirectory A:\Documents\Training\Spring\eclipse-workspace\projects\src\test\resources
2022-05-11 11:28:44,596 [Worker-53: Building] WARN  o.e.m.c.i.embedder.EclipseLogger - Using platform encoding (UTF-8 actually) to copy filtered resources, i.e. build is platform dependent!
2022-05-11 11:28:44,597 [Worker-53: Building] INFO  o.e.m.c.i.embedder.EclipseLogger - skip non existing resourceDirectory A:\Documents\Training\Spring\eclipse-workspace\projects\src\main\resources
2022-05-11 11:28:44,598 [Worker-53: Building] WARN  o.e.m.c.i.embedder.EclipseLogger - Using platform encoding (UTF-8 actually) to copy filtered resources, i.e. build is platform dependent!
2022-05-11 11:28:44,598 [Worker-53: Building] INFO  o.e.m.c.i.embedder.EclipseLogger - skip non existing resourceDirectory A:\Documents\Training\Spring\eclipse-workspace\projects\src\test\resources
2022-05-11 11:29:11,277 [Worker-50: Building] WARN  o.e.m.c.i.embedder.EclipseLogger - Using platform encoding (UTF-8 actually) to copy filtered resources, i.e. build is platform dependent!
2022-05-11 11:29:11,278 [Worker-50: Building] INFO  o.e.m.c.i.embedder.EclipseLogger - skip non existing resourceDirectory A:\Documents\Training\Spring\eclipse-workspace\projects\src\main\resources
2022-05-11 11:29:11,279 [Worker-50: Building] WARN  o.e.m.c.i.embedder.EclipseLogger - Using platform encoding (UTF-8 actually) to copy filtered resources, i.e. build is platform dependent!
2022-05-11 11:29:11,280 [Worker-50: Building] INFO  o.e.m.c.i.embedder.EclipseLogger - skip non existing resourceDirectory A:\Documents\Training\Spring\eclipse-workspace\projects\src\test\resources
2022-05-11 11:30:23,981 [Worker-54: Building] WARN  o.e.m.c.i.embedder.EclipseLogger - Using platform encoding (UTF-8 actually) to copy filtered resources, i.e. build is platform dependent!
2022-05-11 11:30:23,982 [Worker-54: Building] INFO  o.e.m.c.i.embedder.EclipseLogger - skip non existing resourceDirectory A:\Documents\Training\Spring\eclipse-workspace\projects\src\main\resources
2022-05-11 11:30:23,982 [Worker-54: Building] WARN  o.e.m.c.i.embedder.EclipseLogger - Using platform encoding (UTF-8 actually) to copy filtered resources, i.e. build is platform dependent!
2022-05-11 11:30:23,983 [Worker-54: Building] INFO  o.e.m.c.i.embedder.EclipseLogger - skip non existing resourceDirectory A:\Documents\Training\Spring\eclipse-workspace\projects\src\test\resources
2022-05-11 11:31:49,442 [Worker-54: Building] WARN  o.e.m.c.i.embedder.EclipseLogger - Using platform encoding (UTF-8 actually) to copy filtered resources, i.e. build is platform dependent!
2022-05-11 11:31:49,442 [Worker-54: Building] INFO  o.e.m.c.i.embedder.EclipseLogger - skip non existing resourceDirectory A:\Documents\Training\Spring\eclipse-workspace\projects\src\main\resources
2022-05-11 11:31:49,443 [Worker-54: Building] WARN  o.e.m.c.i.embedder.EclipseLogger - Using platform encoding (UTF-8 actually) to copy filtered resources, i.e. build is platform dependent!
2022-05-11 11:31:49,444 [Worker-54: Building] INFO  o.e.m.c.i.embedder.EclipseLogger - skip non existing resourceDirectory A:\Documents\Training\Spring\eclipse-workspace\projects\src\test\resources
2022-05-12 09:48:51,849 [ForkJoinPool.commonPool-worker-2] ERROR o.e.m.e.l.MavenRuntimeClasspathProvider - Illegal character in path at index 20: file:/C:/Users/Anesh S M/.p2/pool/plugins/org.eclipse.m2e.maven.runtime_1.18.3.20220227-1319/jars/
java.net.URISyntaxException: Illegal character in path at index 20: file:/C:/Users/Anesh S M/.p2/pool/plugins/org.eclipse.m2e.maven.runtime_1.18.3.20220227-1319/jars/
	at java.base/java.net.URI$Parser.fail(URI.java:2973)
	at java.base/java.net.URI$Parser.checkChars(URI.java:3144)
	at java.base/java.net.URI$Parser.parseHierarchical(URI.java:3226)
	at java.base/java.net.URI$Parser.parse(URI.java:3174)
	at java.base/java.net.URI.<init>(URI.java:623)
	at java.base/java.net.URL.toURI(URL.java:1056)
	at org.eclipse.m2e.editor.lemminx.MavenRuntimeClasspathProvider.addJarsFromBundle(MavenRuntimeClasspathProvider.java:81)
	at org.eclipse.m2e.editor.lemminx.MavenRuntimeClasspathProvider.get(MavenRuntimeClasspathProvider.java:66)
	at org.eclipse.m2e.editor.lemminx.MavenRuntimeClasspathProvider.get(MavenRuntimeClasspathProvider.java:1)
	at java.base/java.util.stream.ReferencePipeline$3$1.accept(ReferencePipeline.java:197)
	at java.base/java.util.stream.ReferencePipeline$3$1.accept(ReferencePipeline.java:197)
	at java.base/java.util.HashMap$EntrySpliterator.forEachRemaining(HashMap.java:1850)
	at java.base/java.util.stream.AbstractPipeline.copyInto(AbstractPipeline.java:509)
	at java.base/java.util.stream.AbstractPipeline.wrapAndCopyInto(AbstractPipeline.java:499)
	at java.base/java.util.stream.ForEachOps$ForEachOp.evaluateSequential(ForEachOps.java:150)
	at java.base/java.util.stream.ForEachOps$ForEachOp$OfRef.evaluateSequential(ForEachOps.java:173)
	at java.base/java.util.stream.AbstractPipeline.evaluate(AbstractPipeline.java:234)
	at java.base/java.util.stream.ReferencePipeline.forEach(ReferencePipeline.java:596)
	at org.eclipse.wildwebdeveloper.xml.internal.XMLExtensionRegistry.getXMLLSClassPathExtensions(XMLExtensionRegistry.java:81)
	at org.eclipse.wildwebdeveloper.xml.internal.XMLLanguageServer.getExtensionJarPaths(XMLLanguageServer.java:142)
	at org.eclipse.wildwebdeveloper.xml.internal.XMLLanguageServer.<init>(XMLLanguageServer.java:83)
	at java.base/jdk.internal.reflect.DirectConstructorHandleAccessor.newInstance(DirectConstructorHandleAccessor.java:67)
	at java.base/java.lang.reflect.Constructor.newInstanceWithCaller(Constructor.java:499)
	at java.base/java.lang.reflect.Constructor.newInstance(Constructor.java:483)
	at org.eclipse.core.internal.registry.osgi.RegistryStrategyOSGI.createExecutableExtension(RegistryStrategyOSGI.java:204)
	at org.eclipse.core.internal.registry.ExtensionRegistry.createExecutableExtension(ExtensionRegistry.java:920)
	at org.eclipse.core.internal.registry.ConfigurationElement.createExecutableExtension(ConfigurationElement.java:246)
	at org.eclipse.core.internal.registry.ConfigurationElementHandle.createExecutableExtension(ConfigurationElementHandle.java:63)
	at org.eclipse.lsp4e.LanguageServersRegistry$ExtensionLanguageServerDefinition.createConnectionProvider(LanguageServersRegistry.java:127)
	at org.eclipse.lsp4e.LanguageServerWrapper.lambda$1(LanguageServerWrapper.java:222)
	at java.base/java.util.concurrent.CompletableFuture$AsyncSupply.run(CompletableFuture.java:1768)
	at java.base/java.util.concurrent.CompletableFuture$AsyncSupply.exec(CompletableFuture.java:1760)
	at java.base/java.util.concurrent.ForkJoinTask.doExec(ForkJoinTask.java:373)
	at java.base/java.util.concurrent.ForkJoinPool$WorkQueue.topLevelExec(ForkJoinPool.java:1182)
	at java.base/java.util.concurrent.ForkJoinPool.scan(ForkJoinPool.java:1655)
	at java.base/java.util.concurrent.ForkJoinPool.runWorker(ForkJoinPool.java:1622)
	at java.base/java.util.concurrent.ForkJoinWorkerThread.run(ForkJoinWorkerThread.java:165)
2022-05-12 09:48:52,829 [Worker-5: Loading available Gradle versions] INFO  o.e.b.c.i.u.g.PublishedGradleVersions - Gradle version information cache is out-of-date. Trying to update.
2022-05-12 09:51:48,411 [ForkJoinPool.commonPool-worker-5] ERROR o.e.m.e.l.MavenRuntimeClasspathProvider - Illegal character in path at index 20: file:/C:/Users/Anesh S M/.p2/pool/plugins/org.eclipse.m2e.maven.runtime_1.18.3.20220227-1319/jars/
java.net.URISyntaxException: Illegal character in path at index 20: file:/C:/Users/Anesh S M/.p2/pool/plugins/org.eclipse.m2e.maven.runtime_1.18.3.20220227-1319/jars/
	at java.base/java.net.URI$Parser.fail(URI.java:2973)
	at java.base/java.net.URI$Parser.checkChars(URI.java:3144)
	at java.base/java.net.URI$Parser.parseHierarchical(URI.java:3226)
	at java.base/java.net.URI$Parser.parse(URI.java:3174)
	at java.base/java.net.URI.<init>(URI.java:623)
	at java.base/java.net.URL.toURI(URL.java:1056)
	at org.eclipse.m2e.editor.lemminx.MavenRuntimeClasspathProvider.addJarsFromBundle(MavenRuntimeClasspathProvider.java:81)
	at org.eclipse.m2e.editor.lemminx.MavenRuntimeClasspathProvider.get(MavenRuntimeClasspathProvider.java:66)
	at org.eclipse.m2e.editor.lemminx.MavenRuntimeClasspathProvider.get(MavenRuntimeClasspathProvider.java:1)
	at java.base/java.util.stream.ReferencePipeline$3$1.accept(ReferencePipeline.java:197)
	at java.base/java.util.stream.ReferencePipeline$3$1.accept(ReferencePipeline.java:197)
	at java.base/java.util.HashMap$EntrySpliterator.forEachRemaining(HashMap.java:1850)
	at java.base/java.util.stream.AbstractPipeline.copyInto(AbstractPipeline.java:509)
	at java.base/java.util.stream.AbstractPipeline.wrapAndCopyInto(AbstractPipeline.java:499)
	at java.base/java.util.stream.ForEachOps$ForEachOp.evaluateSequential(ForEachOps.java:150)
	at java.base/java.util.stream.ForEachOps$ForEachOp$OfRef.evaluateSequential(ForEachOps.java:173)
	at java.base/java.util.stream.AbstractPipeline.evaluate(AbstractPipeline.java:234)
	at java.base/java.util.stream.ReferencePipeline.forEach(ReferencePipeline.java:596)
	at org.eclipse.wildwebdeveloper.xml.internal.XMLExtensionRegistry.getXMLLSClassPathExtensions(XMLExtensionRegistry.java:81)
	at org.eclipse.wildwebdeveloper.xml.internal.XMLLanguageServer.getExtensionJarPaths(XMLLanguageServer.java:142)
	at org.eclipse.wildwebdeveloper.xml.internal.XMLLanguageServer.<init>(XMLLanguageServer.java:83)
	at java.base/jdk.internal.reflect.DirectConstructorHandleAccessor.newInstance(DirectConstructorHandleAccessor.java:67)
	at java.base/java.lang.reflect.Constructor.newInstanceWithCaller(Constructor.java:499)
	at java.base/java.lang.reflect.Constructor.newInstance(Constructor.java:483)
	at org.eclipse.core.internal.registry.osgi.RegistryStrategyOSGI.createExecutableExtension(RegistryStrategyOSGI.java:204)
	at org.eclipse.core.internal.registry.ExtensionRegistry.createExecutableExtension(ExtensionRegistry.java:920)
	at org.eclipse.core.internal.registry.ConfigurationElement.createExecutableExtension(ConfigurationElement.java:246)
	at org.eclipse.core.internal.registry.ConfigurationElementHandle.createExecutableExtension(ConfigurationElementHandle.java:63)
	at org.eclipse.lsp4e.LanguageServersRegistry$ExtensionLanguageServerDefinition.createConnectionProvider(LanguageServersRegistry.java:127)
	at org.eclipse.lsp4e.LanguageServerWrapper.lambda$1(LanguageServerWrapper.java:222)
	at java.base/java.util.concurrent.CompletableFuture$AsyncSupply.run(CompletableFuture.java:1768)
	at java.base/java.util.concurrent.CompletableFuture$AsyncSupply.exec(CompletableFuture.java:1760)
	at java.base/java.util.concurrent.ForkJoinTask.doExec(ForkJoinTask.java:373)
	at java.base/java.util.concurrent.ForkJoinPool$WorkQueue.topLevelExec(ForkJoinPool.java:1182)
	at java.base/java.util.concurrent.ForkJoinPool.scan(ForkJoinPool.java:1655)
	at java.base/java.util.concurrent.ForkJoinPool.runWorker(ForkJoinPool.java:1622)
	at java.base/java.util.concurrent.ForkJoinWorkerThread.run(ForkJoinWorkerThread.java:165)
2022-05-12 09:51:49,216 [Worker-5: Loading available Gradle versions] INFO  o.e.b.c.i.u.g.PublishedGradleVersions - Gradle version information cache is up-to-date. Trying to read.
2022-05-12 09:52:27,382 [ForkJoinPool.commonPool-worker-3] ERROR o.e.m.e.l.MavenRuntimeClasspathProvider - Illegal character in path at index 20: file:/C:/Users/Anesh S M/.p2/pool/plugins/org.eclipse.m2e.maven.runtime_1.18.3.20220227-1319/jars/
java.net.URISyntaxException: Illegal character in path at index 20: file:/C:/Users/Anesh S M/.p2/pool/plugins/org.eclipse.m2e.maven.runtime_1.18.3.20220227-1319/jars/
	at java.base/java.net.URI$Parser.fail(URI.java:2973)
	at java.base/java.net.URI$Parser.checkChars(URI.java:3144)
	at java.base/java.net.URI$Parser.parseHierarchical(URI.java:3226)
	at java.base/java.net.URI$Parser.parse(URI.java:3174)
	at java.base/java.net.URI.<init>(URI.java:623)
	at java.base/java.net.URL.toURI(URL.java:1056)
	at org.eclipse.m2e.editor.lemminx.MavenRuntimeClasspathProvider.addJarsFromBundle(MavenRuntimeClasspathProvider.java:81)
	at org.eclipse.m2e.editor.lemminx.MavenRuntimeClasspathProvider.get(MavenRuntimeClasspathProvider.java:66)
	at org.eclipse.m2e.editor.lemminx.MavenRuntimeClasspathProvider.get(MavenRuntimeClasspathProvider.java:1)
	at java.base/java.util.stream.ReferencePipeline$3$1.accept(ReferencePipeline.java:197)
	at java.base/java.util.stream.ReferencePipeline$3$1.accept(ReferencePipeline.java:197)
	at java.base/java.util.HashMap$EntrySpliterator.forEachRemaining(HashMap.java:1850)
	at java.base/java.util.stream.AbstractPipeline.copyInto(AbstractPipeline.java:509)
	at java.base/java.util.stream.AbstractPipeline.wrapAndCopyInto(AbstractPipeline.java:499)
	at java.base/java.util.stream.ForEachOps$ForEachOp.evaluateSequential(ForEachOps.java:150)
	at java.base/java.util.stream.ForEachOps$ForEachOp$OfRef.evaluateSequential(ForEachOps.java:173)
	at java.base/java.util.stream.AbstractPipeline.evaluate(AbstractPipeline.java:234)
	at java.base/java.util.stream.ReferencePipeline.forEach(ReferencePipeline.java:596)
	at org.eclipse.wildwebdeveloper.xml.internal.XMLExtensionRegistry.getXMLLSClassPathExtensions(XMLExtensionRegistry.java:81)
	at org.eclipse.wildwebdeveloper.xml.internal.XMLLanguageServer.getExtensionJarPaths(XMLLanguageServer.java:142)
	at org.eclipse.wildwebdeveloper.xml.internal.XMLLanguageServer.<init>(XMLLanguageServer.java:83)
	at java.base/jdk.internal.reflect.DirectConstructorHandleAccessor.newInstance(DirectConstructorHandleAccessor.java:67)
	at java.base/java.lang.reflect.Constructor.newInstanceWithCaller(Constructor.java:499)
	at java.base/java.lang.reflect.Constructor.newInstance(Constructor.java:483)
	at org.eclipse.core.internal.registry.osgi.RegistryStrategyOSGI.createExecutableExtension(RegistryStrategyOSGI.java:204)
	at org.eclipse.core.internal.registry.ExtensionRegistry.createExecutableExtension(ExtensionRegistry.java:920)
	at org.eclipse.core.internal.registry.ConfigurationElement.createExecutableExtension(ConfigurationElement.java:246)
	at org.eclipse.core.internal.registry.ConfigurationElementHandle.createExecutableExtension(ConfigurationElementHandle.java:63)
	at org.eclipse.lsp4e.LanguageServersRegistry$ExtensionLanguageServerDefinition.createConnectionProvider(LanguageServersRegistry.java:127)
	at org.eclipse.lsp4e.LanguageServerWrapper.lambda$1(LanguageServerWrapper.java:222)
	at java.base/java.util.concurrent.CompletableFuture$AsyncSupply.run(CompletableFuture.java:1768)
	at java.base/java.util.concurrent.CompletableFuture$AsyncSupply.exec(CompletableFuture.java:1760)
	at java.base/java.util.concurrent.ForkJoinTask.doExec(ForkJoinTask.java:373)
	at java.base/java.util.concurrent.ForkJoinPool$WorkQueue.topLevelExec(ForkJoinPool.java:1182)
	at java.base/java.util.concurrent.ForkJoinPool.scan(ForkJoinPool.java:1655)
	at java.base/java.util.concurrent.ForkJoinPool.runWorker(ForkJoinPool.java:1622)
	at java.base/java.util.concurrent.ForkJoinWorkerThread.run(ForkJoinWorkerThread.java:165)
2022-05-12 09:52:28,253 [Worker-5: Loading available Gradle versions] INFO  o.e.b.c.i.u.g.PublishedGradleVersions - Gradle version information cache is up-to-date. Trying to read.
2022-05-12 09:55:14,331 [Worker-24: Building] WARN  o.e.m.c.i.embedder.EclipseLogger - Using platform encoding (UTF-8 actually) to copy filtered resources, i.e. build is platform dependent!
2022-05-12 09:55:14,334 [Worker-24: Building] INFO  o.e.m.c.i.embedder.EclipseLogger - skip non existing resourceDirectory A:\Documents\Training\Spring\eclipse-workspace\projects\src\main\resources
2022-05-12 09:55:14,336 [Worker-24: Building] WARN  o.e.m.c.i.embedder.EclipseLogger - Using platform encoding (UTF-8 actually) to copy filtered resources, i.e. build is platform dependent!
2022-05-12 09:55:14,337 [Worker-24: Building] INFO  o.e.m.c.i.embedder.EclipseLogger - skip non existing resourceDirectory A:\Documents\Training\Spring\eclipse-workspace\projects\src\test\resources
2022-05-12 09:58:30,219 [Worker-32: Building] WARN  o.e.m.c.i.embedder.EclipseLogger - Using platform encoding (UTF-8 actually) to copy filtered resources, i.e. build is platform dependent!
2022-05-12 09:58:30,220 [Worker-32: Building] INFO  o.e.m.c.i.embedder.EclipseLogger - skip non existing resourceDirectory A:\Documents\Training\Spring\eclipse-workspace\projects\src\main\resources
2022-05-12 09:58:30,222 [Worker-32: Building] WARN  o.e.m.c.i.embedder.EclipseLogger - Using platform encoding (UTF-8 actually) to copy filtered resources, i.e. build is platform dependent!
2022-05-12 09:58:30,223 [Worker-32: Building] INFO  o.e.m.c.i.embedder.EclipseLogger - skip non existing resourceDirectory A:\Documents\Training\Spring\eclipse-workspace\projects\src\test\resources
2022-05-12 09:59:14,280 [Worker-33: Building] WARN  o.e.m.c.i.embedder.EclipseLogger - Using platform encoding (UTF-8 actually) to copy filtered resources, i.e. build is platform dependent!
2022-05-12 09:59:14,281 [Worker-33: Building] INFO  o.e.m.c.i.embedder.EclipseLogger - skip non existing resourceDirectory A:\Documents\Training\Spring\eclipse-workspace\projects\src\main\resources
2022-05-12 09:59:14,282 [Worker-33: Building] WARN  o.e.m.c.i.embedder.EclipseLogger - Using platform encoding (UTF-8 actually) to copy filtered resources, i.e. build is platform dependent!
2022-05-12 09:59:14,283 [Worker-33: Building] INFO  o.e.m.c.i.embedder.EclipseLogger - skip non existing resourceDirectory A:\Documents\Training\Spring\eclipse-workspace\projects\src\test\resources
2022-05-12 09:59:52,483 [Worker-31: Building] WARN  o.e.m.c.i.embedder.EclipseLogger - Using platform encoding (UTF-8 actually) to copy filtered resources, i.e. build is platform dependent!
2022-05-12 09:59:52,485 [Worker-31: Building] INFO  o.e.m.c.i.embedder.EclipseLogger - skip non existing resourceDirectory A:\Documents\Training\Spring\eclipse-workspace\projects\src\main\resources
2022-05-12 09:59:52,487 [Worker-31: Building] WARN  o.e.m.c.i.embedder.EclipseLogger - Using platform encoding (UTF-8 actually) to copy filtered resources, i.e. build is platform dependent!
2022-05-12 09:59:52,488 [Worker-31: Building] INFO  o.e.m.c.i.embedder.EclipseLogger - skip non existing resourceDirectory A:\Documents\Training\Spring\eclipse-workspace\projects\src\test\resources
2022-05-12 10:00:13,129 [Worker-24: Building] WARN  o.e.m.c.i.embedder.EclipseLogger - Using platform encoding (UTF-8 actually) to copy filtered resources, i.e. build is platform dependent!
2022-05-12 10:00:13,130 [Worker-24: Building] INFO  o.e.m.c.i.embedder.EclipseLogger - skip non existing resourceDirectory A:\Documents\Training\Spring\eclipse-workspace\projects\src\main\resources
2022-05-12 10:00:13,131 [Worker-24: Building] WARN  o.e.m.c.i.embedder.EclipseLogger - Using platform encoding (UTF-8 actually) to copy filtered resources, i.e. build is platform dependent!
2022-05-12 10:00:13,132 [Worker-24: Building] INFO  o.e.m.c.i.embedder.EclipseLogger - skip non existing resourceDirectory A:\Documents\Training\Spring\eclipse-workspace\projects\src\test\resources
2022-05-12 10:00:57,801 [Worker-24: Building] WARN  o.e.m.c.i.embedder.EclipseLogger - Using platform encoding (UTF-8 actually) to copy filtered resources, i.e. build is platform dependent!
2022-05-12 10:00:57,802 [Worker-24: Building] INFO  o.e.m.c.i.embedder.EclipseLogger - skip non existing resourceDirectory A:\Documents\Training\Spring\eclipse-workspace\projects\src\main\resources
2022-05-12 10:00:57,803 [Worker-24: Building] WARN  o.e.m.c.i.embedder.EclipseLogger - Using platform encoding (UTF-8 actually) to copy filtered resources, i.e. build is platform dependent!
2022-05-12 10:00:57,804 [Worker-24: Building] INFO  o.e.m.c.i.embedder.EclipseLogger - skip non existing resourceDirectory A:\Documents\Training\Spring\eclipse-workspace\projects\src\test\resources
2022-05-12 10:03:55,862 [Worker-24: Building] WARN  o.e.m.c.i.embedder.EclipseLogger - Using platform encoding (UTF-8 actually) to copy filtered resources, i.e. build is platform dependent!
2022-05-12 10:03:55,862 [Worker-24: Building] INFO  o.e.m.c.i.embedder.EclipseLogger - skip non existing resourceDirectory A:\Documents\Training\Spring\eclipse-workspace\projects\src\main\resources
2022-05-12 10:03:55,864 [Worker-24: Building] WARN  o.e.m.c.i.embedder.EclipseLogger - Using platform encoding (UTF-8 actually) to copy filtered resources, i.e. build is platform dependent!
2022-05-12 10:03:55,864 [Worker-24: Building] INFO  o.e.m.c.i.embedder.EclipseLogger - skip non existing resourceDirectory A:\Documents\Training\Spring\eclipse-workspace\projects\src\test\resources
2022-05-12 10:04:52,905 [Worker-33: Building] WARN  o.e.m.c.i.embedder.EclipseLogger - Using platform encoding (UTF-8 actually) to copy filtered resources, i.e. build is platform dependent!
2022-05-12 10:04:52,906 [Worker-33: Building] INFO  o.e.m.c.i.embedder.EclipseLogger - skip non existing resourceDirectory A:\Documents\Training\Spring\eclipse-workspace\projects\src\main\resources
2022-05-12 10:04:52,907 [Worker-33: Building] WARN  o.e.m.c.i.embedder.EclipseLogger - Using platform encoding (UTF-8 actually) to copy filtered resources, i.e. build is platform dependent!
2022-05-12 10:04:52,908 [Worker-33: Building] INFO  o.e.m.c.i.embedder.EclipseLogger - skip non existing resourceDirectory A:\Documents\Training\Spring\eclipse-workspace\projects\src\test\resources
2022-05-12 10:05:18,579 [Worker-33: Building] WARN  o.e.m.c.i.embedder.EclipseLogger - Using platform encoding (UTF-8 actually) to copy filtered resources, i.e. build is platform dependent!
2022-05-12 10:05:18,580 [Worker-33: Building] INFO  o.e.m.c.i.embedder.EclipseLogger - skip non existing resourceDirectory A:\Documents\Training\Spring\eclipse-workspace\projects\src\main\resources
2022-05-12 10:05:18,581 [Worker-33: Building] WARN  o.e.m.c.i.embedder.EclipseLogger - Using platform encoding (UTF-8 actually) to copy filtered resources, i.e. build is platform dependent!
2022-05-12 10:05:18,582 [Worker-33: Building] INFO  o.e.m.c.i.embedder.EclipseLogger - skip non existing resourceDirectory A:\Documents\Training\Spring\eclipse-workspace\projects\src\test\resources
2022-05-12 10:06:15,807 [Worker-32: Building] WARN  o.e.m.c.i.embedder.EclipseLogger - Using platform encoding (UTF-8 actually) to copy filtered resources, i.e. build is platform dependent!
2022-05-12 10:06:15,808 [Worker-32: Building] INFO  o.e.m.c.i.embedder.EclipseLogger - skip non existing resourceDirectory A:\Documents\Training\Spring\eclipse-workspace\projects\src\main\resources
2022-05-12 10:06:15,809 [Worker-32: Building] WARN  o.e.m.c.i.embedder.EclipseLogger - Using platform encoding (UTF-8 actually) to copy filtered resources, i.e. build is platform dependent!
2022-05-12 10:06:15,810 [Worker-32: Building] INFO  o.e.m.c.i.embedder.EclipseLogger - skip non existing resourceDirectory A:\Documents\Training\Spring\eclipse-workspace\projects\src\test\resources
2022-05-12 10:06:58,068 [Worker-35: Building] WARN  o.e.m.c.i.embedder.EclipseLogger - Using platform encoding (UTF-8 actually) to copy filtered resources, i.e. build is platform dependent!
2022-05-12 10:06:58,069 [Worker-35: Building] INFO  o.e.m.c.i.embedder.EclipseLogger - skip non existing resourceDirectory A:\Documents\Training\Spring\eclipse-workspace\projects\src\main\resources
2022-05-12 10:06:58,070 [Worker-35: Building] WARN  o.e.m.c.i.embedder.EclipseLogger - Using platform encoding (UTF-8 actually) to copy filtered resources, i.e. build is platform dependent!
2022-05-12 10:06:58,071 [Worker-35: Building] INFO  o.e.m.c.i.embedder.EclipseLogger - skip non existing resourceDirectory A:\Documents\Training\Spring\eclipse-workspace\projects\src\test\resources
2022-05-12 10:08:37,606 [Worker-24: Building] WARN  o.e.m.c.i.embedder.EclipseLogger - Using platform encoding (UTF-8 actually) to copy filtered resources, i.e. build is platform dependent!
2022-05-12 10:08:37,607 [Worker-24: Building] INFO  o.e.m.c.i.embedder.EclipseLogger - skip non existing resourceDirectory A:\Documents\Training\Spring\eclipse-workspace\projects\src\main\resources
2022-05-12 10:08:37,608 [Worker-24: Building] WARN  o.e.m.c.i.embedder.EclipseLogger - Using platform encoding (UTF-8 actually) to copy filtered resources, i.e. build is platform dependent!
2022-05-12 10:08:37,608 [Worker-24: Building] INFO  o.e.m.c.i.embedder.EclipseLogger - skip non existing resourceDirectory A:\Documents\Training\Spring\eclipse-workspace\projects\src\test\resources
2022-05-12 10:09:24,527 [Worker-33: Building] WARN  o.e.m.c.i.embedder.EclipseLogger - Using platform encoding (UTF-8 actually) to copy filtered resources, i.e. build is platform dependent!
2022-05-12 10:09:24,528 [Worker-33: Building] INFO  o.e.m.c.i.embedder.EclipseLogger - skip non existing resourceDirectory A:\Documents\Training\Spring\eclipse-workspace\projects\src\main\resources
2022-05-12 10:09:24,529 [Worker-33: Building] WARN  o.e.m.c.i.embedder.EclipseLogger - Using platform encoding (UTF-8 actually) to copy filtered resources, i.e. build is platform dependent!
2022-05-12 10:09:24,529 [Worker-33: Building] INFO  o.e.m.c.i.embedder.EclipseLogger - skip non existing resourceDirectory A:\Documents\Training\Spring\eclipse-workspace\projects\src\test\resources
2022-05-12 10:09:50,263 [Worker-33: Building] WARN  o.e.m.c.i.embedder.EclipseLogger - Using platform encoding (UTF-8 actually) to copy filtered resources, i.e. build is platform dependent!
2022-05-12 10:09:50,264 [Worker-33: Building] INFO  o.e.m.c.i.embedder.EclipseLogger - skip non existing resourceDirectory A:\Documents\Training\Spring\eclipse-workspace\projects\src\main\resources
2022-05-12 10:09:50,266 [Worker-33: Building] WARN  o.e.m.c.i.embedder.EclipseLogger - Using platform encoding (UTF-8 actually) to copy filtered resources, i.e. build is platform dependent!
2022-05-12 10:09:50,274 [Worker-33: Building] INFO  o.e.m.c.i.embedder.EclipseLogger - skip non existing resourceDirectory A:\Documents\Training\Spring\eclipse-workspace\projects\src\test\resources
2022-05-12 10:10:03,385 [Worker-32: Building] WARN  o.e.m.c.i.embedder.EclipseLogger - Using platform encoding (UTF-8 actually) to copy filtered resources, i.e. build is platform dependent!
2022-05-12 10:10:03,386 [Worker-32: Building] INFO  o.e.m.c.i.embedder.EclipseLogger - skip non existing resourceDirectory A:\Documents\Training\Spring\eclipse-workspace\projects\src\main\resources
2022-05-12 10:10:03,387 [Worker-32: Building] WARN  o.e.m.c.i.embedder.EclipseLogger - Using platform encoding (UTF-8 actually) to copy filtered resources, i.e. build is platform dependent!
2022-05-12 10:10:03,387 [Worker-32: Building] INFO  o.e.m.c.i.embedder.EclipseLogger - skip non existing resourceDirectory A:\Documents\Training\Spring\eclipse-workspace\projects\src\test\resources
2022-05-12 10:10:21,009 [Worker-32: Building] WARN  o.e.m.c.i.embedder.EclipseLogger - Using platform encoding (UTF-8 actually) to copy filtered resources, i.e. build is platform dependent!
2022-05-12 10:10:21,010 [Worker-32: Building] INFO  o.e.m.c.i.embedder.EclipseLogger - skip non existing resourceDirectory A:\Documents\Training\Spring\eclipse-workspace\projects\src\main\resources
2022-05-12 10:10:21,011 [Worker-32: Building] WARN  o.e.m.c.i.embedder.EclipseLogger - Using platform encoding (UTF-8 actually) to copy filtered resources, i.e. build is platform dependent!
2022-05-12 10:10:21,012 [Worker-32: Building] INFO  o.e.m.c.i.embedder.EclipseLogger - skip non existing resourceDirectory A:\Documents\Training\Spring\eclipse-workspace\projects\src\test\resources
2022-05-12 10:10:45,949 [Worker-35: Building] WARN  o.e.m.c.i.embedder.EclipseLogger - Using platform encoding (UTF-8 actually) to copy filtered resources, i.e. build is platform dependent!
2022-05-12 10:10:45,950 [Worker-35: Building] INFO  o.e.m.c.i.embedder.EclipseLogger - skip non existing resourceDirectory A:\Documents\Training\Spring\eclipse-workspace\projects\src\main\resources
2022-05-12 10:10:45,951 [Worker-35: Building] WARN  o.e.m.c.i.embedder.EclipseLogger - Using platform encoding (UTF-8 actually) to copy filtered resources, i.e. build is platform dependent!
2022-05-12 10:10:45,951 [Worker-35: Building] INFO  o.e.m.c.i.embedder.EclipseLogger - skip non existing resourceDirectory A:\Documents\Training\Spring\eclipse-workspace\projects\src\test\resources
2022-05-12 10:10:57,374 [Worker-31: Building] WARN  o.e.m.c.i.embedder.EclipseLogger - Using platform encoding (UTF-8 actually) to copy filtered resources, i.e. build is platform dependent!
2022-05-12 10:10:57,382 [Worker-31: Building] INFO  o.e.m.c.i.embedder.EclipseLogger - skip non existing resourceDirectory A:\Documents\Training\Spring\eclipse-workspace\projects\src\main\resources
2022-05-12 10:10:57,384 [Worker-31: Building] WARN  o.e.m.c.i.embedder.EclipseLogger - Using platform encoding (UTF-8 actually) to copy filtered resources, i.e. build is platform dependent!
2022-05-12 10:10:57,385 [Worker-31: Building] INFO  o.e.m.c.i.embedder.EclipseLogger - skip non existing resourceDirectory A:\Documents\Training\Spring\eclipse-workspace\projects\src\test\resources
2022-05-12 10:11:53,072 [ForkJoinPool.commonPool-worker-18] ERROR o.e.m.e.l.MavenRuntimeClasspathProvider - Illegal character in path at index 20: file:/C:/Users/Anesh S M/.p2/pool/plugins/org.eclipse.m2e.maven.runtime_1.18.3.20220227-1319/jars/
java.net.URISyntaxException: Illegal character in path at index 20: file:/C:/Users/Anesh S M/.p2/pool/plugins/org.eclipse.m2e.maven.runtime_1.18.3.20220227-1319/jars/
	at java.base/java.net.URI$Parser.fail(URI.java:2973)
	at java.base/java.net.URI$Parser.checkChars(URI.java:3144)
	at java.base/java.net.URI$Parser.parseHierarchical(URI.java:3226)
	at java.base/java.net.URI$Parser.parse(URI.java:3174)
	at java.base/java.net.URI.<init>(URI.java:623)
	at java.base/java.net.URL.toURI(URL.java:1056)
	at org.eclipse.m2e.editor.lemminx.MavenRuntimeClasspathProvider.addJarsFromBundle(MavenRuntimeClasspathProvider.java:81)
	at org.eclipse.m2e.editor.lemminx.MavenRuntimeClasspathProvider.get(MavenRuntimeClasspathProvider.java:66)
	at org.eclipse.m2e.editor.lemminx.MavenRuntimeClasspathProvider.get(MavenRuntimeClasspathProvider.java:1)
	at java.base/java.util.stream.ReferencePipeline$3$1.accept(ReferencePipeline.java:197)
	at java.base/java.util.stream.ReferencePipeline$3$1.accept(ReferencePipeline.java:197)
	at java.base/java.util.HashMap$EntrySpliterator.forEachRemaining(HashMap.java:1850)
	at java.base/java.util.stream.AbstractPipeline.copyInto(AbstractPipeline.java:509)
	at java.base/java.util.stream.AbstractPipeline.wrapAndCopyInto(AbstractPipeline.java:499)
	at java.base/java.util.stream.ForEachOps$ForEachOp.evaluateSequential(ForEachOps.java:150)
	at java.base/java.util.stream.ForEachOps$ForEachOp$OfRef.evaluateSequential(ForEachOps.java:173)
	at java.base/java.util.stream.AbstractPipeline.evaluate(AbstractPipeline.java:234)
	at java.base/java.util.stream.ReferencePipeline.forEach(ReferencePipeline.java:596)
	at org.eclipse.wildwebdeveloper.xml.internal.XMLExtensionRegistry.getXMLLSClassPathExtensions(XMLExtensionRegistry.java:81)
	at org.eclipse.wildwebdeveloper.xml.internal.XMLLanguageServer.getExtensionJarPaths(XMLLanguageServer.java:142)
	at org.eclipse.wildwebdeveloper.xml.internal.XMLLanguageServer.<init>(XMLLanguageServer.java:83)
	at java.base/jdk.internal.reflect.DirectConstructorHandleAccessor.newInstance(DirectConstructorHandleAccessor.java:67)
	at java.base/java.lang.reflect.Constructor.newInstanceWithCaller(Constructor.java:499)
	at java.base/java.lang.reflect.Constructor.newInstance(Constructor.java:483)
	at org.eclipse.core.internal.registry.osgi.RegistryStrategyOSGI.createExecutableExtension(RegistryStrategyOSGI.java:204)
	at org.eclipse.core.internal.registry.ExtensionRegistry.createExecutableExtension(ExtensionRegistry.java:920)
	at org.eclipse.core.internal.registry.ConfigurationElement.createExecutableExtension(ConfigurationElement.java:246)
	at org.eclipse.core.internal.registry.ConfigurationElementHandle.createExecutableExtension(ConfigurationElementHandle.java:63)
	at org.eclipse.lsp4e.LanguageServersRegistry$ExtensionLanguageServerDefinition.createConnectionProvider(LanguageServersRegistry.java:127)
	at org.eclipse.lsp4e.LanguageServerWrapper.lambda$1(LanguageServerWrapper.java:222)
	at java.base/java.util.concurrent.CompletableFuture$AsyncSupply.run(CompletableFuture.java:1768)
	at java.base/java.util.concurrent.CompletableFuture$AsyncSupply.exec(CompletableFuture.java:1760)
	at java.base/java.util.concurrent.ForkJoinTask.doExec(ForkJoinTask.java:373)
	at java.base/java.util.concurrent.ForkJoinPool$WorkQueue.topLevelExec(ForkJoinPool.java:1182)
	at java.base/java.util.concurrent.ForkJoinPool.scan(ForkJoinPool.java:1655)
	at java.base/java.util.concurrent.ForkJoinPool.runWorker(ForkJoinPool.java:1622)
	at java.base/java.util.concurrent.ForkJoinWorkerThread.run(ForkJoinWorkerThread.java:165)
2022-05-12 10:11:53,121 [Worker-31: Building] WARN  o.e.m.c.i.embedder.EclipseLogger - Using platform encoding (UTF-8 actually) to copy filtered resources, i.e. build is platform dependent!
2022-05-12 10:11:53,122 [Worker-31: Building] INFO  o.e.m.c.i.embedder.EclipseLogger - skip non existing resourceDirectory A:\Documents\Training\Spring\eclipse-workspace\projects\src\main\resources
2022-05-12 10:11:53,124 [Worker-31: Building] WARN  o.e.m.c.i.embedder.EclipseLogger - Using platform encoding (UTF-8 actually) to copy filtered resources, i.e. build is platform dependent!
2022-05-12 10:11:53,126 [Worker-31: Building] INFO  o.e.m.c.i.embedder.EclipseLogger - skip non existing resourceDirectory A:\Documents\Training\Spring\eclipse-workspace\projects\src\test\resources
2022-05-12 10:15:00,697 [Worker-32: Building] WARN  o.e.m.c.i.embedder.EclipseLogger - Using platform encoding (UTF-8 actually) to copy filtered resources, i.e. build is platform dependent!
2022-05-12 10:15:00,697 [Worker-32: Building] INFO  o.e.m.c.i.embedder.EclipseLogger - skip non existing resourceDirectory A:\Documents\Training\Spring\eclipse-workspace\projects\src\main\resources
2022-05-12 10:15:00,698 [Worker-32: Building] WARN  o.e.m.c.i.embedder.EclipseLogger - Using platform encoding (UTF-8 actually) to copy filtered resources, i.e. build is platform dependent!
2022-05-12 10:15:00,699 [Worker-32: Building] INFO  o.e.m.c.i.embedder.EclipseLogger - skip non existing resourceDirectory A:\Documents\Training\Spring\eclipse-workspace\projects\src\test\resources
2022-05-12 10:15:11,323 [Worker-31: Building] WARN  o.e.m.c.i.embedder.EclipseLogger - Using platform encoding (UTF-8 actually) to copy filtered resources, i.e. build is platform dependent!
2022-05-12 10:15:11,324 [Worker-31: Building] INFO  o.e.m.c.i.embedder.EclipseLogger - skip non existing resourceDirectory A:\Documents\Training\Spring\eclipse-workspace\projects\src\main\resources
2022-05-12 10:15:11,325 [Worker-31: Building] WARN  o.e.m.c.i.embedder.EclipseLogger - Using platform encoding (UTF-8 actually) to copy filtered resources, i.e. build is platform dependent!
2022-05-12 10:15:11,326 [Worker-31: Building] INFO  o.e.m.c.i.embedder.EclipseLogger - skip non existing resourceDirectory A:\Documents\Training\Spring\eclipse-workspace\projects\src\test\resources
2022-05-12 10:16:19,503 [Worker-35: Building] WARN  o.e.m.c.i.embedder.EclipseLogger - Using platform encoding (UTF-8 actually) to copy filtered resources, i.e. build is platform dependent!
2022-05-12 10:16:19,503 [Worker-35: Building] INFO  o.e.m.c.i.embedder.EclipseLogger - skip non existing resourceDirectory A:\Documents\Training\Spring\eclipse-workspace\projects\src\main\resources
2022-05-12 10:16:19,504 [Worker-35: Building] WARN  o.e.m.c.i.embedder.EclipseLogger - Using platform encoding (UTF-8 actually) to copy filtered resources, i.e. build is platform dependent!
2022-05-12 10:16:19,505 [Worker-35: Building] INFO  o.e.m.c.i.embedder.EclipseLogger - skip non existing resourceDirectory A:\Documents\Training\Spring\eclipse-workspace\projects\src\test\resources
2022-05-12 10:18:55,102 [Worker-36: Building] WARN  o.e.m.c.i.embedder.EclipseLogger - Using platform encoding (UTF-8 actually) to copy filtered resources, i.e. build is platform dependent!
2022-05-12 10:18:55,103 [Worker-36: Building] INFO  o.e.m.c.i.embedder.EclipseLogger - skip non existing resourceDirectory A:\Documents\Training\Spring\eclipse-workspace\projects\src\main\resources
2022-05-12 10:18:55,104 [Worker-36: Building] WARN  o.e.m.c.i.embedder.EclipseLogger - Using platform encoding (UTF-8 actually) to copy filtered resources, i.e. build is platform dependent!
2022-05-12 10:18:55,104 [Worker-36: Building] INFO  o.e.m.c.i.embedder.EclipseLogger - skip non existing resourceDirectory A:\Documents\Training\Spring\eclipse-workspace\projects\src\test\resources
2022-05-12 10:20:02,585 [Worker-39: Building] WARN  o.e.m.c.i.embedder.EclipseLogger - Using platform encoding (UTF-8 actually) to copy filtered resources, i.e. build is platform dependent!
2022-05-12 10:20:02,586 [Worker-39: Building] INFO  o.e.m.c.i.embedder.EclipseLogger - skip non existing resourceDirectory A:\Documents\Training\Spring\eclipse-workspace\projects\src\main\resources
2022-05-12 10:20:02,587 [Worker-39: Building] WARN  o.e.m.c.i.embedder.EclipseLogger - Using platform encoding (UTF-8 actually) to copy filtered resources, i.e. build is platform dependent!
2022-05-12 10:20:02,587 [Worker-39: Building] INFO  o.e.m.c.i.embedder.EclipseLogger - skip non existing resourceDirectory A:\Documents\Training\Spring\eclipse-workspace\projects\src\test\resources
2022-05-12 10:20:33,926 [Worker-36: Building] WARN  o.e.m.c.i.embedder.EclipseLogger - Using platform encoding (UTF-8 actually) to copy filtered resources, i.e. build is platform dependent!
2022-05-12 10:20:33,942 [Worker-36: Building] INFO  o.e.m.c.i.embedder.EclipseLogger - skip non existing resourceDirectory A:\Documents\Training\Spring\eclipse-workspace\projects\src\main\resources
2022-05-12 10:20:33,943 [Worker-36: Building] WARN  o.e.m.c.i.embedder.EclipseLogger - Using platform encoding (UTF-8 actually) to copy filtered resources, i.e. build is platform dependent!
2022-05-12 10:20:33,944 [Worker-36: Building] INFO  o.e.m.c.i.embedder.EclipseLogger - skip non existing resourceDirectory A:\Documents\Training\Spring\eclipse-workspace\projects\src\test\resources
2022-05-12 10:21:28,022 [Worker-35: Building] WARN  o.e.m.c.i.embedder.EclipseLogger - Using platform encoding (UTF-8 actually) to copy filtered resources, i.e. build is platform dependent!
2022-05-12 10:21:28,023 [Worker-35: Building] INFO  o.e.m.c.i.embedder.EclipseLogger - skip non existing resourceDirectory A:\Documents\Training\Spring\eclipse-workspace\projects\src\main\resources
2022-05-12 10:21:28,025 [Worker-35: Building] WARN  o.e.m.c.i.embedder.EclipseLogger - Using platform encoding (UTF-8 actually) to copy filtered resources, i.e. build is platform dependent!
2022-05-12 10:21:28,025 [Worker-35: Building] INFO  o.e.m.c.i.embedder.EclipseLogger - skip non existing resourceDirectory A:\Documents\Training\Spring\eclipse-workspace\projects\src\test\resources
2022-05-12 10:21:34,246 [Worker-41: Building] WARN  o.e.m.c.i.embedder.EclipseLogger - Using platform encoding (UTF-8 actually) to copy filtered resources, i.e. build is platform dependent!
2022-05-12 10:21:34,246 [Worker-41: Building] INFO  o.e.m.c.i.embedder.EclipseLogger - skip non existing resourceDirectory A:\Documents\Training\Spring\eclipse-workspace\projects\src\main\resources
2022-05-12 10:21:34,247 [Worker-41: Building] WARN  o.e.m.c.i.embedder.EclipseLogger - Using platform encoding (UTF-8 actually) to copy filtered resources, i.e. build is platform dependent!
2022-05-12 10:21:34,248 [Worker-41: Building] INFO  o.e.m.c.i.embedder.EclipseLogger - skip non existing resourceDirectory A:\Documents\Training\Spring\eclipse-workspace\projects\src\test\resources
2022-05-12 10:22:16,688 [Worker-41: Building] WARN  o.e.m.c.i.embedder.EclipseLogger - Using platform encoding (UTF-8 actually) to copy filtered resources, i.e. build is platform dependent!
2022-05-12 10:22:16,689 [Worker-41: Building] INFO  o.e.m.c.i.embedder.EclipseLogger - skip non existing resourceDirectory A:\Documents\Training\Spring\eclipse-workspace\projects\src\main\resources
2022-05-12 10:22:16,690 [Worker-41: Building] WARN  o.e.m.c.i.embedder.EclipseLogger - Using platform encoding (UTF-8 actually) to copy filtered resources, i.e. build is platform dependent!
2022-05-12 10:22:16,690 [Worker-41: Building] INFO  o.e.m.c.i.embedder.EclipseLogger - skip non existing resourceDirectory A:\Documents\Training\Spring\eclipse-workspace\projects\src\test\resources
2022-05-12 10:26:57,843 [Worker-42: Building] WARN  o.e.m.c.i.embedder.EclipseLogger - Using platform encoding (UTF-8 actually) to copy filtered resources, i.e. build is platform dependent!
2022-05-12 10:26:57,843 [Worker-42: Building] INFO  o.e.m.c.i.embedder.EclipseLogger - skip non existing resourceDirectory A:\Documents\Training\Spring\eclipse-workspace\projects\src\main\resources
2022-05-12 10:26:57,844 [Worker-42: Building] WARN  o.e.m.c.i.embedder.EclipseLogger - Using platform encoding (UTF-8 actually) to copy filtered resources, i.e. build is platform dependent!
2022-05-12 10:26:57,844 [Worker-42: Building] INFO  o.e.m.c.i.embedder.EclipseLogger - skip non existing resourceDirectory A:\Documents\Training\Spring\eclipse-workspace\projects\src\test\resources
2022-05-12 10:29:51,311 [Worker-45: Building] WARN  o.e.m.c.i.embedder.EclipseLogger - Using platform encoding (UTF-8 actually) to copy filtered resources, i.e. build is platform dependent!
2022-05-12 10:29:51,311 [Worker-45: Building] INFO  o.e.m.c.i.embedder.EclipseLogger - skip non existing resourceDirectory A:\Documents\Training\Spring\eclipse-workspace\projects\src\main\resources
2022-05-12 10:29:51,312 [Worker-45: Building] WARN  o.e.m.c.i.embedder.EclipseLogger - Using platform encoding (UTF-8 actually) to copy filtered resources, i.e. build is platform dependent!
2022-05-12 10:29:51,313 [Worker-45: Building] INFO  o.e.m.c.i.embedder.EclipseLogger - skip non existing resourceDirectory A:\Documents\Training\Spring\eclipse-workspace\projects\src\test\resources
2022-05-12 10:30:56,835 [Worker-45: Building] WARN  o.e.m.c.i.embedder.EclipseLogger - Using platform encoding (UTF-8 actually) to copy filtered resources, i.e. build is platform dependent!
2022-05-12 10:30:56,840 [Worker-45: Building] INFO  o.e.m.c.i.embedder.EclipseLogger - skip non existing resourceDirectory A:\Documents\Training\Spring\eclipse-workspace\projects\src\main\resources
2022-05-12 10:30:56,841 [Worker-45: Building] WARN  o.e.m.c.i.embedder.EclipseLogger - Using platform encoding (UTF-8 actually) to copy filtered resources, i.e. build is platform dependent!
2022-05-12 10:30:56,842 [Worker-45: Building] INFO  o.e.m.c.i.embedder.EclipseLogger - skip non existing resourceDirectory A:\Documents\Training\Spring\eclipse-workspace\projects\src\test\resources
2022-05-12 10:32:13,729 [Worker-2: Loading available Gradle versions] INFO  o.e.b.c.i.u.g.PublishedGradleVersions - Gradle version information cache is up-to-date. Trying to read.
2022-05-12 10:34:52,589 [Worker-31: Building] WARN  o.e.m.c.i.embedder.EclipseLogger - Using platform encoding (UTF-8 actually) to copy filtered resources, i.e. build is platform dependent!
2022-05-12 10:34:52,594 [Worker-31: Building] INFO  o.e.m.c.i.embedder.EclipseLogger - skip non existing resourceDirectory A:\Documents\Training\Spring\eclipse-workspace\projects\src\main\resources
2022-05-12 10:34:52,597 [Worker-31: Building] WARN  o.e.m.c.i.embedder.EclipseLogger - Using platform encoding (UTF-8 actually) to copy filtered resources, i.e. build is platform dependent!
2022-05-12 10:34:52,598 [Worker-31: Building] INFO  o.e.m.c.i.embedder.EclipseLogger - skip non existing resourceDirectory A:\Documents\Training\Spring\eclipse-workspace\projects\src\test\resources
2022-05-12 10:35:30,377 [Worker-15: Building] WARN  o.e.m.c.i.embedder.EclipseLogger - Using platform encoding (UTF-8 actually) to copy filtered resources, i.e. build is platform dependent!
2022-05-12 10:35:30,379 [Worker-15: Building] INFO  o.e.m.c.i.embedder.EclipseLogger - skip non existing resourceDirectory A:\Documents\Training\Spring\eclipse-workspace\projects\src\main\resources
2022-05-12 10:35:30,381 [Worker-15: Building] WARN  o.e.m.c.i.embedder.EclipseLogger - Using platform encoding (UTF-8 actually) to copy filtered resources, i.e. build is platform dependent!
2022-05-12 10:35:30,382 [Worker-15: Building] INFO  o.e.m.c.i.embedder.EclipseLogger - skip non existing resourceDirectory A:\Documents\Training\Spring\eclipse-workspace\projects\src\test\resources
2022-05-12 10:35:43,204 [Worker-3: Building] WARN  o.e.m.c.i.embedder.EclipseLogger - Using platform encoding (UTF-8 actually) to copy filtered resources, i.e. build is platform dependent!
2022-05-12 10:35:43,205 [Worker-3: Building] INFO  o.e.m.c.i.embedder.EclipseLogger - skip non existing resourceDirectory A:\Documents\Training\Spring\eclipse-workspace\projects\src\main\resources
2022-05-12 10:35:43,206 [Worker-3: Building] WARN  o.e.m.c.i.embedder.EclipseLogger - Using platform encoding (UTF-8 actually) to copy filtered resources, i.e. build is platform dependent!
2022-05-12 10:35:43,207 [Worker-3: Building] INFO  o.e.m.c.i.embedder.EclipseLogger - skip non existing resourceDirectory A:\Documents\Training\Spring\eclipse-workspace\projects\src\test\resources
2022-05-12 10:35:51,683 [Worker-15: Building] WARN  o.e.m.c.i.embedder.EclipseLogger - Using platform encoding (UTF-8 actually) to copy filtered resources, i.e. build is platform dependent!
2022-05-12 10:35:51,684 [Worker-15: Building] INFO  o.e.m.c.i.embedder.EclipseLogger - skip non existing resourceDirectory A:\Documents\Training\Spring\eclipse-workspace\projects\src\main\resources
2022-05-12 10:35:51,686 [Worker-15: Building] WARN  o.e.m.c.i.embedder.EclipseLogger - Using platform encoding (UTF-8 actually) to copy filtered resources, i.e. build is platform dependent!
2022-05-12 10:35:51,686 [Worker-15: Building] INFO  o.e.m.c.i.embedder.EclipseLogger - skip non existing resourceDirectory A:\Documents\Training\Spring\eclipse-workspace\projects\src\test\resources
2022-05-12 10:36:55,985 [Worker-31: Building] WARN  o.e.m.c.i.embedder.EclipseLogger - Using platform encoding (UTF-8 actually) to copy filtered resources, i.e. build is platform dependent!
2022-05-12 10:36:55,985 [Worker-31: Building] INFO  o.e.m.c.i.embedder.EclipseLogger - skip non existing resourceDirectory A:\Documents\Training\Spring\eclipse-workspace\projects\src\main\resources
2022-05-12 10:36:55,986 [Worker-31: Building] WARN  o.e.m.c.i.embedder.EclipseLogger - Using platform encoding (UTF-8 actually) to copy filtered resources, i.e. build is platform dependent!
2022-05-12 10:36:55,987 [Worker-31: Building] INFO  o.e.m.c.i.embedder.EclipseLogger - skip non existing resourceDirectory A:\Documents\Training\Spring\eclipse-workspace\projects\src\test\resources
2022-05-12 10:37:03,117 [Worker-3: Building] WARN  o.e.m.c.i.embedder.EclipseLogger - Using platform encoding (UTF-8 actually) to copy filtered resources, i.e. build is platform dependent!
2022-05-12 10:37:03,117 [Worker-3: Building] INFO  o.e.m.c.i.embedder.EclipseLogger - skip non existing resourceDirectory A:\Documents\Training\Spring\eclipse-workspace\projects\src\main\resources
2022-05-12 10:37:03,119 [Worker-3: Building] WARN  o.e.m.c.i.embedder.EclipseLogger - Using platform encoding (UTF-8 actually) to copy filtered resources, i.e. build is platform dependent!
2022-05-12 10:37:03,119 [Worker-3: Building] INFO  o.e.m.c.i.embedder.EclipseLogger - skip non existing resourceDirectory A:\Documents\Training\Spring\eclipse-workspace\projects\src\test\resources
2022-05-12 10:37:46,610 [Worker-31: Building] WARN  o.e.m.c.i.embedder.EclipseLogger - Using platform encoding (UTF-8 actually) to copy filtered resources, i.e. build is platform dependent!
2022-05-12 10:37:46,611 [Worker-31: Building] INFO  o.e.m.c.i.embedder.EclipseLogger - skip non existing resourceDirectory A:\Documents\Training\Spring\eclipse-workspace\projects\src\main\resources
2022-05-12 10:37:46,613 [Worker-31: Building] WARN  o.e.m.c.i.embedder.EclipseLogger - Using platform encoding (UTF-8 actually) to copy filtered resources, i.e. build is platform dependent!
2022-05-12 10:37:46,614 [Worker-31: Building] INFO  o.e.m.c.i.embedder.EclipseLogger - skip non existing resourceDirectory A:\Documents\Training\Spring\eclipse-workspace\projects\src\test\resources
2022-05-12 10:37:50,917 [Worker-15: Building] WARN  o.e.m.c.i.embedder.EclipseLogger - Using platform encoding (UTF-8 actually) to copy filtered resources, i.e. build is platform dependent!
2022-05-12 10:37:50,917 [Worker-15: Building] INFO  o.e.m.c.i.embedder.EclipseLogger - skip non existing resourceDirectory A:\Documents\Training\Spring\eclipse-workspace\projects\src\main\resources
2022-05-12 10:37:50,919 [Worker-15: Building] WARN  o.e.m.c.i.embedder.EclipseLogger - Using platform encoding (UTF-8 actually) to copy filtered resources, i.e. build is platform dependent!
2022-05-12 10:37:50,919 [Worker-15: Building] INFO  o.e.m.c.i.embedder.EclipseLogger - skip non existing resourceDirectory A:\Documents\Training\Spring\eclipse-workspace\projects\src\test\resources
2022-05-12 10:38:09,250 [ForkJoinPool.commonPool-worker-7] ERROR o.e.m.e.l.MavenRuntimeClasspathProvider - Illegal character in path at index 20: file:/C:/Users/Anesh S M/.p2/pool/plugins/org.eclipse.m2e.maven.runtime_1.18.3.20220227-1319/jars/
java.net.URISyntaxException: Illegal character in path at index 20: file:/C:/Users/Anesh S M/.p2/pool/plugins/org.eclipse.m2e.maven.runtime_1.18.3.20220227-1319/jars/
	at java.base/java.net.URI$Parser.fail(URI.java:2973)
	at java.base/java.net.URI$Parser.checkChars(URI.java:3144)
	at java.base/java.net.URI$Parser.parseHierarchical(URI.java:3226)
	at java.base/java.net.URI$Parser.parse(URI.java:3174)
	at java.base/java.net.URI.<init>(URI.java:623)
	at java.base/java.net.URL.toURI(URL.java:1056)
	at org.eclipse.m2e.editor.lemminx.MavenRuntimeClasspathProvider.addJarsFromBundle(MavenRuntimeClasspathProvider.java:81)
	at org.eclipse.m2e.editor.lemminx.MavenRuntimeClasspathProvider.get(MavenRuntimeClasspathProvider.java:66)
	at org.eclipse.m2e.editor.lemminx.MavenRuntimeClasspathProvider.get(MavenRuntimeClasspathProvider.java:1)
	at java.base/java.util.stream.ReferencePipeline$3$1.accept(ReferencePipeline.java:197)
	at java.base/java.util.stream.ReferencePipeline$3$1.accept(ReferencePipeline.java:197)
	at java.base/java.util.HashMap$EntrySpliterator.forEachRemaining(HashMap.java:1850)
	at java.base/java.util.stream.AbstractPipeline.copyInto(AbstractPipeline.java:509)
	at java.base/java.util.stream.AbstractPipeline.wrapAndCopyInto(AbstractPipeline.java:499)
	at java.base/java.util.stream.ForEachOps$ForEachOp.evaluateSequential(ForEachOps.java:150)
	at java.base/java.util.stream.ForEachOps$ForEachOp$OfRef.evaluateSequential(ForEachOps.java:173)
	at java.base/java.util.stream.AbstractPipeline.evaluate(AbstractPipeline.java:234)
	at java.base/java.util.stream.ReferencePipeline.forEach(ReferencePipeline.java:596)
	at org.eclipse.wildwebdeveloper.xml.internal.XMLExtensionRegistry.getXMLLSClassPathExtensions(XMLExtensionRegistry.java:81)
	at org.eclipse.wildwebdeveloper.xml.internal.XMLLanguageServer.getExtensionJarPaths(XMLLanguageServer.java:142)
	at org.eclipse.wildwebdeveloper.xml.internal.XMLLanguageServer.<init>(XMLLanguageServer.java:83)
	at java.base/jdk.internal.reflect.DirectConstructorHandleAccessor.newInstance(DirectConstructorHandleAccessor.java:67)
	at java.base/java.lang.reflect.Constructor.newInstanceWithCaller(Constructor.java:499)
	at java.base/java.lang.reflect.Constructor.newInstance(Constructor.java:483)
	at org.eclipse.core.internal.registry.osgi.RegistryStrategyOSGI.createExecutableExtension(RegistryStrategyOSGI.java:204)
	at org.eclipse.core.internal.registry.ExtensionRegistry.createExecutableExtension(ExtensionRegistry.java:920)
	at org.eclipse.core.internal.registry.ConfigurationElement.createExecutableExtension(ConfigurationElement.java:246)
	at org.eclipse.core.internal.registry.ConfigurationElementHandle.createExecutableExtension(ConfigurationElementHandle.java:63)
	at org.eclipse.lsp4e.LanguageServersRegistry$ExtensionLanguageServerDefinition.createConnectionProvider(LanguageServersRegistry.java:127)
	at org.eclipse.lsp4e.LanguageServerWrapper.lambda$1(LanguageServerWrapper.java:222)
	at java.base/java.util.concurrent.CompletableFuture$AsyncSupply.run(CompletableFuture.java:1768)
	at java.base/java.util.concurrent.CompletableFuture$AsyncSupply.exec(CompletableFuture.java:1760)
	at java.base/java.util.concurrent.ForkJoinTask.doExec(ForkJoinTask.java:373)
	at java.base/java.util.concurrent.ForkJoinPool$WorkQueue.topLevelExec(ForkJoinPool.java:1182)
	at java.base/java.util.concurrent.ForkJoinPool.scan(ForkJoinPool.java:1655)
	at java.base/java.util.concurrent.ForkJoinPool.runWorker(ForkJoinPool.java:1622)
	at java.base/java.util.concurrent.ForkJoinWorkerThread.run(ForkJoinWorkerThread.java:165)
2022-05-12 10:39:12,458 [Worker-15: Building] WARN  o.e.m.c.i.embedder.EclipseLogger - Using platform encoding (UTF-8 actually) to copy filtered resources, i.e. build is platform dependent!
2022-05-12 10:39:12,459 [Worker-15: Building] INFO  o.e.m.c.i.embedder.EclipseLogger - skip non existing resourceDirectory A:\Documents\Training\Spring\eclipse-workspace\projects\src\main\resources
2022-05-12 10:39:12,461 [Worker-15: Building] WARN  o.e.m.c.i.embedder.EclipseLogger - Using platform encoding (UTF-8 actually) to copy filtered resources, i.e. build is platform dependent!
2022-05-12 10:39:12,461 [Worker-15: Building] INFO  o.e.m.c.i.embedder.EclipseLogger - skip non existing resourceDirectory A:\Documents\Training\Spring\eclipse-workspace\projects\src\test\resources
2022-05-12 10:42:08,212 [Worker-15: Building] WARN  o.e.m.c.i.embedder.EclipseLogger - Using platform encoding (UTF-8 actually) to copy filtered resources, i.e. build is platform dependent!
2022-05-12 10:42:08,213 [Worker-15: Building] INFO  o.e.m.c.i.embedder.EclipseLogger - skip non existing resourceDirectory A:\Documents\Training\Spring\eclipse-workspace\projects\src\main\resources
2022-05-12 10:42:08,214 [Worker-15: Building] WARN  o.e.m.c.i.embedder.EclipseLogger - Using platform encoding (UTF-8 actually) to copy filtered resources, i.e. build is platform dependent!
2022-05-12 10:42:08,215 [Worker-15: Building] INFO  o.e.m.c.i.embedder.EclipseLogger - skip non existing resourceDirectory A:\Documents\Training\Spring\eclipse-workspace\projects\src\test\resources
2022-05-12 10:44:01,718 [Worker-30: Building] WARN  o.e.m.c.i.embedder.EclipseLogger - Using platform encoding (UTF-8 actually) to copy filtered resources, i.e. build is platform dependent!
2022-05-12 10:44:01,718 [Worker-30: Building] INFO  o.e.m.c.i.embedder.EclipseLogger - skip non existing resourceDirectory A:\Documents\Training\Spring\eclipse-workspace\projects\src\main\resources
2022-05-12 10:44:01,720 [Worker-30: Building] WARN  o.e.m.c.i.embedder.EclipseLogger - Using platform encoding (UTF-8 actually) to copy filtered resources, i.e. build is platform dependent!
2022-05-12 10:44:01,720 [Worker-30: Building] INFO  o.e.m.c.i.embedder.EclipseLogger - skip non existing resourceDirectory A:\Documents\Training\Spring\eclipse-workspace\projects\src\test\resources
2022-05-12 10:45:56,214 [Worker-33: Building] WARN  o.e.m.c.i.embedder.EclipseLogger - Using platform encoding (UTF-8 actually) to copy filtered resources, i.e. build is platform dependent!
2022-05-12 10:45:56,215 [Worker-33: Building] INFO  o.e.m.c.i.embedder.EclipseLogger - skip non existing resourceDirectory A:\Documents\Training\Spring\eclipse-workspace\projects\src\main\resources
2022-05-12 10:45:56,216 [Worker-33: Building] WARN  o.e.m.c.i.embedder.EclipseLogger - Using platform encoding (UTF-8 actually) to copy filtered resources, i.e. build is platform dependent!
2022-05-12 10:45:56,225 [Worker-33: Building] INFO  o.e.m.c.i.embedder.EclipseLogger - skip non existing resourceDirectory A:\Documents\Training\Spring\eclipse-workspace\projects\src\test\resources
2022-05-12 10:46:10,792 [Worker-15: Building] WARN  o.e.m.c.i.embedder.EclipseLogger - Using platform encoding (UTF-8 actually) to copy filtered resources, i.e. build is platform dependent!
2022-05-12 10:46:10,793 [Worker-15: Building] INFO  o.e.m.c.i.embedder.EclipseLogger - skip non existing resourceDirectory A:\Documents\Training\Spring\eclipse-workspace\projects\src\main\resources
2022-05-12 10:46:10,794 [Worker-15: Building] WARN  o.e.m.c.i.embedder.EclipseLogger - Using platform encoding (UTF-8 actually) to copy filtered resources, i.e. build is platform dependent!
2022-05-12 10:46:10,795 [Worker-15: Building] INFO  o.e.m.c.i.embedder.EclipseLogger - skip non existing resourceDirectory A:\Documents\Training\Spring\eclipse-workspace\projects\src\test\resources
2022-05-12 10:46:54,782 [Worker-39: Building] WARN  o.e.m.c.i.embedder.EclipseLogger - Using platform encoding (UTF-8 actually) to copy filtered resources, i.e. build is platform dependent!
2022-05-12 10:46:54,783 [Worker-39: Building] INFO  o.e.m.c.i.embedder.EclipseLogger - skip non existing resourceDirectory A:\Documents\Training\Spring\eclipse-workspace\projects\src\main\resources
2022-05-12 10:46:54,784 [Worker-39: Building] WARN  o.e.m.c.i.embedder.EclipseLogger - Using platform encoding (UTF-8 actually) to copy filtered resources, i.e. build is platform dependent!
2022-05-12 10:46:54,785 [Worker-39: Building] INFO  o.e.m.c.i.embedder.EclipseLogger - skip non existing resourceDirectory A:\Documents\Training\Spring\eclipse-workspace\projects\src\test\resources
2022-05-12 10:47:22,657 [Worker-33: Building] WARN  o.e.m.c.i.embedder.EclipseLogger - Using platform encoding (UTF-8 actually) to copy filtered resources, i.e. build is platform dependent!
2022-05-12 10:47:22,658 [Worker-33: Building] INFO  o.e.m.c.i.embedder.EclipseLogger - skip non existing resourceDirectory A:\Documents\Training\Spring\eclipse-workspace\projects\src\main\resources
2022-05-12 10:47:22,659 [Worker-33: Building] WARN  o.e.m.c.i.embedder.EclipseLogger - Using platform encoding (UTF-8 actually) to copy filtered resources, i.e. build is platform dependent!
2022-05-12 10:47:22,660 [Worker-33: Building] INFO  o.e.m.c.i.embedder.EclipseLogger - skip non existing resourceDirectory A:\Documents\Training\Spring\eclipse-workspace\projects\src\test\resources
2022-05-12 10:51:04,247 [Worker-39: Building] WARN  o.e.m.c.i.embedder.EclipseLogger - Using platform encoding (UTF-8 actually) to copy filtered resources, i.e. build is platform dependent!
2022-05-12 10:51:04,248 [Worker-39: Building] INFO  o.e.m.c.i.embedder.EclipseLogger - skip non existing resourceDirectory A:\Documents\Training\Spring\eclipse-workspace\projects\src\main\resources
2022-05-12 10:51:04,249 [Worker-39: Building] WARN  o.e.m.c.i.embedder.EclipseLogger - Using platform encoding (UTF-8 actually) to copy filtered resources, i.e. build is platform dependent!
2022-05-12 10:51:04,250 [Worker-39: Building] INFO  o.e.m.c.i.embedder.EclipseLogger - skip non existing resourceDirectory A:\Documents\Training\Spring\eclipse-workspace\projects\src\test\resources
2022-05-12 11:13:08,742 [Worker-47: Building] WARN  o.e.m.c.i.embedder.EclipseLogger - Using platform encoding (UTF-8 actually) to copy filtered resources, i.e. build is platform dependent!
2022-05-12 11:13:08,743 [Worker-47: Building] INFO  o.e.m.c.i.embedder.EclipseLogger - skip non existing resourceDirectory A:\Documents\Training\Spring\eclipse-workspace\projects\src\main\resources
2022-05-12 11:13:08,744 [Worker-47: Building] WARN  o.e.m.c.i.embedder.EclipseLogger - Using platform encoding (UTF-8 actually) to copy filtered resources, i.e. build is platform dependent!
2022-05-12 11:13:08,745 [Worker-47: Building] INFO  o.e.m.c.i.embedder.EclipseLogger - skip non existing resourceDirectory A:\Documents\Training\Spring\eclipse-workspace\projects\src\test\resources
2022-05-12 11:35:26,505 [Worker-48: Building] WARN  o.e.m.c.i.embedder.EclipseLogger - Using platform encoding (UTF-8 actually) to copy filtered resources, i.e. build is platform dependent!
2022-05-12 11:35:26,506 [Worker-48: Building] INFO  o.e.m.c.i.embedder.EclipseLogger - skip non existing resourceDirectory A:\Documents\Training\Spring\eclipse-workspace\projects\src\main\resources
2022-05-12 11:35:26,507 [Worker-48: Building] WARN  o.e.m.c.i.embedder.EclipseLogger - Using platform encoding (UTF-8 actually) to copy filtered resources, i.e. build is platform dependent!
2022-05-12 11:35:26,508 [Worker-48: Building] INFO  o.e.m.c.i.embedder.EclipseLogger - skip non existing resourceDirectory A:\Documents\Training\Spring\eclipse-workspace\projects\src\test\resources
2022-05-12 11:35:35,420 [Worker-50: Building] WARN  o.e.m.c.i.embedder.EclipseLogger - Using platform encoding (UTF-8 actually) to copy filtered resources, i.e. build is platform dependent!
2022-05-12 11:35:35,420 [Worker-50: Building] INFO  o.e.m.c.i.embedder.EclipseLogger - skip non existing resourceDirectory A:\Documents\Training\Spring\eclipse-workspace\projects\src\main\resources
2022-05-12 11:35:35,421 [Worker-50: Building] WARN  o.e.m.c.i.embedder.EclipseLogger - Using platform encoding (UTF-8 actually) to copy filtered resources, i.e. build is platform dependent!
2022-05-12 11:35:35,422 [Worker-50: Building] INFO  o.e.m.c.i.embedder.EclipseLogger - skip non existing resourceDirectory A:\Documents\Training\Spring\eclipse-workspace\projects\src\test\resources
2022-05-12 11:36:10,130 [Worker-50: Building] WARN  o.e.m.c.i.embedder.EclipseLogger - Using platform encoding (UTF-8 actually) to copy filtered resources, i.e. build is platform dependent!
2022-05-12 11:36:10,131 [Worker-50: Building] INFO  o.e.m.c.i.embedder.EclipseLogger - skip non existing resourceDirectory A:\Documents\Training\Spring\eclipse-workspace\projects\src\main\resources
2022-05-12 11:36:10,132 [Worker-50: Building] WARN  o.e.m.c.i.embedder.EclipseLogger - Using platform encoding (UTF-8 actually) to copy filtered resources, i.e. build is platform dependent!
2022-05-12 11:36:10,132 [Worker-50: Building] INFO  o.e.m.c.i.embedder.EclipseLogger - skip non existing resourceDirectory A:\Documents\Training\Spring\eclipse-workspace\projects\src\test\resources
2022-05-12 11:36:29,687 [Worker-49: Building] WARN  o.e.m.c.i.embedder.EclipseLogger - Using platform encoding (UTF-8 actually) to copy filtered resources, i.e. build is platform dependent!
2022-05-12 11:36:29,687 [Worker-49: Building] INFO  o.e.m.c.i.embedder.EclipseLogger - skip non existing resourceDirectory A:\Documents\Training\Spring\eclipse-workspace\projects\src\main\resources
2022-05-12 11:36:29,688 [Worker-49: Building] WARN  o.e.m.c.i.embedder.EclipseLogger - Using platform encoding (UTF-8 actually) to copy filtered resources, i.e. build is platform dependent!
2022-05-12 11:36:29,689 [Worker-49: Building] INFO  o.e.m.c.i.embedder.EclipseLogger - skip non existing resourceDirectory A:\Documents\Training\Spring\eclipse-workspace\projects\src\test\resources
2022-05-12 11:36:46,643 [Worker-52: Building] WARN  o.e.m.c.i.embedder.EclipseLogger - Using platform encoding (UTF-8 actually) to copy filtered resources, i.e. build is platform dependent!
2022-05-12 11:36:46,644 [Worker-52: Building] INFO  o.e.m.c.i.embedder.EclipseLogger - skip non existing resourceDirectory A:\Documents\Training\Spring\eclipse-workspace\projects\src\main\resources
2022-05-12 11:36:46,653 [Worker-52: Building] WARN  o.e.m.c.i.embedder.EclipseLogger - Using platform encoding (UTF-8 actually) to copy filtered resources, i.e. build is platform dependent!
2022-05-12 11:36:46,654 [Worker-52: Building] INFO  o.e.m.c.i.embedder.EclipseLogger - skip non existing resourceDirectory A:\Documents\Training\Spring\eclipse-workspace\projects\src\test\resources
2022-05-12 11:37:39,750 [Worker-51: Building] WARN  o.e.m.c.i.embedder.EclipseLogger - Using platform encoding (UTF-8 actually) to copy filtered resources, i.e. build is platform dependent!
2022-05-12 11:37:39,751 [Worker-51: Building] INFO  o.e.m.c.i.embedder.EclipseLogger - skip non existing resourceDirectory A:\Documents\Training\Spring\eclipse-workspace\projects\src\main\resources
2022-05-12 11:37:39,752 [Worker-51: Building] WARN  o.e.m.c.i.embedder.EclipseLogger - Using platform encoding (UTF-8 actually) to copy filtered resources, i.e. build is platform dependent!
2022-05-12 11:37:39,753 [Worker-51: Building] INFO  o.e.m.c.i.embedder.EclipseLogger - skip non existing resourceDirectory A:\Documents\Training\Spring\eclipse-workspace\projects\src\test\resources
2022-05-12 11:37:56,280 [Worker-48: Building] WARN  o.e.m.c.i.embedder.EclipseLogger - Using platform encoding (UTF-8 actually) to copy filtered resources, i.e. build is platform dependent!
2022-05-12 11:37:56,280 [Worker-48: Building] INFO  o.e.m.c.i.embedder.EclipseLogger - skip non existing resourceDirectory A:\Documents\Training\Spring\eclipse-workspace\projects\src\main\resources
2022-05-12 11:37:56,281 [Worker-48: Building] WARN  o.e.m.c.i.embedder.EclipseLogger - Using platform encoding (UTF-8 actually) to copy filtered resources, i.e. build is platform dependent!
2022-05-12 11:37:56,282 [Worker-48: Building] INFO  o.e.m.c.i.embedder.EclipseLogger - skip non existing resourceDirectory A:\Documents\Training\Spring\eclipse-workspace\projects\src\test\resources
2022-05-12 11:43:01,472 [Worker-48: Building] WARN  o.e.m.c.i.embedder.EclipseLogger - Using platform encoding (UTF-8 actually) to copy filtered resources, i.e. build is platform dependent!
2022-05-12 11:43:01,473 [Worker-48: Building] INFO  o.e.m.c.i.embedder.EclipseLogger - skip non existing resourceDirectory A:\Documents\Training\Spring\eclipse-workspace\projects\src\main\resources
2022-05-12 11:43:01,474 [Worker-48: Building] WARN  o.e.m.c.i.embedder.EclipseLogger - Using platform encoding (UTF-8 actually) to copy filtered resources, i.e. build is platform dependent!
2022-05-12 11:43:01,475 [Worker-48: Building] INFO  o.e.m.c.i.embedder.EclipseLogger - skip non existing resourceDirectory A:\Documents\Training\Spring\eclipse-workspace\projects\src\test\resources
2022-05-12 11:44:27,531 [Worker-53: Building] WARN  o.e.m.c.i.embedder.EclipseLogger - Using platform encoding (UTF-8 actually) to copy filtered resources, i.e. build is platform dependent!
2022-05-12 11:44:27,533 [Worker-53: Building] INFO  o.e.m.c.i.embedder.EclipseLogger - skip non existing resourceDirectory A:\Documents\Training\Spring\eclipse-workspace\projects\src\main\resources
2022-05-12 11:44:27,534 [Worker-53: Building] WARN  o.e.m.c.i.embedder.EclipseLogger - Using platform encoding (UTF-8 actually) to copy filtered resources, i.e. build is platform dependent!
2022-05-12 11:44:27,535 [Worker-53: Building] INFO  o.e.m.c.i.embedder.EclipseLogger - skip non existing resourceDirectory A:\Documents\Training\Spring\eclipse-workspace\projects\src\test\resources
2022-05-12 11:44:57,001 [Worker-55: Building] WARN  o.e.m.c.i.embedder.EclipseLogger - Using platform encoding (UTF-8 actually) to copy filtered resources, i.e. build is platform dependent!
2022-05-12 11:44:57,002 [Worker-55: Building] INFO  o.e.m.c.i.embedder.EclipseLogger - skip non existing resourceDirectory A:\Documents\Training\Spring\eclipse-workspace\projects\src\main\resources
2022-05-12 11:44:57,003 [Worker-55: Building] WARN  o.e.m.c.i.embedder.EclipseLogger - Using platform encoding (UTF-8 actually) to copy filtered resources, i.e. build is platform dependent!
2022-05-12 11:44:57,003 [Worker-55: Building] INFO  o.e.m.c.i.embedder.EclipseLogger - skip non existing resourceDirectory A:\Documents\Training\Spring\eclipse-workspace\projects\src\test\resources
2022-05-12 11:45:17,911 [Worker-59: Building] WARN  o.e.m.c.i.embedder.EclipseLogger - Using platform encoding (UTF-8 actually) to copy filtered resources, i.e. build is platform dependent!
2022-05-12 11:45:17,912 [Worker-59: Building] INFO  o.e.m.c.i.embedder.EclipseLogger - skip non existing resourceDirectory A:\Documents\Training\Spring\eclipse-workspace\projects\src\main\resources
2022-05-12 11:45:17,913 [Worker-59: Building] WARN  o.e.m.c.i.embedder.EclipseLogger - Using platform encoding (UTF-8 actually) to copy filtered resources, i.e. build is platform dependent!
2022-05-12 11:45:17,913 [Worker-59: Building] INFO  o.e.m.c.i.embedder.EclipseLogger - skip non existing resourceDirectory A:\Documents\Training\Spring\eclipse-workspace\projects\src\test\resources
2022-05-12 14:55:45,916 [Worker-4: Loading available Gradle versions] INFO  o.e.b.c.i.u.g.PublishedGradleVersions - Gradle version information cache is up-to-date. Trying to read.
2022-05-12 14:55:47,552 [Worker-1: Building] WARN  o.e.m.c.i.embedder.EclipseLogger - Using platform encoding (UTF-8 actually) to copy filtered resources, i.e. build is platform dependent!
2022-05-12 14:55:47,553 [Worker-1: Building] INFO  o.e.m.c.i.embedder.EclipseLogger - skip non existing resourceDirectory A:\Documents\Training\Spring\eclipse-workspace\projects\src\main\resources
2022-05-12 14:55:47,555 [Worker-1: Building] WARN  o.e.m.c.i.embedder.EclipseLogger - Using platform encoding (UTF-8 actually) to copy filtered resources, i.e. build is platform dependent!
2022-05-12 14:55:47,556 [Worker-1: Building] INFO  o.e.m.c.i.embedder.EclipseLogger - skip non existing resourceDirectory A:\Documents\Training\Spring\eclipse-workspace\projects\src\test\resources
2022-05-12 14:55:52,221 [ForkJoinPool.commonPool-worker-1] ERROR o.e.m.e.l.MavenRuntimeClasspathProvider - Illegal character in path at index 20: file:/C:/Users/Anesh S M/.p2/pool/plugins/org.eclipse.m2e.maven.runtime_1.18.3.20220227-1319/jars/
java.net.URISyntaxException: Illegal character in path at index 20: file:/C:/Users/Anesh S M/.p2/pool/plugins/org.eclipse.m2e.maven.runtime_1.18.3.20220227-1319/jars/
	at java.base/java.net.URI$Parser.fail(URI.java:2973)
	at java.base/java.net.URI$Parser.checkChars(URI.java:3144)
	at java.base/java.net.URI$Parser.parseHierarchical(URI.java:3226)
	at java.base/java.net.URI$Parser.parse(URI.java:3174)
	at java.base/java.net.URI.<init>(URI.java:623)
	at java.base/java.net.URL.toURI(URL.java:1056)
	at org.eclipse.m2e.editor.lemminx.MavenRuntimeClasspathProvider.addJarsFromBundle(MavenRuntimeClasspathProvider.java:81)
	at org.eclipse.m2e.editor.lemminx.MavenRuntimeClasspathProvider.get(MavenRuntimeClasspathProvider.java:66)
	at org.eclipse.m2e.editor.lemminx.MavenRuntimeClasspathProvider.get(MavenRuntimeClasspathProvider.java:1)
	at java.base/java.util.stream.ReferencePipeline$3$1.accept(ReferencePipeline.java:197)
	at java.base/java.util.stream.ReferencePipeline$3$1.accept(ReferencePipeline.java:197)
	at java.base/java.util.HashMap$EntrySpliterator.forEachRemaining(HashMap.java:1850)
	at java.base/java.util.stream.AbstractPipeline.copyInto(AbstractPipeline.java:509)
	at java.base/java.util.stream.AbstractPipeline.wrapAndCopyInto(AbstractPipeline.java:499)
	at java.base/java.util.stream.ForEachOps$ForEachOp.evaluateSequential(ForEachOps.java:150)
	at java.base/java.util.stream.ForEachOps$ForEachOp$OfRef.evaluateSequential(ForEachOps.java:173)
	at java.base/java.util.stream.AbstractPipeline.evaluate(AbstractPipeline.java:234)
	at java.base/java.util.stream.ReferencePipeline.forEach(ReferencePipeline.java:596)
	at org.eclipse.wildwebdeveloper.xml.internal.XMLExtensionRegistry.getXMLLSClassPathExtensions(XMLExtensionRegistry.java:81)
	at org.eclipse.wildwebdeveloper.xml.internal.XMLLanguageServer.getExtensionJarPaths(XMLLanguageServer.java:142)
	at org.eclipse.wildwebdeveloper.xml.internal.XMLLanguageServer.<init>(XMLLanguageServer.java:83)
	at java.base/jdk.internal.reflect.DirectConstructorHandleAccessor.newInstance(DirectConstructorHandleAccessor.java:67)
	at java.base/java.lang.reflect.Constructor.newInstanceWithCaller(Constructor.java:499)
	at java.base/java.lang.reflect.Constructor.newInstance(Constructor.java:483)
	at org.eclipse.core.internal.registry.osgi.RegistryStrategyOSGI.createExecutableExtension(RegistryStrategyOSGI.java:204)
	at org.eclipse.core.internal.registry.ExtensionRegistry.createExecutableExtension(ExtensionRegistry.java:920)
	at org.eclipse.core.internal.registry.ConfigurationElement.createExecutableExtension(ConfigurationElement.java:246)
	at org.eclipse.core.internal.registry.ConfigurationElementHandle.createExecutableExtension(ConfigurationElementHandle.java:63)
	at org.eclipse.lsp4e.LanguageServersRegistry$ExtensionLanguageServerDefinition.createConnectionProvider(LanguageServersRegistry.java:127)
	at org.eclipse.lsp4e.LanguageServerWrapper.lambda$1(LanguageServerWrapper.java:222)
	at java.base/java.util.concurrent.CompletableFuture$AsyncSupply.run(CompletableFuture.java:1768)
	at java.base/java.util.concurrent.CompletableFuture$AsyncSupply.exec(CompletableFuture.java:1760)
	at java.base/java.util.concurrent.ForkJoinTask.doExec(ForkJoinTask.java:373)
	at java.base/java.util.concurrent.ForkJoinPool$WorkQueue.topLevelExec(ForkJoinPool.java:1182)
	at java.base/java.util.concurrent.ForkJoinPool.scan(ForkJoinPool.java:1655)
	at java.base/java.util.concurrent.ForkJoinPool.runWorker(ForkJoinPool.java:1622)
	at java.base/java.util.concurrent.ForkJoinWorkerThread.run(ForkJoinWorkerThread.java:165)
2022-05-12 15:07:15,380 [Worker-6: Loading available Gradle versions] INFO  o.e.b.c.i.u.g.PublishedGradleVersions - Gradle version information cache is up-to-date. Trying to read.
2022-05-12 15:52:43,687 [Worker-4: Loading available Gradle versions] INFO  o.e.b.c.i.u.g.PublishedGradleVersions - Gradle version information cache is up-to-date. Trying to read.
2022-05-12 16:51:58,157 [ForkJoinPool.commonPool-worker-18] ERROR o.e.m.e.l.MavenRuntimeClasspathProvider - Illegal character in path at index 20: file:/C:/Users/Anesh S M/.p2/pool/plugins/org.eclipse.m2e.maven.runtime_1.18.3.20220227-1319/jars/
java.net.URISyntaxException: Illegal character in path at index 20: file:/C:/Users/Anesh S M/.p2/pool/plugins/org.eclipse.m2e.maven.runtime_1.18.3.20220227-1319/jars/
	at java.base/java.net.URI$Parser.fail(URI.java:2973)
	at java.base/java.net.URI$Parser.checkChars(URI.java:3144)
	at java.base/java.net.URI$Parser.parseHierarchical(URI.java:3226)
	at java.base/java.net.URI$Parser.parse(URI.java:3174)
	at java.base/java.net.URI.<init>(URI.java:623)
	at java.base/java.net.URL.toURI(URL.java:1056)
	at org.eclipse.m2e.editor.lemminx.MavenRuntimeClasspathProvider.addJarsFromBundle(MavenRuntimeClasspathProvider.java:81)
	at org.eclipse.m2e.editor.lemminx.MavenRuntimeClasspathProvider.get(MavenRuntimeClasspathProvider.java:66)
	at org.eclipse.m2e.editor.lemminx.MavenRuntimeClasspathProvider.get(MavenRuntimeClasspathProvider.java:1)
	at java.base/java.util.stream.ReferencePipeline$3$1.accept(ReferencePipeline.java:197)
	at java.base/java.util.stream.ReferencePipeline$3$1.accept(ReferencePipeline.java:197)
	at java.base/java.util.HashMap$EntrySpliterator.forEachRemaining(HashMap.java:1850)
	at java.base/java.util.stream.AbstractPipeline.copyInto(AbstractPipeline.java:509)
	at java.base/java.util.stream.AbstractPipeline.wrapAndCopyInto(AbstractPipeline.java:499)
	at java.base/java.util.stream.ForEachOps$ForEachOp.evaluateSequential(ForEachOps.java:150)
	at java.base/java.util.stream.ForEachOps$ForEachOp$OfRef.evaluateSequential(ForEachOps.java:173)
	at java.base/java.util.stream.AbstractPipeline.evaluate(AbstractPipeline.java:234)
	at java.base/java.util.stream.ReferencePipeline.forEach(ReferencePipeline.java:596)
	at org.eclipse.wildwebdeveloper.xml.internal.XMLExtensionRegistry.getXMLLSClassPathExtensions(XMLExtensionRegistry.java:81)
	at org.eclipse.wildwebdeveloper.xml.internal.XMLLanguageServer.getExtensionJarPaths(XMLLanguageServer.java:142)
	at org.eclipse.wildwebdeveloper.xml.internal.XMLLanguageServer.<init>(XMLLanguageServer.java:83)
	at java.base/jdk.internal.reflect.DirectConstructorHandleAccessor.newInstance(DirectConstructorHandleAccessor.java:67)
	at java.base/java.lang.reflect.Constructor.newInstanceWithCaller(Constructor.java:499)
	at java.base/java.lang.reflect.Constructor.newInstance(Constructor.java:483)
	at org.eclipse.core.internal.registry.osgi.RegistryStrategyOSGI.createExecutableExtension(RegistryStrategyOSGI.java:204)
	at org.eclipse.core.internal.registry.ExtensionRegistry.createExecutableExtension(ExtensionRegistry.java:920)
	at org.eclipse.core.internal.registry.ConfigurationElement.createExecutableExtension(ConfigurationElement.java:246)
	at org.eclipse.core.internal.registry.ConfigurationElementHandle.createExecutableExtension(ConfigurationElementHandle.java:63)
	at org.eclipse.lsp4e.LanguageServersRegistry$ExtensionLanguageServerDefinition.createConnectionProvider(LanguageServersRegistry.java:127)
	at org.eclipse.lsp4e.LanguageServerWrapper.lambda$1(LanguageServerWrapper.java:222)
	at java.base/java.util.concurrent.CompletableFuture$AsyncSupply.run(CompletableFuture.java:1768)
	at java.base/java.util.concurrent.CompletableFuture$AsyncSupply.exec(CompletableFuture.java:1760)
	at java.base/java.util.concurrent.ForkJoinTask.doExec(ForkJoinTask.java:373)
	at java.base/java.util.concurrent.ForkJoinPool$WorkQueue.topLevelExec(ForkJoinPool.java:1182)
	at java.base/java.util.concurrent.ForkJoinPool.scan(ForkJoinPool.java:1655)
	at java.base/java.util.concurrent.ForkJoinPool.runWorker(ForkJoinPool.java:1622)
	at java.base/java.util.concurrent.ForkJoinWorkerThread.run(ForkJoinWorkerThread.java:165)
2022-05-12 17:44:49,608 [Worker-5: Loading available Gradle versions] INFO  o.e.b.c.i.u.g.PublishedGradleVersions - Gradle version information cache is up-to-date. Trying to read.
2022-05-12 17:52:13,484 [Worker-4: Loading available Gradle versions] INFO  o.e.b.c.i.u.g.PublishedGradleVersions - Gradle version information cache is up-to-date. Trying to read.
2022-05-12 17:52:16,574 [Worker-6: Building] WARN  o.e.m.c.i.embedder.EclipseLogger - Using platform encoding (UTF-8 actually) to copy filtered resources, i.e. build is platform dependent!
2022-05-12 17:52:16,575 [Worker-6: Building] INFO  o.e.m.c.i.embedder.EclipseLogger - skip non existing resourceDirectory A:\Documents\Training\Spring\eclipse-workspace\projects\src\main\resources
2022-05-12 17:52:16,578 [Worker-6: Building] WARN  o.e.m.c.i.embedder.EclipseLogger - Using platform encoding (UTF-8 actually) to copy filtered resources, i.e. build is platform dependent!
2022-05-12 17:52:16,579 [Worker-6: Building] INFO  o.e.m.c.i.embedder.EclipseLogger - skip non existing resourceDirectory A:\Documents\Training\Spring\eclipse-workspace\projects\src\test\resources
2022-05-12 18:17:20,975 [ForkJoinPool.commonPool-worker-23] ERROR o.e.m.e.l.MavenRuntimeClasspathProvider - Illegal character in path at index 20: file:/C:/Users/Anesh S M/.p2/pool/plugins/org.eclipse.m2e.maven.runtime_1.18.3.20220227-1319/jars/
java.net.URISyntaxException: Illegal character in path at index 20: file:/C:/Users/Anesh S M/.p2/pool/plugins/org.eclipse.m2e.maven.runtime_1.18.3.20220227-1319/jars/
	at java.base/java.net.URI$Parser.fail(URI.java:2973)
	at java.base/java.net.URI$Parser.checkChars(URI.java:3144)
	at java.base/java.net.URI$Parser.parseHierarchical(URI.java:3226)
	at java.base/java.net.URI$Parser.parse(URI.java:3174)
	at java.base/java.net.URI.<init>(URI.java:623)
	at java.base/java.net.URL.toURI(URL.java:1056)
	at org.eclipse.m2e.editor.lemminx.MavenRuntimeClasspathProvider.addJarsFromBundle(MavenRuntimeClasspathProvider.java:81)
	at org.eclipse.m2e.editor.lemminx.MavenRuntimeClasspathProvider.get(MavenRuntimeClasspathProvider.java:66)
	at org.eclipse.m2e.editor.lemminx.MavenRuntimeClasspathProvider.get(MavenRuntimeClasspathProvider.java:1)
	at java.base/java.util.stream.ReferencePipeline$3$1.accept(ReferencePipeline.java:197)
	at java.base/java.util.stream.ReferencePipeline$3$1.accept(ReferencePipeline.java:197)
	at java.base/java.util.HashMap$EntrySpliterator.forEachRemaining(HashMap.java:1850)
	at java.base/java.util.stream.AbstractPipeline.copyInto(AbstractPipeline.java:509)
	at java.base/java.util.stream.AbstractPipeline.wrapAndCopyInto(AbstractPipeline.java:499)
	at java.base/java.util.stream.ForEachOps$ForEachOp.evaluateSequential(ForEachOps.java:150)
	at java.base/java.util.stream.ForEachOps$ForEachOp$OfRef.evaluateSequential(ForEachOps.java:173)
	at java.base/java.util.stream.AbstractPipeline.evaluate(AbstractPipeline.java:234)
	at java.base/java.util.stream.ReferencePipeline.forEach(ReferencePipeline.java:596)
	at org.eclipse.wildwebdeveloper.xml.internal.XMLExtensionRegistry.getXMLLSClassPathExtensions(XMLExtensionRegistry.java:81)
	at org.eclipse.wildwebdeveloper.xml.internal.XMLLanguageServer.getExtensionJarPaths(XMLLanguageServer.java:142)
	at org.eclipse.wildwebdeveloper.xml.internal.XMLLanguageServer.<init>(XMLLanguageServer.java:83)
	at java.base/jdk.internal.reflect.DirectConstructorHandleAccessor.newInstance(DirectConstructorHandleAccessor.java:67)
	at java.base/java.lang.reflect.Constructor.newInstanceWithCaller(Constructor.java:499)
	at java.base/java.lang.reflect.Constructor.newInstance(Constructor.java:483)
	at org.eclipse.core.internal.registry.osgi.RegistryStrategyOSGI.createExecutableExtension(RegistryStrategyOSGI.java:204)
	at org.eclipse.core.internal.registry.ExtensionRegistry.createExecutableExtension(ExtensionRegistry.java:920)
	at org.eclipse.core.internal.registry.ConfigurationElement.createExecutableExtension(ConfigurationElement.java:246)
	at org.eclipse.core.internal.registry.ConfigurationElementHandle.createExecutableExtension(ConfigurationElementHandle.java:63)
	at org.eclipse.lsp4e.LanguageServersRegistry$ExtensionLanguageServerDefinition.createConnectionProvider(LanguageServersRegistry.java:127)
	at org.eclipse.lsp4e.LanguageServerWrapper.lambda$1(LanguageServerWrapper.java:222)
	at java.base/java.util.concurrent.CompletableFuture$AsyncSupply.run(CompletableFuture.java:1768)
	at java.base/java.util.concurrent.CompletableFuture$AsyncSupply.exec(CompletableFuture.java:1760)
	at java.base/java.util.concurrent.ForkJoinTask.doExec(ForkJoinTask.java:373)
	at java.base/java.util.concurrent.ForkJoinPool$WorkQueue.topLevelExec(ForkJoinPool.java:1182)
	at java.base/java.util.concurrent.ForkJoinPool.scan(ForkJoinPool.java:1655)
	at java.base/java.util.concurrent.ForkJoinPool.runWorker(ForkJoinPool.java:1622)
	at java.base/java.util.concurrent.ForkJoinWorkerThread.run(ForkJoinWorkerThread.java:165)
2022-05-13 09:56:20,564 [Worker-2: Loading available Gradle versions] INFO  o.e.b.c.i.u.g.PublishedGradleVersions - Gradle version information cache is out-of-date. Trying to update.
2022-05-13 09:56:20,841 [Worker-2: Loading available Gradle versions] INFO  o.e.b.c.i.u.g.PublishedGradleVersions - Updating Gradle version information cache failed. Using outdated cache.
2022-05-13 10:03:53,689 [ForkJoinPool.commonPool-worker-6] ERROR o.e.m.e.l.MavenRuntimeClasspathProvider - Illegal character in path at index 20: file:/C:/Users/Anesh S M/.p2/pool/plugins/org.eclipse.m2e.maven.runtime_1.18.3.20220227-1319/jars/
java.net.URISyntaxException: Illegal character in path at index 20: file:/C:/Users/Anesh S M/.p2/pool/plugins/org.eclipse.m2e.maven.runtime_1.18.3.20220227-1319/jars/
	at java.base/java.net.URI$Parser.fail(URI.java:2973)
	at java.base/java.net.URI$Parser.checkChars(URI.java:3144)
	at java.base/java.net.URI$Parser.parseHierarchical(URI.java:3226)
	at java.base/java.net.URI$Parser.parse(URI.java:3174)
	at java.base/java.net.URI.<init>(URI.java:623)
	at java.base/java.net.URL.toURI(URL.java:1056)
	at org.eclipse.m2e.editor.lemminx.MavenRuntimeClasspathProvider.addJarsFromBundle(MavenRuntimeClasspathProvider.java:81)
	at org.eclipse.m2e.editor.lemminx.MavenRuntimeClasspathProvider.get(MavenRuntimeClasspathProvider.java:66)
	at org.eclipse.m2e.editor.lemminx.MavenRuntimeClasspathProvider.get(MavenRuntimeClasspathProvider.java:1)
	at java.base/java.util.stream.ReferencePipeline$3$1.accept(ReferencePipeline.java:197)
	at java.base/java.util.stream.ReferencePipeline$3$1.accept(ReferencePipeline.java:197)
	at java.base/java.util.HashMap$EntrySpliterator.forEachRemaining(HashMap.java:1850)
	at java.base/java.util.stream.AbstractPipeline.copyInto(AbstractPipeline.java:509)
	at java.base/java.util.stream.AbstractPipeline.wrapAndCopyInto(AbstractPipeline.java:499)
	at java.base/java.util.stream.ForEachOps$ForEachOp.evaluateSequential(ForEachOps.java:150)
	at java.base/java.util.stream.ForEachOps$ForEachOp$OfRef.evaluateSequential(ForEachOps.java:173)
	at java.base/java.util.stream.AbstractPipeline.evaluate(AbstractPipeline.java:234)
	at java.base/java.util.stream.ReferencePipeline.forEach(ReferencePipeline.java:596)
	at org.eclipse.wildwebdeveloper.xml.internal.XMLExtensionRegistry.getXMLLSClassPathExtensions(XMLExtensionRegistry.java:81)
	at org.eclipse.wildwebdeveloper.xml.internal.XMLLanguageServer.getExtensionJarPaths(XMLLanguageServer.java:142)
	at org.eclipse.wildwebdeveloper.xml.internal.XMLLanguageServer.<init>(XMLLanguageServer.java:83)
	at java.base/jdk.internal.reflect.DirectConstructorHandleAccessor.newInstance(DirectConstructorHandleAccessor.java:67)
	at java.base/java.lang.reflect.Constructor.newInstanceWithCaller(Constructor.java:499)
	at java.base/java.lang.reflect.Constructor.newInstance(Constructor.java:483)
	at org.eclipse.core.internal.registry.osgi.RegistryStrategyOSGI.createExecutableExtension(RegistryStrategyOSGI.java:204)
	at org.eclipse.core.internal.registry.ExtensionRegistry.createExecutableExtension(ExtensionRegistry.java:920)
	at org.eclipse.core.internal.registry.ConfigurationElement.createExecutableExtension(ConfigurationElement.java:246)
	at org.eclipse.core.internal.registry.ConfigurationElementHandle.createExecutableExtension(ConfigurationElementHandle.java:63)
	at org.eclipse.lsp4e.LanguageServersRegistry$ExtensionLanguageServerDefinition.createConnectionProvider(LanguageServersRegistry.java:127)
	at org.eclipse.lsp4e.LanguageServerWrapper.lambda$1(LanguageServerWrapper.java:222)
	at java.base/java.util.concurrent.CompletableFuture$AsyncSupply.run(CompletableFuture.java:1768)
	at java.base/java.util.concurrent.CompletableFuture$AsyncSupply.exec(CompletableFuture.java:1760)
	at java.base/java.util.concurrent.ForkJoinTask.doExec(ForkJoinTask.java:373)
	at java.base/java.util.concurrent.ForkJoinPool$WorkQueue.topLevelExec(ForkJoinPool.java:1182)
	at java.base/java.util.concurrent.ForkJoinPool.scan(ForkJoinPool.java:1655)
	at java.base/java.util.concurrent.ForkJoinPool.runWorker(ForkJoinPool.java:1622)
	at java.base/java.util.concurrent.ForkJoinWorkerThread.run(ForkJoinWorkerThread.java:165)
2022-05-13 10:15:18,729 [ForkJoinPool.commonPool-worker-16] ERROR o.e.m.e.l.MavenRuntimeClasspathProvider - Illegal character in path at index 20: file:/C:/Users/Anesh S M/.p2/pool/plugins/org.eclipse.m2e.maven.runtime_1.18.3.20220227-1319/jars/
java.net.URISyntaxException: Illegal character in path at index 20: file:/C:/Users/Anesh S M/.p2/pool/plugins/org.eclipse.m2e.maven.runtime_1.18.3.20220227-1319/jars/
	at java.base/java.net.URI$Parser.fail(URI.java:2973)
	at java.base/java.net.URI$Parser.checkChars(URI.java:3144)
	at java.base/java.net.URI$Parser.parseHierarchical(URI.java:3226)
	at java.base/java.net.URI$Parser.parse(URI.java:3174)
	at java.base/java.net.URI.<init>(URI.java:623)
	at java.base/java.net.URL.toURI(URL.java:1056)
	at org.eclipse.m2e.editor.lemminx.MavenRuntimeClasspathProvider.addJarsFromBundle(MavenRuntimeClasspathProvider.java:81)
	at org.eclipse.m2e.editor.lemminx.MavenRuntimeClasspathProvider.get(MavenRuntimeClasspathProvider.java:66)
	at org.eclipse.m2e.editor.lemminx.MavenRuntimeClasspathProvider.get(MavenRuntimeClasspathProvider.java:1)
	at java.base/java.util.stream.ReferencePipeline$3$1.accept(ReferencePipeline.java:197)
	at java.base/java.util.stream.ReferencePipeline$3$1.accept(ReferencePipeline.java:197)
	at java.base/java.util.HashMap$EntrySpliterator.forEachRemaining(HashMap.java:1850)
	at java.base/java.util.stream.AbstractPipeline.copyInto(AbstractPipeline.java:509)
	at java.base/java.util.stream.AbstractPipeline.wrapAndCopyInto(AbstractPipeline.java:499)
	at java.base/java.util.stream.ForEachOps$ForEachOp.evaluateSequential(ForEachOps.java:150)
	at java.base/java.util.stream.ForEachOps$ForEachOp$OfRef.evaluateSequential(ForEachOps.java:173)
	at java.base/java.util.stream.AbstractPipeline.evaluate(AbstractPipeline.java:234)
	at java.base/java.util.stream.ReferencePipeline.forEach(ReferencePipeline.java:596)
	at org.eclipse.wildwebdeveloper.xml.internal.XMLExtensionRegistry.getXMLLSClassPathExtensions(XMLExtensionRegistry.java:81)
	at org.eclipse.wildwebdeveloper.xml.internal.XMLLanguageServer.getExtensionJarPaths(XMLLanguageServer.java:142)
	at org.eclipse.wildwebdeveloper.xml.internal.XMLLanguageServer.<init>(XMLLanguageServer.java:83)
	at java.base/jdk.internal.reflect.DirectConstructorHandleAccessor.newInstance(DirectConstructorHandleAccessor.java:67)
	at java.base/java.lang.reflect.Constructor.newInstanceWithCaller(Constructor.java:499)
	at java.base/java.lang.reflect.Constructor.newInstance(Constructor.java:483)
	at org.eclipse.core.internal.registry.osgi.RegistryStrategyOSGI.createExecutableExtension(RegistryStrategyOSGI.java:204)
	at org.eclipse.core.internal.registry.ExtensionRegistry.createExecutableExtension(ExtensionRegistry.java:920)
	at org.eclipse.core.internal.registry.ConfigurationElement.createExecutableExtension(ConfigurationElement.java:246)
	at org.eclipse.core.internal.registry.ConfigurationElementHandle.createExecutableExtension(ConfigurationElementHandle.java:63)
	at org.eclipse.lsp4e.LanguageServersRegistry$ExtensionLanguageServerDefinition.createConnectionProvider(LanguageServersRegistry.java:127)
	at org.eclipse.lsp4e.LanguageServerWrapper.lambda$1(LanguageServerWrapper.java:222)
	at java.base/java.util.concurrent.CompletableFuture$AsyncSupply.run(CompletableFuture.java:1768)
	at java.base/java.util.concurrent.CompletableFuture$AsyncSupply.exec(CompletableFuture.java:1760)
	at java.base/java.util.concurrent.ForkJoinTask.doExec(ForkJoinTask.java:373)
	at java.base/java.util.concurrent.ForkJoinPool$WorkQueue.topLevelExec(ForkJoinPool.java:1182)
	at java.base/java.util.concurrent.ForkJoinPool.scan(ForkJoinPool.java:1655)
	at java.base/java.util.concurrent.ForkJoinPool.runWorker(ForkJoinPool.java:1622)
	at java.base/java.util.concurrent.ForkJoinWorkerThread.run(ForkJoinWorkerThread.java:165)
2022-05-13 10:50:19,836 [ForkJoinPool.commonPool-worker-22] ERROR o.e.m.e.l.MavenRuntimeClasspathProvider - Illegal character in path at index 20: file:/C:/Users/Anesh S M/.p2/pool/plugins/org.eclipse.m2e.maven.runtime_1.18.3.20220227-1319/jars/
java.net.URISyntaxException: Illegal character in path at index 20: file:/C:/Users/Anesh S M/.p2/pool/plugins/org.eclipse.m2e.maven.runtime_1.18.3.20220227-1319/jars/
	at java.base/java.net.URI$Parser.fail(URI.java:2973)
	at java.base/java.net.URI$Parser.checkChars(URI.java:3144)
	at java.base/java.net.URI$Parser.parseHierarchical(URI.java:3226)
	at java.base/java.net.URI$Parser.parse(URI.java:3174)
	at java.base/java.net.URI.<init>(URI.java:623)
	at java.base/java.net.URL.toURI(URL.java:1056)
	at org.eclipse.m2e.editor.lemminx.MavenRuntimeClasspathProvider.addJarsFromBundle(MavenRuntimeClasspathProvider.java:81)
	at org.eclipse.m2e.editor.lemminx.MavenRuntimeClasspathProvider.get(MavenRuntimeClasspathProvider.java:66)
	at org.eclipse.m2e.editor.lemminx.MavenRuntimeClasspathProvider.get(MavenRuntimeClasspathProvider.java:1)
	at java.base/java.util.stream.ReferencePipeline$3$1.accept(ReferencePipeline.java:197)
	at java.base/java.util.stream.ReferencePipeline$3$1.accept(ReferencePipeline.java:197)
	at java.base/java.util.HashMap$EntrySpliterator.forEachRemaining(HashMap.java:1850)
	at java.base/java.util.stream.AbstractPipeline.copyInto(AbstractPipeline.java:509)
	at java.base/java.util.stream.AbstractPipeline.wrapAndCopyInto(AbstractPipeline.java:499)
	at java.base/java.util.stream.ForEachOps$ForEachOp.evaluateSequential(ForEachOps.java:150)
	at java.base/java.util.stream.ForEachOps$ForEachOp$OfRef.evaluateSequential(ForEachOps.java:173)
	at java.base/java.util.stream.AbstractPipeline.evaluate(AbstractPipeline.java:234)
	at java.base/java.util.stream.ReferencePipeline.forEach(ReferencePipeline.java:596)
	at org.eclipse.wildwebdeveloper.xml.internal.XMLExtensionRegistry.getXMLLSClassPathExtensions(XMLExtensionRegistry.java:81)
	at org.eclipse.wildwebdeveloper.xml.internal.XMLLanguageServer.getExtensionJarPaths(XMLLanguageServer.java:142)
	at org.eclipse.wildwebdeveloper.xml.internal.XMLLanguageServer.<init>(XMLLanguageServer.java:83)
	at java.base/jdk.internal.reflect.DirectConstructorHandleAccessor.newInstance(DirectConstructorHandleAccessor.java:67)
	at java.base/java.lang.reflect.Constructor.newInstanceWithCaller(Constructor.java:499)
	at java.base/java.lang.reflect.Constructor.newInstance(Constructor.java:483)
	at org.eclipse.core.internal.registry.osgi.RegistryStrategyOSGI.createExecutableExtension(RegistryStrategyOSGI.java:204)
	at org.eclipse.core.internal.registry.ExtensionRegistry.createExecutableExtension(ExtensionRegistry.java:920)
	at org.eclipse.core.internal.registry.ConfigurationElement.createExecutableExtension(ConfigurationElement.java:246)
	at org.eclipse.core.internal.registry.ConfigurationElementHandle.createExecutableExtension(ConfigurationElementHandle.java:63)
	at org.eclipse.lsp4e.LanguageServersRegistry$ExtensionLanguageServerDefinition.createConnectionProvider(LanguageServersRegistry.java:127)
	at org.eclipse.lsp4e.LanguageServerWrapper.lambda$1(LanguageServerWrapper.java:222)
	at java.base/java.util.concurrent.CompletableFuture$AsyncSupply.run(CompletableFuture.java:1768)
	at java.base/java.util.concurrent.CompletableFuture$AsyncSupply.exec(CompletableFuture.java:1760)
	at java.base/java.util.concurrent.ForkJoinTask.doExec(ForkJoinTask.java:373)
	at java.base/java.util.concurrent.ForkJoinPool$WorkQueue.topLevelExec(ForkJoinPool.java:1182)
	at java.base/java.util.concurrent.ForkJoinPool.scan(ForkJoinPool.java:1655)
	at java.base/java.util.concurrent.ForkJoinPool.runWorker(ForkJoinPool.java:1622)
	at java.base/java.util.concurrent.ForkJoinWorkerThread.run(ForkJoinWorkerThread.java:165)
2022-05-13 10:50:40,738 [ForkJoinPool.commonPool-worker-21] ERROR o.e.m.e.l.MavenRuntimeClasspathProvider - Illegal character in path at index 20: file:/C:/Users/Anesh S M/.p2/pool/plugins/org.eclipse.m2e.maven.runtime_1.18.3.20220227-1319/jars/
java.net.URISyntaxException: Illegal character in path at index 20: file:/C:/Users/Anesh S M/.p2/pool/plugins/org.eclipse.m2e.maven.runtime_1.18.3.20220227-1319/jars/
	at java.base/java.net.URI$Parser.fail(URI.java:2973)
	at java.base/java.net.URI$Parser.checkChars(URI.java:3144)
	at java.base/java.net.URI$Parser.parseHierarchical(URI.java:3226)
	at java.base/java.net.URI$Parser.parse(URI.java:3174)
	at java.base/java.net.URI.<init>(URI.java:623)
	at java.base/java.net.URL.toURI(URL.java:1056)
	at org.eclipse.m2e.editor.lemminx.MavenRuntimeClasspathProvider.addJarsFromBundle(MavenRuntimeClasspathProvider.java:81)
	at org.eclipse.m2e.editor.lemminx.MavenRuntimeClasspathProvider.get(MavenRuntimeClasspathProvider.java:66)
	at org.eclipse.m2e.editor.lemminx.MavenRuntimeClasspathProvider.get(MavenRuntimeClasspathProvider.java:1)
	at java.base/java.util.stream.ReferencePipeline$3$1.accept(ReferencePipeline.java:197)
	at java.base/java.util.stream.ReferencePipeline$3$1.accept(ReferencePipeline.java:197)
	at java.base/java.util.HashMap$EntrySpliterator.forEachRemaining(HashMap.java:1850)
	at java.base/java.util.stream.AbstractPipeline.copyInto(AbstractPipeline.java:509)
	at java.base/java.util.stream.AbstractPipeline.wrapAndCopyInto(AbstractPipeline.java:499)
	at java.base/java.util.stream.ForEachOps$ForEachOp.evaluateSequential(ForEachOps.java:150)
	at java.base/java.util.stream.ForEachOps$ForEachOp$OfRef.evaluateSequential(ForEachOps.java:173)
	at java.base/java.util.stream.AbstractPipeline.evaluate(AbstractPipeline.java:234)
	at java.base/java.util.stream.ReferencePipeline.forEach(ReferencePipeline.java:596)
	at org.eclipse.wildwebdeveloper.xml.internal.XMLExtensionRegistry.getXMLLSClassPathExtensions(XMLExtensionRegistry.java:81)
	at org.eclipse.wildwebdeveloper.xml.internal.XMLLanguageServer.getExtensionJarPaths(XMLLanguageServer.java:142)
	at org.eclipse.wildwebdeveloper.xml.internal.XMLLanguageServer.<init>(XMLLanguageServer.java:83)
	at java.base/jdk.internal.reflect.DirectConstructorHandleAccessor.newInstance(DirectConstructorHandleAccessor.java:67)
	at java.base/java.lang.reflect.Constructor.newInstanceWithCaller(Constructor.java:499)
	at java.base/java.lang.reflect.Constructor.newInstance(Constructor.java:483)
	at org.eclipse.core.internal.registry.osgi.RegistryStrategyOSGI.createExecutableExtension(RegistryStrategyOSGI.java:204)
	at org.eclipse.core.internal.registry.ExtensionRegistry.createExecutableExtension(ExtensionRegistry.java:920)
	at org.eclipse.core.internal.registry.ConfigurationElement.createExecutableExtension(ConfigurationElement.java:246)
	at org.eclipse.core.internal.registry.ConfigurationElementHandle.createExecutableExtension(ConfigurationElementHandle.java:63)
	at org.eclipse.lsp4e.LanguageServersRegistry$ExtensionLanguageServerDefinition.createConnectionProvider(LanguageServersRegistry.java:127)
	at org.eclipse.lsp4e.LanguageServerWrapper.lambda$1(LanguageServerWrapper.java:222)
	at java.base/java.util.concurrent.CompletableFuture$AsyncSupply.run(CompletableFuture.java:1768)
	at java.base/java.util.concurrent.CompletableFuture$AsyncSupply.exec(CompletableFuture.java:1760)
	at java.base/java.util.concurrent.ForkJoinTask.doExec(ForkJoinTask.java:373)
	at java.base/java.util.concurrent.ForkJoinPool$WorkQueue.topLevelExec(ForkJoinPool.java:1182)
	at java.base/java.util.concurrent.ForkJoinPool.scan(ForkJoinPool.java:1655)
	at java.base/java.util.concurrent.ForkJoinPool.runWorker(ForkJoinPool.java:1622)
	at java.base/java.util.concurrent.ForkJoinWorkerThread.run(ForkJoinWorkerThread.java:165)
2022-05-13 10:51:27,133 [ForkJoinPool.commonPool-worker-27] ERROR o.e.m.e.l.MavenRuntimeClasspathProvider - Illegal character in path at index 20: file:/C:/Users/Anesh S M/.p2/pool/plugins/org.eclipse.m2e.maven.runtime_1.18.3.20220227-1319/jars/
java.net.URISyntaxException: Illegal character in path at index 20: file:/C:/Users/Anesh S M/.p2/pool/plugins/org.eclipse.m2e.maven.runtime_1.18.3.20220227-1319/jars/
	at java.base/java.net.URI$Parser.fail(URI.java:2973)
	at java.base/java.net.URI$Parser.checkChars(URI.java:3144)
	at java.base/java.net.URI$Parser.parseHierarchical(URI.java:3226)
	at java.base/java.net.URI$Parser.parse(URI.java:3174)
	at java.base/java.net.URI.<init>(URI.java:623)
	at java.base/java.net.URL.toURI(URL.java:1056)
	at org.eclipse.m2e.editor.lemminx.MavenRuntimeClasspathProvider.addJarsFromBundle(MavenRuntimeClasspathProvider.java:81)
	at org.eclipse.m2e.editor.lemminx.MavenRuntimeClasspathProvider.get(MavenRuntimeClasspathProvider.java:66)
	at org.eclipse.m2e.editor.lemminx.MavenRuntimeClasspathProvider.get(MavenRuntimeClasspathProvider.java:1)
	at java.base/java.util.stream.ReferencePipeline$3$1.accept(ReferencePipeline.java:197)
	at java.base/java.util.stream.ReferencePipeline$3$1.accept(ReferencePipeline.java:197)
	at java.base/java.util.HashMap$EntrySpliterator.forEachRemaining(HashMap.java:1850)
	at java.base/java.util.stream.AbstractPipeline.copyInto(AbstractPipeline.java:509)
	at java.base/java.util.stream.AbstractPipeline.wrapAndCopyInto(AbstractPipeline.java:499)
	at java.base/java.util.stream.ForEachOps$ForEachOp.evaluateSequential(ForEachOps.java:150)
	at java.base/java.util.stream.ForEachOps$ForEachOp$OfRef.evaluateSequential(ForEachOps.java:173)
	at java.base/java.util.stream.AbstractPipeline.evaluate(AbstractPipeline.java:234)
	at java.base/java.util.stream.ReferencePipeline.forEach(ReferencePipeline.java:596)
	at org.eclipse.wildwebdeveloper.xml.internal.XMLExtensionRegistry.getXMLLSClassPathExtensions(XMLExtensionRegistry.java:81)
	at org.eclipse.wildwebdeveloper.xml.internal.XMLLanguageServer.getExtensionJarPaths(XMLLanguageServer.java:142)
	at org.eclipse.wildwebdeveloper.xml.internal.XMLLanguageServer.<init>(XMLLanguageServer.java:83)
	at java.base/jdk.internal.reflect.DirectConstructorHandleAccessor.newInstance(DirectConstructorHandleAccessor.java:67)
	at java.base/java.lang.reflect.Constructor.newInstanceWithCaller(Constructor.java:499)
	at java.base/java.lang.reflect.Constructor.newInstance(Constructor.java:483)
	at org.eclipse.core.internal.registry.osgi.RegistryStrategyOSGI.createExecutableExtension(RegistryStrategyOSGI.java:204)
	at org.eclipse.core.internal.registry.ExtensionRegistry.createExecutableExtension(ExtensionRegistry.java:920)
	at org.eclipse.core.internal.registry.ConfigurationElement.createExecutableExtension(ConfigurationElement.java:246)
	at org.eclipse.core.internal.registry.ConfigurationElementHandle.createExecutableExtension(ConfigurationElementHandle.java:63)
	at org.eclipse.lsp4e.LanguageServersRegistry$ExtensionLanguageServerDefinition.createConnectionProvider(LanguageServersRegistry.java:127)
	at org.eclipse.lsp4e.LanguageServerWrapper.lambda$1(LanguageServerWrapper.java:222)
	at java.base/java.util.concurrent.CompletableFuture$AsyncSupply.run(CompletableFuture.java:1768)
	at java.base/java.util.concurrent.CompletableFuture$AsyncSupply.exec(CompletableFuture.java:1760)
	at java.base/java.util.concurrent.ForkJoinTask.doExec(ForkJoinTask.java:373)
	at java.base/java.util.concurrent.ForkJoinPool$WorkQueue.topLevelExec(ForkJoinPool.java:1182)
	at java.base/java.util.concurrent.ForkJoinPool.scan(ForkJoinPool.java:1655)
	at java.base/java.util.concurrent.ForkJoinPool.runWorker(ForkJoinPool.java:1622)
	at java.base/java.util.concurrent.ForkJoinWorkerThread.run(ForkJoinWorkerThread.java:165)
2022-05-13 10:51:38,161 [ForkJoinPool.commonPool-worker-21] ERROR o.e.m.e.l.MavenRuntimeClasspathProvider - Illegal character in path at index 20: file:/C:/Users/Anesh S M/.p2/pool/plugins/org.eclipse.m2e.maven.runtime_1.18.3.20220227-1319/jars/
java.net.URISyntaxException: Illegal character in path at index 20: file:/C:/Users/Anesh S M/.p2/pool/plugins/org.eclipse.m2e.maven.runtime_1.18.3.20220227-1319/jars/
	at java.base/java.net.URI$Parser.fail(URI.java:2973)
	at java.base/java.net.URI$Parser.checkChars(URI.java:3144)
	at java.base/java.net.URI$Parser.parseHierarchical(URI.java:3226)
	at java.base/java.net.URI$Parser.parse(URI.java:3174)
	at java.base/java.net.URI.<init>(URI.java:623)
	at java.base/java.net.URL.toURI(URL.java:1056)
	at org.eclipse.m2e.editor.lemminx.MavenRuntimeClasspathProvider.addJarsFromBundle(MavenRuntimeClasspathProvider.java:81)
	at org.eclipse.m2e.editor.lemminx.MavenRuntimeClasspathProvider.get(MavenRuntimeClasspathProvider.java:66)
	at org.eclipse.m2e.editor.lemminx.MavenRuntimeClasspathProvider.get(MavenRuntimeClasspathProvider.java:1)
	at java.base/java.util.stream.ReferencePipeline$3$1.accept(ReferencePipeline.java:197)
	at java.base/java.util.stream.ReferencePipeline$3$1.accept(ReferencePipeline.java:197)
	at java.base/java.util.HashMap$EntrySpliterator.forEachRemaining(HashMap.java:1850)
	at java.base/java.util.stream.AbstractPipeline.copyInto(AbstractPipeline.java:509)
	at java.base/java.util.stream.AbstractPipeline.wrapAndCopyInto(AbstractPipeline.java:499)
	at java.base/java.util.stream.ForEachOps$ForEachOp.evaluateSequential(ForEachOps.java:150)
	at java.base/java.util.stream.ForEachOps$ForEachOp$OfRef.evaluateSequential(ForEachOps.java:173)
	at java.base/java.util.stream.AbstractPipeline.evaluate(AbstractPipeline.java:234)
	at java.base/java.util.stream.ReferencePipeline.forEach(ReferencePipeline.java:596)
	at org.eclipse.wildwebdeveloper.xml.internal.XMLExtensionRegistry.getXMLLSClassPathExtensions(XMLExtensionRegistry.java:81)
	at org.eclipse.wildwebdeveloper.xml.internal.XMLLanguageServer.getExtensionJarPaths(XMLLanguageServer.java:142)
	at org.eclipse.wildwebdeveloper.xml.internal.XMLLanguageServer.<init>(XMLLanguageServer.java:83)
	at java.base/jdk.internal.reflect.DirectConstructorHandleAccessor.newInstance(DirectConstructorHandleAccessor.java:67)
	at java.base/java.lang.reflect.Constructor.newInstanceWithCaller(Constructor.java:499)
	at java.base/java.lang.reflect.Constructor.newInstance(Constructor.java:483)
	at org.eclipse.core.internal.registry.osgi.RegistryStrategyOSGI.createExecutableExtension(RegistryStrategyOSGI.java:204)
	at org.eclipse.core.internal.registry.ExtensionRegistry.createExecutableExtension(ExtensionRegistry.java:920)
	at org.eclipse.core.internal.registry.ConfigurationElement.createExecutableExtension(ConfigurationElement.java:246)
	at org.eclipse.core.internal.registry.ConfigurationElementHandle.createExecutableExtension(ConfigurationElementHandle.java:63)
	at org.eclipse.lsp4e.LanguageServersRegistry$ExtensionLanguageServerDefinition.createConnectionProvider(LanguageServersRegistry.java:127)
	at org.eclipse.lsp4e.LanguageServerWrapper.lambda$1(LanguageServerWrapper.java:222)
	at java.base/java.util.concurrent.CompletableFuture$AsyncSupply.run(CompletableFuture.java:1768)
	at java.base/java.util.concurrent.CompletableFuture$AsyncSupply.exec(CompletableFuture.java:1760)
	at java.base/java.util.concurrent.ForkJoinTask.doExec(ForkJoinTask.java:373)
	at java.base/java.util.concurrent.ForkJoinPool$WorkQueue.topLevelExec(ForkJoinPool.java:1182)
	at java.base/java.util.concurrent.ForkJoinPool.scan(ForkJoinPool.java:1655)
	at java.base/java.util.concurrent.ForkJoinPool.runWorker(ForkJoinPool.java:1622)
	at java.base/java.util.concurrent.ForkJoinWorkerThread.run(ForkJoinWorkerThread.java:165)
2022-05-13 11:19:13,835 [ForkJoinPool.commonPool-worker-2] ERROR o.e.m.e.l.MavenRuntimeClasspathProvider - Illegal character in path at index 20: file:/C:/Users/Anesh S M/.p2/pool/plugins/org.eclipse.m2e.maven.runtime_1.18.3.20220227-1319/jars/
java.net.URISyntaxException: Illegal character in path at index 20: file:/C:/Users/Anesh S M/.p2/pool/plugins/org.eclipse.m2e.maven.runtime_1.18.3.20220227-1319/jars/
	at java.base/java.net.URI$Parser.fail(URI.java:2973)
	at java.base/java.net.URI$Parser.checkChars(URI.java:3144)
	at java.base/java.net.URI$Parser.parseHierarchical(URI.java:3226)
	at java.base/java.net.URI$Parser.parse(URI.java:3174)
	at java.base/java.net.URI.<init>(URI.java:623)
	at java.base/java.net.URL.toURI(URL.java:1056)
	at org.eclipse.m2e.editor.lemminx.MavenRuntimeClasspathProvider.addJarsFromBundle(MavenRuntimeClasspathProvider.java:81)
	at org.eclipse.m2e.editor.lemminx.MavenRuntimeClasspathProvider.get(MavenRuntimeClasspathProvider.java:66)
	at org.eclipse.m2e.editor.lemminx.MavenRuntimeClasspathProvider.get(MavenRuntimeClasspathProvider.java:1)
	at java.base/java.util.stream.ReferencePipeline$3$1.accept(ReferencePipeline.java:197)
	at java.base/java.util.stream.ReferencePipeline$3$1.accept(ReferencePipeline.java:197)
	at java.base/java.util.HashMap$EntrySpliterator.forEachRemaining(HashMap.java:1850)
	at java.base/java.util.stream.AbstractPipeline.copyInto(AbstractPipeline.java:509)
	at java.base/java.util.stream.AbstractPipeline.wrapAndCopyInto(AbstractPipeline.java:499)
	at java.base/java.util.stream.ForEachOps$ForEachOp.evaluateSequential(ForEachOps.java:150)
	at java.base/java.util.stream.ForEachOps$ForEachOp$OfRef.evaluateSequential(ForEachOps.java:173)
	at java.base/java.util.stream.AbstractPipeline.evaluate(AbstractPipeline.java:234)
	at java.base/java.util.stream.ReferencePipeline.forEach(ReferencePipeline.java:596)
	at org.eclipse.wildwebdeveloper.xml.internal.XMLExtensionRegistry.getXMLLSClassPathExtensions(XMLExtensionRegistry.java:81)
	at org.eclipse.wildwebdeveloper.xml.internal.XMLLanguageServer.getExtensionJarPaths(XMLLanguageServer.java:142)
	at org.eclipse.wildwebdeveloper.xml.internal.XMLLanguageServer.<init>(XMLLanguageServer.java:83)
	at java.base/jdk.internal.reflect.DirectConstructorHandleAccessor.newInstance(DirectConstructorHandleAccessor.java:67)
	at java.base/java.lang.reflect.Constructor.newInstanceWithCaller(Constructor.java:499)
	at java.base/java.lang.reflect.Constructor.newInstance(Constructor.java:483)
	at org.eclipse.core.internal.registry.osgi.RegistryStrategyOSGI.createExecutableExtension(RegistryStrategyOSGI.java:204)
	at org.eclipse.core.internal.registry.ExtensionRegistry.createExecutableExtension(ExtensionRegistry.java:920)
	at org.eclipse.core.internal.registry.ConfigurationElement.createExecutableExtension(ConfigurationElement.java:246)
	at org.eclipse.core.internal.registry.ConfigurationElementHandle.createExecutableExtension(ConfigurationElementHandle.java:63)
	at org.eclipse.lsp4e.LanguageServersRegistry$ExtensionLanguageServerDefinition.createConnectionProvider(LanguageServersRegistry.java:127)
	at org.eclipse.lsp4e.LanguageServerWrapper.lambda$1(LanguageServerWrapper.java:222)
	at java.base/java.util.concurrent.CompletableFuture$AsyncSupply.run(CompletableFuture.java:1768)
	at java.base/java.util.concurrent.CompletableFuture$AsyncSupply.exec(CompletableFuture.java:1760)
	at java.base/java.util.concurrent.ForkJoinTask.doExec(ForkJoinTask.java:373)
	at java.base/java.util.concurrent.ForkJoinPool$WorkQueue.topLevelExec(ForkJoinPool.java:1182)
	at java.base/java.util.concurrent.ForkJoinPool.scan(ForkJoinPool.java:1655)
	at java.base/java.util.concurrent.ForkJoinPool.runWorker(ForkJoinPool.java:1622)
	at java.base/java.util.concurrent.ForkJoinWorkerThread.run(ForkJoinWorkerThread.java:165)
2022-05-13 11:19:15,161 [Worker-4: Loading available Gradle versions] INFO  o.e.b.c.i.u.g.PublishedGradleVersions - Gradle version information cache is out-of-date. Trying to update.
2022-05-13 11:20:18,130 [ForkJoinPool.commonPool-worker-6] ERROR o.e.m.e.l.MavenRuntimeClasspathProvider - Illegal character in path at index 20: file:/C:/Users/Anesh S M/.p2/pool/plugins/org.eclipse.m2e.maven.runtime_1.18.3.20220227-1319/jars/
java.net.URISyntaxException: Illegal character in path at index 20: file:/C:/Users/Anesh S M/.p2/pool/plugins/org.eclipse.m2e.maven.runtime_1.18.3.20220227-1319/jars/
	at java.base/java.net.URI$Parser.fail(URI.java:2973)
	at java.base/java.net.URI$Parser.checkChars(URI.java:3144)
	at java.base/java.net.URI$Parser.parseHierarchical(URI.java:3226)
	at java.base/java.net.URI$Parser.parse(URI.java:3174)
	at java.base/java.net.URI.<init>(URI.java:623)
	at java.base/java.net.URL.toURI(URL.java:1056)
	at org.eclipse.m2e.editor.lemminx.MavenRuntimeClasspathProvider.addJarsFromBundle(MavenRuntimeClasspathProvider.java:81)
	at org.eclipse.m2e.editor.lemminx.MavenRuntimeClasspathProvider.get(MavenRuntimeClasspathProvider.java:66)
	at org.eclipse.m2e.editor.lemminx.MavenRuntimeClasspathProvider.get(MavenRuntimeClasspathProvider.java:1)
	at java.base/java.util.stream.ReferencePipeline$3$1.accept(ReferencePipeline.java:197)
	at java.base/java.util.stream.ReferencePipeline$3$1.accept(ReferencePipeline.java:197)
	at java.base/java.util.HashMap$EntrySpliterator.forEachRemaining(HashMap.java:1850)
	at java.base/java.util.stream.AbstractPipeline.copyInto(AbstractPipeline.java:509)
	at java.base/java.util.stream.AbstractPipeline.wrapAndCopyInto(AbstractPipeline.java:499)
	at java.base/java.util.stream.ForEachOps$ForEachOp.evaluateSequential(ForEachOps.java:150)
	at java.base/java.util.stream.ForEachOps$ForEachOp$OfRef.evaluateSequential(ForEachOps.java:173)
	at java.base/java.util.stream.AbstractPipeline.evaluate(AbstractPipeline.java:234)
	at java.base/java.util.stream.ReferencePipeline.forEach(ReferencePipeline.java:596)
	at org.eclipse.wildwebdeveloper.xml.internal.XMLExtensionRegistry.getXMLLSClassPathExtensions(XMLExtensionRegistry.java:81)
	at org.eclipse.wildwebdeveloper.xml.internal.XMLLanguageServer.getExtensionJarPaths(XMLLanguageServer.java:142)
	at org.eclipse.wildwebdeveloper.xml.internal.XMLLanguageServer.<init>(XMLLanguageServer.java:83)
	at java.base/jdk.internal.reflect.DirectConstructorHandleAccessor.newInstance(DirectConstructorHandleAccessor.java:67)
	at java.base/java.lang.reflect.Constructor.newInstanceWithCaller(Constructor.java:499)
	at java.base/java.lang.reflect.Constructor.newInstance(Constructor.java:483)
	at org.eclipse.core.internal.registry.osgi.RegistryStrategyOSGI.createExecutableExtension(RegistryStrategyOSGI.java:204)
	at org.eclipse.core.internal.registry.ExtensionRegistry.createExecutableExtension(ExtensionRegistry.java:920)
	at org.eclipse.core.internal.registry.ConfigurationElement.createExecutableExtension(ConfigurationElement.java:246)
	at org.eclipse.core.internal.registry.ConfigurationElementHandle.createExecutableExtension(ConfigurationElementHandle.java:63)
	at org.eclipse.lsp4e.LanguageServersRegistry$ExtensionLanguageServerDefinition.createConnectionProvider(LanguageServersRegistry.java:127)
	at org.eclipse.lsp4e.LanguageServerWrapper.lambda$1(LanguageServerWrapper.java:222)
	at java.base/java.util.concurrent.CompletableFuture$AsyncSupply.run(CompletableFuture.java:1768)
	at java.base/java.util.concurrent.CompletableFuture$AsyncSupply.exec(CompletableFuture.java:1760)
	at java.base/java.util.concurrent.ForkJoinTask.doExec(ForkJoinTask.java:373)
	at java.base/java.util.concurrent.ForkJoinPool$WorkQueue.topLevelExec(ForkJoinPool.java:1182)
	at java.base/java.util.concurrent.ForkJoinPool.scan(ForkJoinPool.java:1655)
	at java.base/java.util.concurrent.ForkJoinPool.runWorker(ForkJoinPool.java:1622)
	at java.base/java.util.concurrent.ForkJoinWorkerThread.run(ForkJoinWorkerThread.java:165)
2022-05-13 11:36:38,267 [ForkJoinPool.commonPool-worker-13] ERROR o.e.m.e.l.MavenRuntimeClasspathProvider - Illegal character in path at index 20: file:/C:/Users/Anesh S M/.p2/pool/plugins/org.eclipse.m2e.maven.runtime_1.18.3.20220227-1319/jars/
java.net.URISyntaxException: Illegal character in path at index 20: file:/C:/Users/Anesh S M/.p2/pool/plugins/org.eclipse.m2e.maven.runtime_1.18.3.20220227-1319/jars/
	at java.base/java.net.URI$Parser.fail(URI.java:2973)
	at java.base/java.net.URI$Parser.checkChars(URI.java:3144)
	at java.base/java.net.URI$Parser.parseHierarchical(URI.java:3226)
	at java.base/java.net.URI$Parser.parse(URI.java:3174)
	at java.base/java.net.URI.<init>(URI.java:623)
	at java.base/java.net.URL.toURI(URL.java:1056)
	at org.eclipse.m2e.editor.lemminx.MavenRuntimeClasspathProvider.addJarsFromBundle(MavenRuntimeClasspathProvider.java:81)
	at org.eclipse.m2e.editor.lemminx.MavenRuntimeClasspathProvider.get(MavenRuntimeClasspathProvider.java:66)
	at org.eclipse.m2e.editor.lemminx.MavenRuntimeClasspathProvider.get(MavenRuntimeClasspathProvider.java:1)
	at java.base/java.util.stream.ReferencePipeline$3$1.accept(ReferencePipeline.java:197)
	at java.base/java.util.stream.ReferencePipeline$3$1.accept(ReferencePipeline.java:197)
	at java.base/java.util.HashMap$EntrySpliterator.forEachRemaining(HashMap.java:1850)
	at java.base/java.util.stream.AbstractPipeline.copyInto(AbstractPipeline.java:509)
	at java.base/java.util.stream.AbstractPipeline.wrapAndCopyInto(AbstractPipeline.java:499)
	at java.base/java.util.stream.ForEachOps$ForEachOp.evaluateSequential(ForEachOps.java:150)
	at java.base/java.util.stream.ForEachOps$ForEachOp$OfRef.evaluateSequential(ForEachOps.java:173)
	at java.base/java.util.stream.AbstractPipeline.evaluate(AbstractPipeline.java:234)
	at java.base/java.util.stream.ReferencePipeline.forEach(ReferencePipeline.java:596)
	at org.eclipse.wildwebdeveloper.xml.internal.XMLExtensionRegistry.getXMLLSClassPathExtensions(XMLExtensionRegistry.java:81)
	at org.eclipse.wildwebdeveloper.xml.internal.XMLLanguageServer.getExtensionJarPaths(XMLLanguageServer.java:142)
	at org.eclipse.wildwebdeveloper.xml.internal.XMLLanguageServer.<init>(XMLLanguageServer.java:83)
	at java.base/jdk.internal.reflect.DirectConstructorHandleAccessor.newInstance(DirectConstructorHandleAccessor.java:67)
	at java.base/java.lang.reflect.Constructor.newInstanceWithCaller(Constructor.java:499)
	at java.base/java.lang.reflect.Constructor.newInstance(Constructor.java:483)
	at org.eclipse.core.internal.registry.osgi.RegistryStrategyOSGI.createExecutableExtension(RegistryStrategyOSGI.java:204)
	at org.eclipse.core.internal.registry.ExtensionRegistry.createExecutableExtension(ExtensionRegistry.java:920)
	at org.eclipse.core.internal.registry.ConfigurationElement.createExecutableExtension(ConfigurationElement.java:246)
	at org.eclipse.core.internal.registry.ConfigurationElementHandle.createExecutableExtension(ConfigurationElementHandle.java:63)
	at org.eclipse.lsp4e.LanguageServersRegistry$ExtensionLanguageServerDefinition.createConnectionProvider(LanguageServersRegistry.java:127)
	at org.eclipse.lsp4e.LanguageServerWrapper.lambda$1(LanguageServerWrapper.java:222)
	at java.base/java.util.concurrent.CompletableFuture$AsyncSupply.run(CompletableFuture.java:1768)
	at java.base/java.util.concurrent.CompletableFuture$AsyncSupply.exec(CompletableFuture.java:1760)
	at java.base/java.util.concurrent.ForkJoinTask.doExec(ForkJoinTask.java:373)
	at java.base/java.util.concurrent.ForkJoinPool$WorkQueue.topLevelExec(ForkJoinPool.java:1182)
	at java.base/java.util.concurrent.ForkJoinPool.scan(ForkJoinPool.java:1655)
	at java.base/java.util.concurrent.ForkJoinPool.runWorker(ForkJoinPool.java:1622)
	at java.base/java.util.concurrent.ForkJoinWorkerThread.run(ForkJoinWorkerThread.java:165)
2022-05-13 11:50:37,529 [Worker-4: Loading available Gradle versions] INFO  o.e.b.c.i.u.g.PublishedGradleVersions - Gradle version information cache is up-to-date. Trying to read.
2022-05-13 11:50:39,854 [Worker-7: Building] WARN  o.e.m.c.i.embedder.EclipseLogger - Using platform encoding (UTF-8 actually) to copy filtered resources, i.e. build is platform dependent!
2022-05-13 11:50:39,857 [Worker-7: Building] INFO  o.e.m.c.i.embedder.EclipseLogger - skip non existing resourceDirectory A:\Documents\Training\Spring\eclipse-workspace\projects\src\main\resources
2022-05-13 11:50:39,860 [Worker-7: Building] WARN  o.e.m.c.i.embedder.EclipseLogger - Using platform encoding (UTF-8 actually) to copy filtered resources, i.e. build is platform dependent!
2022-05-13 11:50:39,861 [Worker-7: Building] INFO  o.e.m.c.i.embedder.EclipseLogger - skip non existing resourceDirectory A:\Documents\Training\Spring\eclipse-workspace\projects\src\test\resources
2022-05-13 11:52:44,146 [ForkJoinPool.commonPool-worker-3] ERROR o.e.m.e.l.MavenRuntimeClasspathProvider - Illegal character in path at index 20: file:/C:/Users/Anesh S M/.p2/pool/plugins/org.eclipse.m2e.maven.runtime_1.18.3.20220227-1319/jars/
java.net.URISyntaxException: Illegal character in path at index 20: file:/C:/Users/Anesh S M/.p2/pool/plugins/org.eclipse.m2e.maven.runtime_1.18.3.20220227-1319/jars/
	at java.base/java.net.URI$Parser.fail(URI.java:2973)
	at java.base/java.net.URI$Parser.checkChars(URI.java:3144)
	at java.base/java.net.URI$Parser.parseHierarchical(URI.java:3226)
	at java.base/java.net.URI$Parser.parse(URI.java:3174)
	at java.base/java.net.URI.<init>(URI.java:623)
	at java.base/java.net.URL.toURI(URL.java:1056)
	at org.eclipse.m2e.editor.lemminx.MavenRuntimeClasspathProvider.addJarsFromBundle(MavenRuntimeClasspathProvider.java:81)
	at org.eclipse.m2e.editor.lemminx.MavenRuntimeClasspathProvider.get(MavenRuntimeClasspathProvider.java:66)
	at org.eclipse.m2e.editor.lemminx.MavenRuntimeClasspathProvider.get(MavenRuntimeClasspathProvider.java:1)
	at java.base/java.util.stream.ReferencePipeline$3$1.accept(ReferencePipeline.java:197)
	at java.base/java.util.stream.ReferencePipeline$3$1.accept(ReferencePipeline.java:197)
	at java.base/java.util.HashMap$EntrySpliterator.forEachRemaining(HashMap.java:1850)
	at java.base/java.util.stream.AbstractPipeline.copyInto(AbstractPipeline.java:509)
	at java.base/java.util.stream.AbstractPipeline.wrapAndCopyInto(AbstractPipeline.java:499)
	at java.base/java.util.stream.ForEachOps$ForEachOp.evaluateSequential(ForEachOps.java:150)
	at java.base/java.util.stream.ForEachOps$ForEachOp$OfRef.evaluateSequential(ForEachOps.java:173)
	at java.base/java.util.stream.AbstractPipeline.evaluate(AbstractPipeline.java:234)
	at java.base/java.util.stream.ReferencePipeline.forEach(ReferencePipeline.java:596)
	at org.eclipse.wildwebdeveloper.xml.internal.XMLExtensionRegistry.getXMLLSClassPathExtensions(XMLExtensionRegistry.java:81)
	at org.eclipse.wildwebdeveloper.xml.internal.XMLLanguageServer.getExtensionJarPaths(XMLLanguageServer.java:142)
	at org.eclipse.wildwebdeveloper.xml.internal.XMLLanguageServer.<init>(XMLLanguageServer.java:83)
	at java.base/jdk.internal.reflect.DirectConstructorHandleAccessor.newInstance(DirectConstructorHandleAccessor.java:67)
	at java.base/java.lang.reflect.Constructor.newInstanceWithCaller(Constructor.java:499)
	at java.base/java.lang.reflect.Constructor.newInstance(Constructor.java:483)
	at org.eclipse.core.internal.registry.osgi.RegistryStrategyOSGI.createExecutableExtension(RegistryStrategyOSGI.java:204)
	at org.eclipse.core.internal.registry.ExtensionRegistry.createExecutableExtension(ExtensionRegistry.java:920)
	at org.eclipse.core.internal.registry.ConfigurationElement.createExecutableExtension(ConfigurationElement.java:246)
	at org.eclipse.core.internal.registry.ConfigurationElementHandle.createExecutableExtension(ConfigurationElementHandle.java:63)
	at org.eclipse.lsp4e.LanguageServersRegistry$ExtensionLanguageServerDefinition.createConnectionProvider(LanguageServersRegistry.java:127)
	at org.eclipse.lsp4e.LanguageServerWrapper.lambda$1(LanguageServerWrapper.java:222)
	at java.base/java.util.concurrent.CompletableFuture$AsyncSupply.run(CompletableFuture.java:1768)
	at java.base/java.util.concurrent.CompletableFuture$AsyncSupply.exec(CompletableFuture.java:1760)
	at java.base/java.util.concurrent.ForkJoinTask.doExec(ForkJoinTask.java:373)
	at java.base/java.util.concurrent.ForkJoinPool$WorkQueue.topLevelExec(ForkJoinPool.java:1182)
	at java.base/java.util.concurrent.ForkJoinPool.scan(ForkJoinPool.java:1655)
	at java.base/java.util.concurrent.ForkJoinPool.runWorker(ForkJoinPool.java:1622)
	at java.base/java.util.concurrent.ForkJoinWorkerThread.run(ForkJoinWorkerThread.java:165)
2022-05-13 12:26:54,177 [ForkJoinPool.commonPool-worker-23] ERROR o.e.m.e.l.MavenRuntimeClasspathProvider - Illegal character in path at index 20: file:/C:/Users/Anesh S M/.p2/pool/plugins/org.eclipse.m2e.maven.runtime_1.18.3.20220227-1319/jars/
java.net.URISyntaxException: Illegal character in path at index 20: file:/C:/Users/Anesh S M/.p2/pool/plugins/org.eclipse.m2e.maven.runtime_1.18.3.20220227-1319/jars/
	at java.base/java.net.URI$Parser.fail(URI.java:2973)
	at java.base/java.net.URI$Parser.checkChars(URI.java:3144)
	at java.base/java.net.URI$Parser.parseHierarchical(URI.java:3226)
	at java.base/java.net.URI$Parser.parse(URI.java:3174)
	at java.base/java.net.URI.<init>(URI.java:623)
	at java.base/java.net.URL.toURI(URL.java:1056)
	at org.eclipse.m2e.editor.lemminx.MavenRuntimeClasspathProvider.addJarsFromBundle(MavenRuntimeClasspathProvider.java:81)
	at org.eclipse.m2e.editor.lemminx.MavenRuntimeClasspathProvider.get(MavenRuntimeClasspathProvider.java:66)
	at org.eclipse.m2e.editor.lemminx.MavenRuntimeClasspathProvider.get(MavenRuntimeClasspathProvider.java:1)
	at java.base/java.util.stream.ReferencePipeline$3$1.accept(ReferencePipeline.java:197)
	at java.base/java.util.stream.ReferencePipeline$3$1.accept(ReferencePipeline.java:197)
	at java.base/java.util.HashMap$EntrySpliterator.forEachRemaining(HashMap.java:1850)
	at java.base/java.util.stream.AbstractPipeline.copyInto(AbstractPipeline.java:509)
	at java.base/java.util.stream.AbstractPipeline.wrapAndCopyInto(AbstractPipeline.java:499)
	at java.base/java.util.stream.ForEachOps$ForEachOp.evaluateSequential(ForEachOps.java:150)
	at java.base/java.util.stream.ForEachOps$ForEachOp$OfRef.evaluateSequential(ForEachOps.java:173)
	at java.base/java.util.stream.AbstractPipeline.evaluate(AbstractPipeline.java:234)
	at java.base/java.util.stream.ReferencePipeline.forEach(ReferencePipeline.java:596)
	at org.eclipse.wildwebdeveloper.xml.internal.XMLExtensionRegistry.getXMLLSClassPathExtensions(XMLExtensionRegistry.java:81)
	at org.eclipse.wildwebdeveloper.xml.internal.XMLLanguageServer.getExtensionJarPaths(XMLLanguageServer.java:142)
	at org.eclipse.wildwebdeveloper.xml.internal.XMLLanguageServer.<init>(XMLLanguageServer.java:83)
	at java.base/jdk.internal.reflect.DirectConstructorHandleAccessor.newInstance(DirectConstructorHandleAccessor.java:67)
	at java.base/java.lang.reflect.Constructor.newInstanceWithCaller(Constructor.java:499)
	at java.base/java.lang.reflect.Constructor.newInstance(Constructor.java:483)
	at org.eclipse.core.internal.registry.osgi.RegistryStrategyOSGI.createExecutableExtension(RegistryStrategyOSGI.java:204)
	at org.eclipse.core.internal.registry.ExtensionRegistry.createExecutableExtension(ExtensionRegistry.java:920)
	at org.eclipse.core.internal.registry.ConfigurationElement.createExecutableExtension(ConfigurationElement.java:246)
	at org.eclipse.core.internal.registry.ConfigurationElementHandle.createExecutableExtension(ConfigurationElementHandle.java:63)
	at org.eclipse.lsp4e.LanguageServersRegistry$ExtensionLanguageServerDefinition.createConnectionProvider(LanguageServersRegistry.java:127)
	at org.eclipse.lsp4e.LanguageServerWrapper.lambda$1(LanguageServerWrapper.java:222)
	at java.base/java.util.concurrent.CompletableFuture$AsyncSupply.run(CompletableFuture.java:1768)
	at java.base/java.util.concurrent.CompletableFuture$AsyncSupply.exec(CompletableFuture.java:1760)
	at java.base/java.util.concurrent.ForkJoinTask.doExec(ForkJoinTask.java:373)
	at java.base/java.util.concurrent.ForkJoinPool$WorkQueue.topLevelExec(ForkJoinPool.java:1182)
	at java.base/java.util.concurrent.ForkJoinPool.scan(ForkJoinPool.java:1655)
	at java.base/java.util.concurrent.ForkJoinPool.runWorker(ForkJoinPool.java:1622)
	at java.base/java.util.concurrent.ForkJoinWorkerThread.run(ForkJoinWorkerThread.java:165)
2022-05-13 12:38:03,582 [Worker-0: Loading available Gradle versions] INFO  o.e.b.c.i.u.g.PublishedGradleVersions - Gradle version information cache is up-to-date. Trying to read.
2022-05-13 12:39:16,995 [ForkJoinPool.commonPool-worker-4] ERROR o.e.m.e.l.MavenRuntimeClasspathProvider - Illegal character in path at index 20: file:/C:/Users/Anesh S M/.p2/pool/plugins/org.eclipse.m2e.maven.runtime_1.18.3.20220227-1319/jars/
java.net.URISyntaxException: Illegal character in path at index 20: file:/C:/Users/Anesh S M/.p2/pool/plugins/org.eclipse.m2e.maven.runtime_1.18.3.20220227-1319/jars/
	at java.base/java.net.URI$Parser.fail(URI.java:2973)
	at java.base/java.net.URI$Parser.checkChars(URI.java:3144)
	at java.base/java.net.URI$Parser.parseHierarchical(URI.java:3226)
	at java.base/java.net.URI$Parser.parse(URI.java:3174)
	at java.base/java.net.URI.<init>(URI.java:623)
	at java.base/java.net.URL.toURI(URL.java:1056)
	at org.eclipse.m2e.editor.lemminx.MavenRuntimeClasspathProvider.addJarsFromBundle(MavenRuntimeClasspathProvider.java:81)
	at org.eclipse.m2e.editor.lemminx.MavenRuntimeClasspathProvider.get(MavenRuntimeClasspathProvider.java:66)
	at org.eclipse.m2e.editor.lemminx.MavenRuntimeClasspathProvider.get(MavenRuntimeClasspathProvider.java:1)
	at java.base/java.util.stream.ReferencePipeline$3$1.accept(ReferencePipeline.java:197)
	at java.base/java.util.stream.ReferencePipeline$3$1.accept(ReferencePipeline.java:197)
	at java.base/java.util.HashMap$EntrySpliterator.forEachRemaining(HashMap.java:1850)
	at java.base/java.util.stream.AbstractPipeline.copyInto(AbstractPipeline.java:509)
	at java.base/java.util.stream.AbstractPipeline.wrapAndCopyInto(AbstractPipeline.java:499)
	at java.base/java.util.stream.ForEachOps$ForEachOp.evaluateSequential(ForEachOps.java:150)
	at java.base/java.util.stream.ForEachOps$ForEachOp$OfRef.evaluateSequential(ForEachOps.java:173)
	at java.base/java.util.stream.AbstractPipeline.evaluate(AbstractPipeline.java:234)
	at java.base/java.util.stream.ReferencePipeline.forEach(ReferencePipeline.java:596)
	at org.eclipse.wildwebdeveloper.xml.internal.XMLExtensionRegistry.getXMLLSClassPathExtensions(XMLExtensionRegistry.java:81)
	at org.eclipse.wildwebdeveloper.xml.internal.XMLLanguageServer.getExtensionJarPaths(XMLLanguageServer.java:142)
	at org.eclipse.wildwebdeveloper.xml.internal.XMLLanguageServer.<init>(XMLLanguageServer.java:83)
	at java.base/jdk.internal.reflect.DirectConstructorHandleAccessor.newInstance(DirectConstructorHandleAccessor.java:67)
	at java.base/java.lang.reflect.Constructor.newInstanceWithCaller(Constructor.java:499)
	at java.base/java.lang.reflect.Constructor.newInstance(Constructor.java:483)
	at org.eclipse.core.internal.registry.osgi.RegistryStrategyOSGI.createExecutableExtension(RegistryStrategyOSGI.java:204)
	at org.eclipse.core.internal.registry.ExtensionRegistry.createExecutableExtension(ExtensionRegistry.java:920)
	at org.eclipse.core.internal.registry.ConfigurationElement.createExecutableExtension(ConfigurationElement.java:246)
	at org.eclipse.core.internal.registry.ConfigurationElementHandle.createExecutableExtension(ConfigurationElementHandle.java:63)
	at org.eclipse.lsp4e.LanguageServersRegistry$ExtensionLanguageServerDefinition.createConnectionProvider(LanguageServersRegistry.java:127)
	at org.eclipse.lsp4e.LanguageServerWrapper.lambda$1(LanguageServerWrapper.java:222)
	at java.base/java.util.concurrent.CompletableFuture$AsyncSupply.run(CompletableFuture.java:1768)
	at java.base/java.util.concurrent.CompletableFuture$AsyncSupply.exec(CompletableFuture.java:1760)
	at java.base/java.util.concurrent.ForkJoinTask.doExec(ForkJoinTask.java:373)
	at java.base/java.util.concurrent.ForkJoinPool$WorkQueue.topLevelExec(ForkJoinPool.java:1182)
	at java.base/java.util.concurrent.ForkJoinPool.scan(ForkJoinPool.java:1655)
	at java.base/java.util.concurrent.ForkJoinPool.runWorker(ForkJoinPool.java:1622)
	at java.base/java.util.concurrent.ForkJoinWorkerThread.run(ForkJoinWorkerThread.java:165)
2022-05-13 12:41:25,846 [ForkJoinPool.commonPool-worker-10] ERROR o.e.m.e.l.MavenRuntimeClasspathProvider - Illegal character in path at index 20: file:/C:/Users/Anesh S M/.p2/pool/plugins/org.eclipse.m2e.maven.runtime_1.18.3.20220227-1319/jars/
java.net.URISyntaxException: Illegal character in path at index 20: file:/C:/Users/Anesh S M/.p2/pool/plugins/org.eclipse.m2e.maven.runtime_1.18.3.20220227-1319/jars/
	at java.base/java.net.URI$Parser.fail(URI.java:2973)
	at java.base/java.net.URI$Parser.checkChars(URI.java:3144)
	at java.base/java.net.URI$Parser.parseHierarchical(URI.java:3226)
	at java.base/java.net.URI$Parser.parse(URI.java:3174)
	at java.base/java.net.URI.<init>(URI.java:623)
	at java.base/java.net.URL.toURI(URL.java:1056)
	at org.eclipse.m2e.editor.lemminx.MavenRuntimeClasspathProvider.addJarsFromBundle(MavenRuntimeClasspathProvider.java:81)
	at org.eclipse.m2e.editor.lemminx.MavenRuntimeClasspathProvider.get(MavenRuntimeClasspathProvider.java:66)
	at org.eclipse.m2e.editor.lemminx.MavenRuntimeClasspathProvider.get(MavenRuntimeClasspathProvider.java:1)
	at java.base/java.util.stream.ReferencePipeline$3$1.accept(ReferencePipeline.java:197)
	at java.base/java.util.stream.ReferencePipeline$3$1.accept(ReferencePipeline.java:197)
	at java.base/java.util.HashMap$EntrySpliterator.forEachRemaining(HashMap.java:1850)
	at java.base/java.util.stream.AbstractPipeline.copyInto(AbstractPipeline.java:509)
	at java.base/java.util.stream.AbstractPipeline.wrapAndCopyInto(AbstractPipeline.java:499)
	at java.base/java.util.stream.ForEachOps$ForEachOp.evaluateSequential(ForEachOps.java:150)
	at java.base/java.util.stream.ForEachOps$ForEachOp$OfRef.evaluateSequential(ForEachOps.java:173)
	at java.base/java.util.stream.AbstractPipeline.evaluate(AbstractPipeline.java:234)
	at java.base/java.util.stream.ReferencePipeline.forEach(ReferencePipeline.java:596)
	at org.eclipse.wildwebdeveloper.xml.internal.XMLExtensionRegistry.getXMLLSClassPathExtensions(XMLExtensionRegistry.java:81)
	at org.eclipse.wildwebdeveloper.xml.internal.XMLLanguageServer.getExtensionJarPaths(XMLLanguageServer.java:142)
	at org.eclipse.wildwebdeveloper.xml.internal.XMLLanguageServer.<init>(XMLLanguageServer.java:83)
	at java.base/jdk.internal.reflect.DirectConstructorHandleAccessor.newInstance(DirectConstructorHandleAccessor.java:67)
	at java.base/java.lang.reflect.Constructor.newInstanceWithCaller(Constructor.java:499)
	at java.base/java.lang.reflect.Constructor.newInstance(Constructor.java:483)
	at org.eclipse.core.internal.registry.osgi.RegistryStrategyOSGI.createExecutableExtension(RegistryStrategyOSGI.java:204)
	at org.eclipse.core.internal.registry.ExtensionRegistry.createExecutableExtension(ExtensionRegistry.java:920)
	at org.eclipse.core.internal.registry.ConfigurationElement.createExecutableExtension(ConfigurationElement.java:246)
	at org.eclipse.core.internal.registry.ConfigurationElementHandle.createExecutableExtension(ConfigurationElementHandle.java:63)
	at org.eclipse.lsp4e.LanguageServersRegistry$ExtensionLanguageServerDefinition.createConnectionProvider(LanguageServersRegistry.java:127)
	at org.eclipse.lsp4e.LanguageServerWrapper.lambda$1(LanguageServerWrapper.java:222)
	at java.base/java.util.concurrent.CompletableFuture$AsyncSupply.run(CompletableFuture.java:1768)
	at java.base/java.util.concurrent.CompletableFuture$AsyncSupply.exec(CompletableFuture.java:1760)
	at java.base/java.util.concurrent.ForkJoinTask.doExec(ForkJoinTask.java:373)
	at java.base/java.util.concurrent.ForkJoinPool$WorkQueue.topLevelExec(ForkJoinPool.java:1182)
	at java.base/java.util.concurrent.ForkJoinPool.scan(ForkJoinPool.java:1655)
	at java.base/java.util.concurrent.ForkJoinPool.runWorker(ForkJoinPool.java:1622)
	at java.base/java.util.concurrent.ForkJoinWorkerThread.run(ForkJoinWorkerThread.java:165)
2022-05-13 14:47:02,909 [ForkJoinPool.commonPool-worker-3] ERROR o.e.m.e.l.MavenRuntimeClasspathProvider - Illegal character in path at index 20: file:/C:/Users/Anesh S M/.p2/pool/plugins/org.eclipse.m2e.maven.runtime_1.18.3.20220227-1319/jars/
java.net.URISyntaxException: Illegal character in path at index 20: file:/C:/Users/Anesh S M/.p2/pool/plugins/org.eclipse.m2e.maven.runtime_1.18.3.20220227-1319/jars/
	at java.base/java.net.URI$Parser.fail(URI.java:2973)
	at java.base/java.net.URI$Parser.checkChars(URI.java:3144)
	at java.base/java.net.URI$Parser.parseHierarchical(URI.java:3226)
	at java.base/java.net.URI$Parser.parse(URI.java:3174)
	at java.base/java.net.URI.<init>(URI.java:623)
	at java.base/java.net.URL.toURI(URL.java:1056)
	at org.eclipse.m2e.editor.lemminx.MavenRuntimeClasspathProvider.addJarsFromBundle(MavenRuntimeClasspathProvider.java:81)
	at org.eclipse.m2e.editor.lemminx.MavenRuntimeClasspathProvider.get(MavenRuntimeClasspathProvider.java:66)
	at org.eclipse.m2e.editor.lemminx.MavenRuntimeClasspathProvider.get(MavenRuntimeClasspathProvider.java:1)
	at java.base/java.util.stream.ReferencePipeline$3$1.accept(ReferencePipeline.java:197)
	at java.base/java.util.stream.ReferencePipeline$3$1.accept(ReferencePipeline.java:197)
	at java.base/java.util.HashMap$EntrySpliterator.forEachRemaining(HashMap.java:1850)
	at java.base/java.util.stream.AbstractPipeline.copyInto(AbstractPipeline.java:509)
	at java.base/java.util.stream.AbstractPipeline.wrapAndCopyInto(AbstractPipeline.java:499)
	at java.base/java.util.stream.ForEachOps$ForEachOp.evaluateSequential(ForEachOps.java:150)
	at java.base/java.util.stream.ForEachOps$ForEachOp$OfRef.evaluateSequential(ForEachOps.java:173)
	at java.base/java.util.stream.AbstractPipeline.evaluate(AbstractPipeline.java:234)
	at java.base/java.util.stream.ReferencePipeline.forEach(ReferencePipeline.java:596)
	at org.eclipse.wildwebdeveloper.xml.internal.XMLExtensionRegistry.getXMLLSClassPathExtensions(XMLExtensionRegistry.java:81)
	at org.eclipse.wildwebdeveloper.xml.internal.XMLLanguageServer.getExtensionJarPaths(XMLLanguageServer.java:142)
	at org.eclipse.wildwebdeveloper.xml.internal.XMLLanguageServer.<init>(XMLLanguageServer.java:83)
	at java.base/jdk.internal.reflect.DirectConstructorHandleAccessor.newInstance(DirectConstructorHandleAccessor.java:67)
	at java.base/java.lang.reflect.Constructor.newInstanceWithCaller(Constructor.java:499)
	at java.base/java.lang.reflect.Constructor.newInstance(Constructor.java:483)
	at org.eclipse.core.internal.registry.osgi.RegistryStrategyOSGI.createExecutableExtension(RegistryStrategyOSGI.java:204)
	at org.eclipse.core.internal.registry.ExtensionRegistry.createExecutableExtension(ExtensionRegistry.java:920)
	at org.eclipse.core.internal.registry.ConfigurationElement.createExecutableExtension(ConfigurationElement.java:246)
	at org.eclipse.core.internal.registry.ConfigurationElementHandle.createExecutableExtension(ConfigurationElementHandle.java:63)
	at org.eclipse.lsp4e.LanguageServersRegistry$ExtensionLanguageServerDefinition.createConnectionProvider(LanguageServersRegistry.java:127)
	at org.eclipse.lsp4e.LanguageServerWrapper.lambda$1(LanguageServerWrapper.java:222)
	at java.base/java.util.concurrent.CompletableFuture$AsyncSupply.run(CompletableFuture.java:1768)
	at java.base/java.util.concurrent.CompletableFuture$AsyncSupply.exec(CompletableFuture.java:1760)
	at java.base/java.util.concurrent.ForkJoinTask.doExec(ForkJoinTask.java:373)
	at java.base/java.util.concurrent.ForkJoinPool$WorkQueue.topLevelExec(ForkJoinPool.java:1182)
	at java.base/java.util.concurrent.ForkJoinPool.scan(ForkJoinPool.java:1655)
	at java.base/java.util.concurrent.ForkJoinPool.runWorker(ForkJoinPool.java:1622)
	at java.base/java.util.concurrent.ForkJoinWorkerThread.run(ForkJoinWorkerThread.java:165)
2022-05-13 14:47:04,792 [Worker-4: Loading available Gradle versions] INFO  o.e.b.c.i.u.g.PublishedGradleVersions - Gradle version information cache is up-to-date. Trying to read.
2022-05-14 14:46:18,512 [ForkJoinPool.commonPool-worker-6] ERROR o.e.m.e.l.MavenRuntimeClasspathProvider - Illegal character in path at index 20: file:/C:/Users/Anesh S M/.p2/pool/plugins/org.eclipse.m2e.maven.runtime_1.18.3.20220227-1319/jars/
java.net.URISyntaxException: Illegal character in path at index 20: file:/C:/Users/Anesh S M/.p2/pool/plugins/org.eclipse.m2e.maven.runtime_1.18.3.20220227-1319/jars/
	at java.base/java.net.URI$Parser.fail(URI.java:2973)
	at java.base/java.net.URI$Parser.checkChars(URI.java:3144)
	at java.base/java.net.URI$Parser.parseHierarchical(URI.java:3226)
	at java.base/java.net.URI$Parser.parse(URI.java:3174)
	at java.base/java.net.URI.<init>(URI.java:623)
	at java.base/java.net.URL.toURI(URL.java:1056)
	at org.eclipse.m2e.editor.lemminx.MavenRuntimeClasspathProvider.addJarsFromBundle(MavenRuntimeClasspathProvider.java:81)
	at org.eclipse.m2e.editor.lemminx.MavenRuntimeClasspathProvider.get(MavenRuntimeClasspathProvider.java:66)
	at org.eclipse.m2e.editor.lemminx.MavenRuntimeClasspathProvider.get(MavenRuntimeClasspathProvider.java:1)
	at java.base/java.util.stream.ReferencePipeline$3$1.accept(ReferencePipeline.java:197)
	at java.base/java.util.stream.ReferencePipeline$3$1.accept(ReferencePipeline.java:197)
	at java.base/java.util.HashMap$EntrySpliterator.forEachRemaining(HashMap.java:1850)
	at java.base/java.util.stream.AbstractPipeline.copyInto(AbstractPipeline.java:509)
	at java.base/java.util.stream.AbstractPipeline.wrapAndCopyInto(AbstractPipeline.java:499)
	at java.base/java.util.stream.ForEachOps$ForEachOp.evaluateSequential(ForEachOps.java:150)
	at java.base/java.util.stream.ForEachOps$ForEachOp$OfRef.evaluateSequential(ForEachOps.java:173)
	at java.base/java.util.stream.AbstractPipeline.evaluate(AbstractPipeline.java:234)
	at java.base/java.util.stream.ReferencePipeline.forEach(ReferencePipeline.java:596)
	at org.eclipse.wildwebdeveloper.xml.internal.XMLExtensionRegistry.getXMLLSClassPathExtensions(XMLExtensionRegistry.java:81)
	at org.eclipse.wildwebdeveloper.xml.internal.XMLLanguageServer.getExtensionJarPaths(XMLLanguageServer.java:142)
	at org.eclipse.wildwebdeveloper.xml.internal.XMLLanguageServer.<init>(XMLLanguageServer.java:83)
	at java.base/jdk.internal.reflect.DirectConstructorHandleAccessor.newInstance(DirectConstructorHandleAccessor.java:67)
	at java.base/java.lang.reflect.Constructor.newInstanceWithCaller(Constructor.java:499)
	at java.base/java.lang.reflect.Constructor.newInstance(Constructor.java:483)
	at org.eclipse.core.internal.registry.osgi.RegistryStrategyOSGI.createExecutableExtension(RegistryStrategyOSGI.java:204)
	at org.eclipse.core.internal.registry.ExtensionRegistry.createExecutableExtension(ExtensionRegistry.java:920)
	at org.eclipse.core.internal.registry.ConfigurationElement.createExecutableExtension(ConfigurationElement.java:246)
	at org.eclipse.core.internal.registry.ConfigurationElementHandle.createExecutableExtension(ConfigurationElementHandle.java:63)
	at org.eclipse.lsp4e.LanguageServersRegistry$ExtensionLanguageServerDefinition.createConnectionProvider(LanguageServersRegistry.java:127)
	at org.eclipse.lsp4e.LanguageServerWrapper.lambda$1(LanguageServerWrapper.java:222)
	at java.base/java.util.concurrent.CompletableFuture$AsyncSupply.run(CompletableFuture.java:1768)
	at java.base/java.util.concurrent.CompletableFuture$AsyncSupply.exec(CompletableFuture.java:1760)
	at java.base/java.util.concurrent.ForkJoinTask.doExec(ForkJoinTask.java:373)
	at java.base/java.util.concurrent.ForkJoinPool$WorkQueue.topLevelExec(ForkJoinPool.java:1182)
	at java.base/java.util.concurrent.ForkJoinPool.scan(ForkJoinPool.java:1655)
	at java.base/java.util.concurrent.ForkJoinPool.runWorker(ForkJoinPool.java:1622)
	at java.base/java.util.concurrent.ForkJoinWorkerThread.run(ForkJoinWorkerThread.java:165)
2022-05-14 14:46:20,675 [Worker-6: Loading available Gradle versions] INFO  o.e.b.c.i.u.g.PublishedGradleVersions - Gradle version information cache is out-of-date. Trying to update.
2022-05-14 14:46:21,445 [Worker-6: Loading available Gradle versions] INFO  o.e.b.c.i.u.g.PublishedGradleVersions - Updating Gradle version information cache failed. Using outdated cache.
2022-05-14 14:47:15,485 [ModalContext] INFO  o.e.m.c.i.e.AbstractTransferListenerAdapter - Downloaded https://repo.maven.apache.org/maven2/org/apache/maven/archetypes/maven-archetype-webapp/1.0/maven-archetype-webapp-1.0.jar
2022-05-14 14:48:38,235 [Worker-8: Creating maven-archetype-webapp] INFO  o.e.m.c.i.e.AbstractTransferListenerAdapter - Downloaded https://repo.maven.apache.org/maven2/org/apache/maven/archetypes/maven-archetype-webapp/1.0/maven-archetype-webapp-1.0.pom
2022-05-14 14:51:56,222 [ModalContext] INFO  o.e.m.c.i.e.AbstractTransferListenerAdapter - Downloading https://repo1.maven.org/maven2/org/apache/maven/archetypes/maven-archetype-webapp/1.4/maven-archetype-webapp-1.4.jar
2022-05-14 14:51:56,546 [ModalContext] INFO  o.e.m.c.i.e.AbstractTransferListenerAdapter - Downloaded https://repo1.maven.org/maven2/org/apache/maven/archetypes/maven-archetype-webapp/1.4/maven-archetype-webapp-1.4.jar
2022-05-14 14:51:56,838 [ModalContext] INFO  o.e.m.c.i.e.AbstractTransferListenerAdapter - Downloading https://repo1.maven.org/maven2/org/apache/maven/archetypes/maven-archetype-webapp/1.4/maven-archetype-webapp-1.4.pom
2022-05-14 14:51:57,155 [ModalContext] INFO  o.e.m.c.i.e.AbstractTransferListenerAdapter - Downloaded https://repo1.maven.org/maven2/org/apache/maven/archetypes/maven-archetype-webapp/1.4/maven-archetype-webapp-1.4.pom
2022-05-14 14:52:06,081 [Worker-32: Creating maven-archetype-webapp] INFO  o.e.m.c.i.p.ProjectConfigurationManager - Collecting project info '/pom.xml' A:\Documents\Training\Spring\eclipse-workspace\test1\pom.xml
2022-05-14 14:52:07,366 [Worker-32: Creating maven-archetype-webapp] INFO  o.e.m.c.i.e.AbstractTransferListenerAdapter - Downloading https://repo.maven.apache.org/maven2/org/apache/maven/plugins/maven-war-plugin/3.2.2/maven-war-plugin-3.2.2.jar
2022-05-14 14:52:07,960 [Worker-32: Creating maven-archetype-webapp] INFO  o.e.m.c.i.e.AbstractTransferListenerAdapter - Downloaded https://repo.maven.apache.org/maven2/org/apache/maven/plugins/maven-war-plugin/3.2.2/maven-war-plugin-3.2.2.jar
2022-05-14 14:52:08,846 [Worker-32: Creating maven-archetype-webapp] INFO  o.e.m.c.i.l.LifecycleMappingFactory - Using org.maven.ide.eclipse.wtp.WarLifecycleMapping lifecycle mapping for MavenProject: org.test:test1:0.0.1-SNAPSHOT @ A:\Documents\Training\Spring\eclipse-workspace\test1\pom.xml.
2022-05-14 14:52:09,794 [Worker-32: Creating maven-archetype-webapp] INFO  o.e.m.c.i.e.AbstractTransferListenerAdapter - Downloading https://repo.maven.apache.org/maven2/org/apache/maven/plugins/maven-war-plugin/3.2.2/maven-war-plugin-3.2.2.pom
2022-05-14 14:52:10,096 [Worker-32: Creating maven-archetype-webapp] INFO  o.e.m.c.i.e.AbstractTransferListenerAdapter - Downloaded https://repo.maven.apache.org/maven2/org/apache/maven/plugins/maven-war-plugin/3.2.2/maven-war-plugin-3.2.2.pom
2022-05-14 14:52:10,417 [Worker-32: Creating maven-archetype-webapp] INFO  o.e.m.c.i.e.AbstractTransferListenerAdapter - Downloading https://repo.maven.apache.org/maven2/org/apache/maven/plugins/maven-plugins/31/maven-plugins-31.pom
2022-05-14 14:52:10,715 [Worker-32: Creating maven-archetype-webapp] INFO  o.e.m.c.i.e.AbstractTransferListenerAdapter - Downloaded https://repo.maven.apache.org/maven2/org/apache/maven/plugins/maven-plugins/31/maven-plugins-31.pom
2022-05-14 14:52:11,187 [Worker-32: Creating maven-archetype-webapp] INFO  o.e.m.c.i.e.AbstractTransferListenerAdapter - Downloading https://repo.maven.apache.org/maven2/org/apache/maven/maven-archiver/3.2.0/maven-archiver-3.2.0.pom
2022-05-14 14:52:11,476 [Worker-32: Creating maven-archetype-webapp] INFO  o.e.m.c.i.e.AbstractTransferListenerAdapter - Downloaded https://repo.maven.apache.org/maven2/org/apache/maven/maven-archiver/3.2.0/maven-archiver-3.2.0.pom
2022-05-14 14:52:11,931 [Worker-32: Creating maven-archetype-webapp] INFO  o.e.m.c.i.e.AbstractTransferListenerAdapter - Downloading https://repo.maven.apache.org/maven2/org/apache/maven/shared/maven-shared-utils/3.2.0/maven-shared-utils-3.2.0.pom
2022-05-14 14:52:12,397 [Worker-32: Creating maven-archetype-webapp] INFO  o.e.m.c.i.e.AbstractTransferListenerAdapter - Downloaded https://repo.maven.apache.org/maven2/org/apache/maven/shared/maven-shared-utils/3.2.0/maven-shared-utils-3.2.0.pom
2022-05-14 14:52:12,863 [Worker-32: Creating maven-archetype-webapp] INFO  o.e.m.c.i.e.AbstractTransferListenerAdapter - Downloading https://repo.maven.apache.org/maven2/org/codehaus/plexus/plexus-archiver/3.5/plexus-archiver-3.5.pom
2022-05-14 14:52:13,174 [Worker-32: Creating maven-archetype-webapp] INFO  o.e.m.c.i.e.AbstractTransferListenerAdapter - Downloaded https://repo.maven.apache.org/maven2/org/codehaus/plexus/plexus-archiver/3.5/plexus-archiver-3.5.pom
2022-05-14 14:52:13,618 [Worker-32: Creating maven-archetype-webapp] INFO  o.e.m.c.i.e.AbstractTransferListenerAdapter - Downloading https://repo.maven.apache.org/maven2/org/codehaus/plexus/plexus/5.0/plexus-5.0.pom
2022-05-14 14:52:13,929 [Worker-32: Creating maven-archetype-webapp] INFO  o.e.m.c.i.e.AbstractTransferListenerAdapter - Downloaded https://repo.maven.apache.org/maven2/org/codehaus/plexus/plexus/5.0/plexus-5.0.pom
2022-05-14 14:52:14,248 [Worker-32: Creating maven-archetype-webapp] INFO  o.e.m.c.i.e.AbstractTransferListenerAdapter - Downloading https://repo.maven.apache.org/maven2/org/codehaus/plexus/plexus-io/3.0.0/plexus-io-3.0.0.pom
2022-05-14 14:52:14,551 [Worker-32: Creating maven-archetype-webapp] INFO  o.e.m.c.i.e.AbstractTransferListenerAdapter - Downloaded https://repo.maven.apache.org/maven2/org/codehaus/plexus/plexus-io/3.0.0/plexus-io-3.0.0.pom
2022-05-14 14:52:14,848 [Worker-32: Creating maven-archetype-webapp] INFO  o.e.m.c.i.e.AbstractTransferListenerAdapter - Downloading https://repo.maven.apache.org/maven2/org/apache/commons/commons-compress/1.14/commons-compress-1.14.pom
2022-05-14 14:52:15,161 [Worker-32: Creating maven-archetype-webapp] INFO  o.e.m.c.i.e.AbstractTransferListenerAdapter - Downloaded https://repo.maven.apache.org/maven2/org/apache/commons/commons-compress/1.14/commons-compress-1.14.pom
2022-05-14 14:52:15,463 [Worker-32: Creating maven-archetype-webapp] INFO  o.e.m.c.i.e.AbstractTransferListenerAdapter - Downloading https://repo.maven.apache.org/maven2/org/tukaani/xz/1.6/xz-1.6.pom
2022-05-14 14:52:15,772 [Worker-32: Creating maven-archetype-webapp] INFO  o.e.m.c.i.e.AbstractTransferListenerAdapter - Downloaded https://repo.maven.apache.org/maven2/org/tukaani/xz/1.6/xz-1.6.pom
2022-05-14 14:52:16,080 [Worker-32: Creating maven-archetype-webapp] INFO  o.e.m.c.i.e.AbstractTransferListenerAdapter - Downloading https://repo.maven.apache.org/maven2/org/codehaus/plexus/plexus-archiver/3.6.0/plexus-archiver-3.6.0.pom
2022-05-14 14:52:16,394 [Worker-32: Creating maven-archetype-webapp] INFO  o.e.m.c.i.e.AbstractTransferListenerAdapter - Downloaded https://repo.maven.apache.org/maven2/org/codehaus/plexus/plexus-archiver/3.6.0/plexus-archiver-3.6.0.pom
2022-05-14 14:52:16,690 [Worker-32: Creating maven-archetype-webapp] INFO  o.e.m.c.i.e.AbstractTransferListenerAdapter - Downloading https://repo.maven.apache.org/maven2/org/codehaus/plexus/plexus-utils/3.1.0/plexus-utils-3.1.0.pom
2022-05-14 14:52:16,904 [Worker-32: Creating maven-archetype-webapp] INFO  o.e.m.c.i.e.AbstractTransferListenerAdapter - Downloaded https://repo.maven.apache.org/maven2/org/codehaus/plexus/plexus-utils/3.1.0/plexus-utils-3.1.0.pom
2022-05-14 14:52:17,151 [Worker-32: Creating maven-archetype-webapp] INFO  o.e.m.c.i.e.AbstractTransferListenerAdapter - Downloading https://repo.maven.apache.org/maven2/org/codehaus/plexus/plexus-io/3.0.1/plexus-io-3.0.1.pom
2022-05-14 14:52:17,473 [Worker-32: Creating maven-archetype-webapp] INFO  o.e.m.c.i.e.AbstractTransferListenerAdapter - Downloaded https://repo.maven.apache.org/maven2/org/codehaus/plexus/plexus-io/3.0.1/plexus-io-3.0.1.pom
2022-05-14 14:52:17,685 [Worker-32: Creating maven-archetype-webapp] INFO  o.e.m.c.i.e.AbstractTransferListenerAdapter - Downloading https://repo.maven.apache.org/maven2/org/apache/commons/commons-compress/1.16.1/commons-compress-1.16.1.pom
2022-05-14 14:52:18,044 [Worker-32: Creating maven-archetype-webapp] INFO  o.e.m.c.i.e.AbstractTransferListenerAdapter - Downloaded https://repo.maven.apache.org/maven2/org/apache/commons/commons-compress/1.16.1/commons-compress-1.16.1.pom
2022-05-14 14:52:18,290 [Worker-32: Creating maven-archetype-webapp] INFO  o.e.m.c.i.e.AbstractTransferListenerAdapter - Downloading https://repo.maven.apache.org/maven2/org/apache/commons/commons-parent/43/commons-parent-43.pom
2022-05-14 14:52:18,750 [Worker-32: Creating maven-archetype-webapp] INFO  o.e.m.c.i.e.AbstractTransferListenerAdapter - Downloaded https://repo.maven.apache.org/maven2/org/apache/commons/commons-parent/43/commons-parent-43.pom
2022-05-14 14:52:19,045 [Worker-32: Creating maven-archetype-webapp] INFO  o.e.m.c.i.e.AbstractTransferListenerAdapter - Downloading https://repo.maven.apache.org/maven2/org/objenesis/objenesis/2.6/objenesis-2.6.pom
2022-05-14 14:52:19,362 [Worker-32: Creating maven-archetype-webapp] INFO  o.e.m.c.i.e.AbstractTransferListenerAdapter - Downloaded https://repo.maven.apache.org/maven2/org/objenesis/objenesis/2.6/objenesis-2.6.pom
2022-05-14 14:52:19,676 [Worker-32: Creating maven-archetype-webapp] INFO  o.e.m.c.i.e.AbstractTransferListenerAdapter - Downloading https://repo.maven.apache.org/maven2/org/objenesis/objenesis-parent/2.6/objenesis-parent-2.6.pom
2022-05-14 14:52:19,975 [Worker-32: Creating maven-archetype-webapp] INFO  o.e.m.c.i.e.AbstractTransferListenerAdapter - Downloaded https://repo.maven.apache.org/maven2/org/objenesis/objenesis-parent/2.6/objenesis-parent-2.6.pom
2022-05-14 14:52:20,274 [Worker-32: Creating maven-archetype-webapp] INFO  o.e.m.c.i.e.AbstractTransferListenerAdapter - Downloading https://repo.maven.apache.org/maven2/org/tukaani/xz/1.8/xz-1.8.pom
2022-05-14 14:52:20,502 [Worker-32: Creating maven-archetype-webapp] INFO  o.e.m.c.i.e.AbstractTransferListenerAdapter - Downloaded https://repo.maven.apache.org/maven2/org/tukaani/xz/1.8/xz-1.8.pom
2022-05-14 14:52:20,805 [Worker-32: Creating maven-archetype-webapp] INFO  o.e.m.c.i.e.AbstractTransferListenerAdapter - Downloading https://repo.maven.apache.org/maven2/org/codehaus/plexus/plexus-interpolation/1.25/plexus-interpolation-1.25.pom
2022-05-14 14:52:21,157 [Worker-32: Creating maven-archetype-webapp] INFO  o.e.m.c.i.e.AbstractTransferListenerAdapter - Downloaded https://repo.maven.apache.org/maven2/org/codehaus/plexus/plexus-interpolation/1.25/plexus-interpolation-1.25.pom
2022-05-14 14:52:21,469 [Worker-32: Creating maven-archetype-webapp] INFO  o.e.m.c.i.e.AbstractTransferListenerAdapter - Downloading https://repo.maven.apache.org/maven2/com/thoughtworks/xstream/xstream/1.4.10/xstream-1.4.10.pom
2022-05-14 14:52:21,784 [Worker-32: Creating maven-archetype-webapp] INFO  o.e.m.c.i.e.AbstractTransferListenerAdapter - Downloaded https://repo.maven.apache.org/maven2/com/thoughtworks/xstream/xstream/1.4.10/xstream-1.4.10.pom
2022-05-14 14:52:22,091 [Worker-32: Creating maven-archetype-webapp] INFO  o.e.m.c.i.e.AbstractTransferListenerAdapter - Downloading https://repo.maven.apache.org/maven2/com/thoughtworks/xstream/xstream-parent/1.4.10/xstream-parent-1.4.10.pom
2022-05-14 14:52:22,307 [Worker-32: Creating maven-archetype-webapp] INFO  o.e.m.c.i.e.AbstractTransferListenerAdapter - Downloaded https://repo.maven.apache.org/maven2/com/thoughtworks/xstream/xstream-parent/1.4.10/xstream-parent-1.4.10.pom
2022-05-14 14:52:22,527 [Worker-32: Creating maven-archetype-webapp] INFO  o.e.m.c.i.e.AbstractTransferListenerAdapter - Downloading https://repo.maven.apache.org/maven2/xmlpull/xmlpull/1.1.3.1/xmlpull-1.1.3.1.pom
2022-05-14 14:52:22,740 [Worker-32: Creating maven-archetype-webapp] INFO  o.e.m.c.i.e.AbstractTransferListenerAdapter - Downloaded https://repo.maven.apache.org/maven2/xmlpull/xmlpull/1.1.3.1/xmlpull-1.1.3.1.pom
2022-05-14 14:52:23,038 [Worker-32: Creating maven-archetype-webapp] INFO  o.e.m.c.i.e.AbstractTransferListenerAdapter - Downloading https://repo.maven.apache.org/maven2/xpp3/xpp3_min/1.1.4c/xpp3_min-1.1.4c.pom
2022-05-14 14:52:23,355 [Worker-32: Creating maven-archetype-webapp] INFO  o.e.m.c.i.e.AbstractTransferListenerAdapter - Downloaded https://repo.maven.apache.org/maven2/xpp3/xpp3_min/1.1.4c/xpp3_min-1.1.4c.pom
2022-05-14 14:52:23,653 [Worker-32: Creating maven-archetype-webapp] INFO  o.e.m.c.i.e.AbstractTransferListenerAdapter - Downloading https://repo.maven.apache.org/maven2/org/apache/maven/shared/maven-mapping/3.0.0/maven-mapping-3.0.0.pom
2022-05-14 14:52:24,055 [Worker-32: Creating maven-archetype-webapp] INFO  o.e.m.c.i.e.AbstractTransferListenerAdapter - Downloaded https://repo.maven.apache.org/maven2/org/apache/maven/shared/maven-mapping/3.0.0/maven-mapping-3.0.0.pom
2022-05-14 14:52:24,279 [Worker-32: Creating maven-archetype-webapp] INFO  o.e.m.c.i.e.AbstractTransferListenerAdapter - Downloading https://repo.maven.apache.org/maven2/org/apache/maven/shared/maven-shared-components/22/maven-shared-components-22.pom
2022-05-14 14:52:24,599 [Worker-32: Creating maven-archetype-webapp] INFO  o.e.m.c.i.e.AbstractTransferListenerAdapter - Downloaded https://repo.maven.apache.org/maven2/org/apache/maven/shared/maven-shared-components/22/maven-shared-components-22.pom
2022-05-14 14:52:24,958 [Worker-32: Creating maven-archetype-webapp] INFO  o.e.m.c.i.e.AbstractTransferListenerAdapter - Downloading https://repo.maven.apache.org/maven2/org/apache/maven/maven-parent/27/maven-parent-27.pom
2022-05-14 14:52:25,247 [Worker-32: Creating maven-archetype-webapp] INFO  o.e.m.c.i.e.AbstractTransferListenerAdapter - Downloaded https://repo.maven.apache.org/maven2/org/apache/maven/maven-parent/27/maven-parent-27.pom
2022-05-14 14:52:25,514 [Worker-32: Creating maven-archetype-webapp] INFO  o.e.m.c.i.e.AbstractTransferListenerAdapter - Downloading https://repo.maven.apache.org/maven2/org/apache/apache/17/apache-17.pom
2022-05-14 14:52:25,807 [Worker-32: Creating maven-archetype-webapp] INFO  o.e.m.c.i.e.AbstractTransferListenerAdapter - Downloaded https://repo.maven.apache.org/maven2/org/apache/apache/17/apache-17.pom
2022-05-14 14:52:26,112 [Worker-32: Creating maven-archetype-webapp] INFO  o.e.m.c.i.e.AbstractTransferListenerAdapter - Downloading https://repo.maven.apache.org/maven2/org/codehaus/plexus/plexus-interpolation/1.21/plexus-interpolation-1.21.pom
2022-05-14 14:52:26,340 [Worker-32: Creating maven-archetype-webapp] INFO  o.e.m.c.i.e.AbstractTransferListenerAdapter - Downloaded https://repo.maven.apache.org/maven2/org/codehaus/plexus/plexus-interpolation/1.21/plexus-interpolation-1.21.pom
2022-05-14 14:52:26,646 [AetherRepositoryConnector-repo.maven.apache.org-0-0] INFO  o.e.m.c.i.e.AbstractTransferListenerAdapter - Downloading https://repo.maven.apache.org/maven2/org/apache/maven/maven-archiver/3.2.0/maven-archiver-3.2.0.jar
2022-05-14 14:52:26,792 [AetherRepositoryConnector-repo.maven.apache.org-0-1] INFO  o.e.m.c.i.e.AbstractTransferListenerAdapter - Downloading https://repo.maven.apache.org/maven2/org/apache/maven/shared/maven-shared-utils/3.2.0/maven-shared-utils-3.2.0.jar
2022-05-14 14:52:26,792 [AetherRepositoryConnector-repo.maven.apache.org-0-4] INFO  o.e.m.c.i.e.AbstractTransferListenerAdapter - Downloading https://repo.maven.apache.org/maven2/org/apache/commons/commons-compress/1.16.1/commons-compress-1.16.1.jar
2022-05-14 14:52:26,831 [AetherRepositoryConnector-repo.maven.apache.org-0-3] INFO  o.e.m.c.i.e.AbstractTransferListenerAdapter - Downloading https://repo.maven.apache.org/maven2/org/codehaus/plexus/plexus-io/3.0.1/plexus-io-3.0.1.jar
2022-05-14 14:52:26,884 [AetherRepositoryConnector-repo.maven.apache.org-0-2] INFO  o.e.m.c.i.e.AbstractTransferListenerAdapter - Downloading https://repo.maven.apache.org/maven2/org/codehaus/plexus/plexus-archiver/3.6.0/plexus-archiver-3.6.0.jar
2022-05-14 14:52:27,722 [AetherRepositoryConnector-repo.maven.apache.org-0-0] INFO  o.e.m.c.i.e.AbstractTransferListenerAdapter - Downloaded https://repo.maven.apache.org/maven2/org/apache/maven/maven-archiver/3.2.0/maven-archiver-3.2.0.jar
2022-05-14 14:52:28,231 [AetherRepositoryConnector-repo.maven.apache.org-0-3] INFO  o.e.m.c.i.e.AbstractTransferListenerAdapter - Downloaded https://repo.maven.apache.org/maven2/org/codehaus/plexus/plexus-io/3.0.1/plexus-io-3.0.1.jar
2022-05-14 14:52:28,232 [AetherRepositoryConnector-repo.maven.apache.org-0-1] INFO  o.e.m.c.i.e.AbstractTransferListenerAdapter - Downloaded https://repo.maven.apache.org/maven2/org/apache/maven/shared/maven-shared-utils/3.2.0/maven-shared-utils-3.2.0.jar
2022-05-14 14:52:28,235 [AetherRepositoryConnector-repo.maven.apache.org-0-0] INFO  o.e.m.c.i.e.AbstractTransferListenerAdapter - Downloading https://repo.maven.apache.org/maven2/org/objenesis/objenesis/2.6/objenesis-2.6.jar
2022-05-14 14:52:28,278 [AetherRepositoryConnector-repo.maven.apache.org-0-2] INFO  o.e.m.c.i.e.AbstractTransferListenerAdapter - Downloaded https://repo.maven.apache.org/maven2/org/codehaus/plexus/plexus-archiver/3.6.0/plexus-archiver-3.6.0.jar
2022-05-14 14:52:28,426 [AetherRepositoryConnector-repo.maven.apache.org-0-4] INFO  o.e.m.c.i.e.AbstractTransferListenerAdapter - Downloaded https://repo.maven.apache.org/maven2/org/apache/commons/commons-compress/1.16.1/commons-compress-1.16.1.jar
2022-05-14 14:52:28,436 [AetherRepositoryConnector-repo.maven.apache.org-0-1] INFO  o.e.m.c.i.e.AbstractTransferListenerAdapter - Downloading https://repo.maven.apache.org/maven2/org/codehaus/plexus/plexus-interpolation/1.25/plexus-interpolation-1.25.jar
2022-05-14 14:52:28,537 [AetherRepositoryConnector-repo.maven.apache.org-0-3] INFO  o.e.m.c.i.e.AbstractTransferListenerAdapter - Downloading https://repo.maven.apache.org/maven2/org/tukaani/xz/1.8/xz-1.8.jar
2022-05-14 14:52:28,707 [AetherRepositoryConnector-repo.maven.apache.org-0-0] INFO  o.e.m.c.i.e.AbstractTransferListenerAdapter - Downloaded https://repo.maven.apache.org/maven2/org/objenesis/objenesis/2.6/objenesis-2.6.jar
2022-05-14 14:52:28,721 [AetherRepositoryConnector-repo.maven.apache.org-0-2] INFO  o.e.m.c.i.e.AbstractTransferListenerAdapter - Downloading https://repo.maven.apache.org/maven2/com/thoughtworks/xstream/xstream/1.4.10/xstream-1.4.10.jar
2022-05-14 14:52:29,351 [AetherRepositoryConnector-repo.maven.apache.org-0-4] INFO  o.e.m.c.i.e.AbstractTransferListenerAdapter - Downloading https://repo.maven.apache.org/maven2/xmlpull/xmlpull/1.1.3.1/xmlpull-1.1.3.1.jar
2022-05-14 14:52:29,355 [AetherRepositoryConnector-repo.maven.apache.org-0-3] INFO  o.e.m.c.i.e.AbstractTransferListenerAdapter - Downloaded https://repo.maven.apache.org/maven2/org/tukaani/xz/1.8/xz-1.8.jar
2022-05-14 14:52:29,361 [AetherRepositoryConnector-repo.maven.apache.org-0-1] INFO  o.e.m.c.i.e.AbstractTransferListenerAdapter - Downloaded https://repo.maven.apache.org/maven2/org/codehaus/plexus/plexus-interpolation/1.25/plexus-interpolation-1.25.jar
2022-05-14 14:52:29,362 [AetherRepositoryConnector-repo.maven.apache.org-0-0] INFO  o.e.m.c.i.e.AbstractTransferListenerAdapter - Downloading https://repo.maven.apache.org/maven2/xpp3/xpp3_min/1.1.4c/xpp3_min-1.1.4c.jar
2022-05-14 14:52:29,542 [AetherRepositoryConnector-repo.maven.apache.org-0-2] INFO  o.e.m.c.i.e.AbstractTransferListenerAdapter - Downloaded https://repo.maven.apache.org/maven2/com/thoughtworks/xstream/xstream/1.4.10/xstream-1.4.10.jar
2022-05-14 14:52:29,555 [AetherRepositoryConnector-repo.maven.apache.org-0-4] INFO  o.e.m.c.i.e.AbstractTransferListenerAdapter - Downloaded https://repo.maven.apache.org/maven2/xmlpull/xmlpull/1.1.3.1/xmlpull-1.1.3.1.jar
2022-05-14 14:52:29,560 [AetherRepositoryConnector-repo.maven.apache.org-0-3] INFO  o.e.m.c.i.e.AbstractTransferListenerAdapter - Downloading https://repo.maven.apache.org/maven2/org/codehaus/plexus/plexus-utils/3.1.0/plexus-utils-3.1.0.jar
2022-05-14 14:52:29,780 [AetherRepositoryConnector-repo.maven.apache.org-0-1] INFO  o.e.m.c.i.e.AbstractTransferListenerAdapter - Downloading https://repo.maven.apache.org/maven2/org/apache/maven/shared/maven-mapping/3.0.0/maven-mapping-3.0.0.jar
2022-05-14 14:52:29,784 [AetherRepositoryConnector-repo.maven.apache.org-0-0] INFO  o.e.m.c.i.e.AbstractTransferListenerAdapter - Downloaded https://repo.maven.apache.org/maven2/xpp3/xpp3_min/1.1.4c/xpp3_min-1.1.4c.jar
2022-05-14 14:52:30,028 [AetherRepositoryConnector-repo.maven.apache.org-0-1] INFO  o.e.m.c.i.e.AbstractTransferListenerAdapter - Downloaded https://repo.maven.apache.org/maven2/org/apache/maven/shared/maven-mapping/3.0.0/maven-mapping-3.0.0.jar
2022-05-14 14:52:30,028 [AetherRepositoryConnector-repo.maven.apache.org-0-3] INFO  o.e.m.c.i.e.AbstractTransferListenerAdapter - Downloaded https://repo.maven.apache.org/maven2/org/codehaus/plexus/plexus-utils/3.1.0/plexus-utils-3.1.0.jar
2022-05-14 14:52:31,005 [Worker-32: Creating maven-archetype-webapp] INFO  o.e.m.j.i.AbstractJavaProjectConfigurator - Adding source folder /test1/src/main/java
2022-05-14 14:52:31,006 [Worker-32: Creating maven-archetype-webapp] INFO  o.e.m.j.i.AbstractJavaProjectConfigurator - Adding source folder /test1/src/test/java
2022-05-14 14:52:31,912 [ForkJoinPool.commonPool-worker-2] ERROR o.e.m.e.l.MavenRuntimeClasspathProvider - Illegal character in path at index 20: file:/C:/Users/Anesh S M/.p2/pool/plugins/org.eclipse.m2e.maven.runtime_1.18.3.20220227-1319/jars/
java.net.URISyntaxException: Illegal character in path at index 20: file:/C:/Users/Anesh S M/.p2/pool/plugins/org.eclipse.m2e.maven.runtime_1.18.3.20220227-1319/jars/
	at java.base/java.net.URI$Parser.fail(URI.java:2973)
	at java.base/java.net.URI$Parser.checkChars(URI.java:3144)
	at java.base/java.net.URI$Parser.parseHierarchical(URI.java:3226)
	at java.base/java.net.URI$Parser.parse(URI.java:3174)
	at java.base/java.net.URI.<init>(URI.java:623)
	at java.base/java.net.URL.toURI(URL.java:1056)
	at org.eclipse.m2e.editor.lemminx.MavenRuntimeClasspathProvider.addJarsFromBundle(MavenRuntimeClasspathProvider.java:81)
	at org.eclipse.m2e.editor.lemminx.MavenRuntimeClasspathProvider.get(MavenRuntimeClasspathProvider.java:66)
	at org.eclipse.m2e.editor.lemminx.MavenRuntimeClasspathProvider.get(MavenRuntimeClasspathProvider.java:1)
	at java.base/java.util.stream.ReferencePipeline$3$1.accept(ReferencePipeline.java:197)
	at java.base/java.util.stream.ReferencePipeline$3$1.accept(ReferencePipeline.java:197)
	at java.base/java.util.HashMap$EntrySpliterator.forEachRemaining(HashMap.java:1850)
	at java.base/java.util.stream.AbstractPipeline.copyInto(AbstractPipeline.java:509)
	at java.base/java.util.stream.AbstractPipeline.wrapAndCopyInto(AbstractPipeline.java:499)
	at java.base/java.util.stream.ForEachOps$ForEachOp.evaluateSequential(ForEachOps.java:150)
	at java.base/java.util.stream.ForEachOps$ForEachOp$OfRef.evaluateSequential(ForEachOps.java:173)
	at java.base/java.util.stream.AbstractPipeline.evaluate(AbstractPipeline.java:234)
	at java.base/java.util.stream.ReferencePipeline.forEach(ReferencePipeline.java:596)
	at org.eclipse.wildwebdeveloper.xml.internal.XMLExtensionRegistry.getXMLLSClassPathExtensions(XMLExtensionRegistry.java:81)
	at org.eclipse.wildwebdeveloper.xml.internal.XMLLanguageServer.getExtensionJarPaths(XMLLanguageServer.java:142)
	at org.eclipse.wildwebdeveloper.xml.internal.XMLLanguageServer.<init>(XMLLanguageServer.java:83)
	at java.base/jdk.internal.reflect.DirectConstructorHandleAccessor.newInstance(DirectConstructorHandleAccessor.java:67)
	at java.base/java.lang.reflect.Constructor.newInstanceWithCaller(Constructor.java:499)
	at java.base/java.lang.reflect.Constructor.newInstance(Constructor.java:483)
	at org.eclipse.core.internal.registry.osgi.RegistryStrategyOSGI.createExecutableExtension(RegistryStrategyOSGI.java:204)
	at org.eclipse.core.internal.registry.ExtensionRegistry.createExecutableExtension(ExtensionRegistry.java:920)
	at org.eclipse.core.internal.registry.ConfigurationElement.createExecutableExtension(ConfigurationElement.java:246)
	at org.eclipse.core.internal.registry.ConfigurationElementHandle.createExecutableExtension(ConfigurationElementHandle.java:63)
	at org.eclipse.lsp4e.LanguageServersRegistry$ExtensionLanguageServerDefinition.createConnectionProvider(LanguageServersRegistry.java:127)
	at org.eclipse.lsp4e.LanguageServerWrapper.lambda$1(LanguageServerWrapper.java:222)
	at java.base/java.util.concurrent.CompletableFuture$AsyncSupply.run(CompletableFuture.java:1768)
	at java.base/java.util.concurrent.CompletableFuture$AsyncSupply.exec(CompletableFuture.java:1760)
	at java.base/java.util.concurrent.ForkJoinTask.doExec(ForkJoinTask.java:373)
	at java.base/java.util.concurrent.ForkJoinPool$WorkQueue.topLevelExec(ForkJoinPool.java:1182)
	at java.base/java.util.concurrent.ForkJoinPool.scan(ForkJoinPool.java:1655)
	at java.base/java.util.concurrent.ForkJoinPool.runWorker(ForkJoinPool.java:1622)
	at java.base/java.util.concurrent.ForkJoinWorkerThread.run(ForkJoinWorkerThread.java:165)
2022-05-14 14:52:33,283 [Worker-32: Creating maven-archetype-webapp] INFO  o.e.m.c.i.e.AbstractTransferListenerAdapter - Downloading https://repo.maven.apache.org/maven2/org/apache/maven/plugins/maven-clean-plugin/3.1.0/maven-clean-plugin-3.1.0.pom
2022-05-14 14:52:33,598 [Worker-32: Creating maven-archetype-webapp] INFO  o.e.m.c.i.e.AbstractTransferListenerAdapter - Downloaded https://repo.maven.apache.org/maven2/org/apache/maven/plugins/maven-clean-plugin/3.1.0/maven-clean-plugin-3.1.0.pom
2022-05-14 14:52:33,788 [Worker-32: Creating maven-archetype-webapp] INFO  o.e.m.c.i.p.ProjectConfigurationManager - Imported and configured 1 project(s) in 27 sec
2022-05-14 14:52:35,956 [Worker-32: Building] WARN  o.e.m.c.i.embedder.EclipseLogger - Using platform encoding (UTF-8 actually) to copy filtered resources, i.e. build is platform dependent!
2022-05-14 14:52:35,957 [Worker-32: Building] INFO  o.e.m.c.i.embedder.EclipseLogger - skip non existing resourceDirectory A:\Documents\Training\Spring\eclipse-workspace\projects\src\main\resources
2022-05-14 14:52:35,960 [Worker-32: Building] WARN  o.e.m.c.i.embedder.EclipseLogger - Using platform encoding (UTF-8 actually) to copy filtered resources, i.e. build is platform dependent!
2022-05-14 14:52:35,962 [Worker-32: Building] INFO  o.e.m.c.i.embedder.EclipseLogger - skip non existing resourceDirectory A:\Documents\Training\Spring\eclipse-workspace\projects\src\test\resources
2022-05-14 14:52:36,418 [Worker-32: Building] INFO  o.e.m.c.i.embedder.EclipseLogger - Using 'UTF-8' encoding to copy filtered resources.
2022-05-14 14:52:36,418 [Worker-32: Building] INFO  o.e.m.c.i.embedder.EclipseLogger - skip non existing resourceDirectory A:\Documents\Training\Spring\eclipse-workspace\test1\src\main\resources
2022-05-14 14:52:36,422 [Worker-32: Building] INFO  o.e.m.c.i.embedder.EclipseLogger - Using 'UTF-8' encoding to copy filtered resources.
2022-05-14 14:52:36,422 [Worker-32: Building] INFO  o.e.m.c.i.embedder.EclipseLogger - skip non existing resourceDirectory A:\Documents\Training\Spring\eclipse-workspace\test1\src\test\resources
2022-05-14 14:53:42,653 [Worker-35: Building] INFO  o.e.m.c.i.embedder.EclipseLogger - Using 'UTF-8' encoding to copy filtered resources.
2022-05-14 14:53:42,653 [Worker-35: Building] INFO  o.e.m.c.i.embedder.EclipseLogger - skip non existing resourceDirectory A:\Documents\Training\Spring\eclipse-workspace\test1\src\main\resources
2022-05-14 14:53:42,656 [Worker-35: Building] INFO  o.e.m.c.i.embedder.EclipseLogger - Using 'UTF-8' encoding to copy filtered resources.
2022-05-14 14:53:42,656 [Worker-35: Building] INFO  o.e.m.c.i.embedder.EclipseLogger - skip non existing resourceDirectory A:\Documents\Training\Spring\eclipse-workspace\test1\src\test\resources
2022-05-14 14:54:57,864 [Worker-32: Building] INFO  o.e.m.c.i.embedder.EclipseLogger - Using 'UTF-8' encoding to copy filtered resources.
2022-05-14 14:54:57,864 [Worker-32: Building] INFO  o.e.m.c.i.embedder.EclipseLogger - skip non existing resourceDirectory A:\Documents\Training\Spring\eclipse-workspace\test1\src\main\resources
2022-05-14 14:54:57,866 [Worker-32: Building] INFO  o.e.m.c.i.embedder.EclipseLogger - Using 'UTF-8' encoding to copy filtered resources.
2022-05-14 14:54:57,866 [Worker-32: Building] INFO  o.e.m.c.i.embedder.EclipseLogger - skip non existing resourceDirectory A:\Documents\Training\Spring\eclipse-workspace\test1\src\test\resources
2022-05-14 14:56:32,264 [Worker-33: Building] INFO  o.e.m.c.i.embedder.EclipseLogger - Using 'UTF-8' encoding to copy filtered resources.
2022-05-14 14:56:32,264 [Worker-33: Building] INFO  o.e.m.c.i.embedder.EclipseLogger - skip non existing resourceDirectory A:\Documents\Training\Spring\eclipse-workspace\test1\src\main\resources
2022-05-14 14:56:32,265 [Worker-33: Building] INFO  o.e.m.c.i.embedder.EclipseLogger - Using 'UTF-8' encoding to copy filtered resources.
2022-05-14 14:56:32,266 [Worker-33: Building] INFO  o.e.m.c.i.embedder.EclipseLogger - skip non existing resourceDirectory A:\Documents\Training\Spring\eclipse-workspace\test1\src\test\resources
2022-05-14 15:01:42,599 [Worker-33: Building] INFO  o.e.m.c.i.embedder.EclipseLogger - Using 'UTF-8' encoding to copy filtered resources.
2022-05-14 15:01:42,599 [Worker-33: Building] INFO  o.e.m.c.i.embedder.EclipseLogger - skip non existing resourceDirectory A:\Documents\Training\Spring\eclipse-workspace\test1\src\main\resources
2022-05-14 15:01:42,601 [Worker-33: Building] INFO  o.e.m.c.i.embedder.EclipseLogger - Using 'UTF-8' encoding to copy filtered resources.
2022-05-14 15:01:42,601 [Worker-33: Building] INFO  o.e.m.c.i.embedder.EclipseLogger - skip non existing resourceDirectory A:\Documents\Training\Spring\eclipse-workspace\test1\src\test\resources
2022-05-14 15:51:24,846 [Worker-2: Loading available Gradle versions] INFO  o.e.b.c.i.u.g.PublishedGradleVersions - Gradle version information cache is up-to-date. Trying to read.
2022-05-14 15:52:15,322 [ForkJoinPool.commonPool-worker-5] ERROR o.e.m.e.l.MavenRuntimeClasspathProvider - Illegal character in path at index 20: file:/C:/Users/Anesh S M/.p2/pool/plugins/org.eclipse.m2e.maven.runtime_1.18.3.20220227-1319/jars/
java.net.URISyntaxException: Illegal character in path at index 20: file:/C:/Users/Anesh S M/.p2/pool/plugins/org.eclipse.m2e.maven.runtime_1.18.3.20220227-1319/jars/
	at java.base/java.net.URI$Parser.fail(URI.java:2973)
	at java.base/java.net.URI$Parser.checkChars(URI.java:3144)
	at java.base/java.net.URI$Parser.parseHierarchical(URI.java:3226)
	at java.base/java.net.URI$Parser.parse(URI.java:3174)
	at java.base/java.net.URI.<init>(URI.java:623)
	at java.base/java.net.URL.toURI(URL.java:1056)
	at org.eclipse.m2e.editor.lemminx.MavenRuntimeClasspathProvider.addJarsFromBundle(MavenRuntimeClasspathProvider.java:81)
	at org.eclipse.m2e.editor.lemminx.MavenRuntimeClasspathProvider.get(MavenRuntimeClasspathProvider.java:66)
	at org.eclipse.m2e.editor.lemminx.MavenRuntimeClasspathProvider.get(MavenRuntimeClasspathProvider.java:1)
	at java.base/java.util.stream.ReferencePipeline$3$1.accept(ReferencePipeline.java:197)
	at java.base/java.util.stream.ReferencePipeline$3$1.accept(ReferencePipeline.java:197)
	at java.base/java.util.HashMap$EntrySpliterator.forEachRemaining(HashMap.java:1850)
	at java.base/java.util.stream.AbstractPipeline.copyInto(AbstractPipeline.java:509)
	at java.base/java.util.stream.AbstractPipeline.wrapAndCopyInto(AbstractPipeline.java:499)
	at java.base/java.util.stream.ForEachOps$ForEachOp.evaluateSequential(ForEachOps.java:150)
	at java.base/java.util.stream.ForEachOps$ForEachOp$OfRef.evaluateSequential(ForEachOps.java:173)
	at java.base/java.util.stream.AbstractPipeline.evaluate(AbstractPipeline.java:234)
	at java.base/java.util.stream.ReferencePipeline.forEach(ReferencePipeline.java:596)
	at org.eclipse.wildwebdeveloper.xml.internal.XMLExtensionRegistry.getXMLLSClassPathExtensions(XMLExtensionRegistry.java:81)
	at org.eclipse.wildwebdeveloper.xml.internal.XMLLanguageServer.getExtensionJarPaths(XMLLanguageServer.java:142)
	at org.eclipse.wildwebdeveloper.xml.internal.XMLLanguageServer.<init>(XMLLanguageServer.java:83)
	at java.base/jdk.internal.reflect.DirectConstructorHandleAccessor.newInstance(DirectConstructorHandleAccessor.java:67)
	at java.base/java.lang.reflect.Constructor.newInstanceWithCaller(Constructor.java:499)
	at java.base/java.lang.reflect.Constructor.newInstance(Constructor.java:483)
	at org.eclipse.core.internal.registry.osgi.RegistryStrategyOSGI.createExecutableExtension(RegistryStrategyOSGI.java:204)
	at org.eclipse.core.internal.registry.ExtensionRegistry.createExecutableExtension(ExtensionRegistry.java:920)
	at org.eclipse.core.internal.registry.ConfigurationElement.createExecutableExtension(ConfigurationElement.java:246)
	at org.eclipse.core.internal.registry.ConfigurationElementHandle.createExecutableExtension(ConfigurationElementHandle.java:63)
	at org.eclipse.lsp4e.LanguageServersRegistry$ExtensionLanguageServerDefinition.createConnectionProvider(LanguageServersRegistry.java:127)
	at org.eclipse.lsp4e.LanguageServerWrapper.lambda$1(LanguageServerWrapper.java:222)
	at java.base/java.util.concurrent.CompletableFuture$AsyncSupply.run(CompletableFuture.java:1768)
	at java.base/java.util.concurrent.CompletableFuture$AsyncSupply.exec(CompletableFuture.java:1760)
	at java.base/java.util.concurrent.ForkJoinTask.doExec(ForkJoinTask.java:373)
	at java.base/java.util.concurrent.ForkJoinPool$WorkQueue.topLevelExec(ForkJoinPool.java:1182)
	at java.base/java.util.concurrent.ForkJoinPool.scan(ForkJoinPool.java:1655)
	at java.base/java.util.concurrent.ForkJoinPool.runWorker(ForkJoinPool.java:1622)
	at java.base/java.util.concurrent.ForkJoinWorkerThread.run(ForkJoinWorkerThread.java:165)
2022-05-14 15:52:36,532 [Worker-17: Building] INFO  o.e.m.c.i.l.LifecycleMappingFactory - Using org.maven.ide.eclipse.wtp.WarLifecycleMapping lifecycle mapping for MavenProject: org.test:test1:0.0.1-SNAPSHOT @ A:\Documents\Training\Spring\eclipse-workspace\test1\pom.xml.
2022-05-14 15:52:36,612 [Worker-17: Building] INFO  o.e.m.c.i.e.AbstractTransferListenerAdapter - Downloaded https://repo.maven.apache.org/maven2/javax/servlet/javax.servlet-api/4.0.1/javax.servlet-api-4.0.1.pom
2022-05-14 15:52:37,862 [Worker-17: Building] INFO  o.e.m.c.i.e.AbstractTransferListenerAdapter - Downloaded https://repo.maven.apache.org/maven2/javax/servlet/javax.servlet-api/4.0.1/javax.servlet-api-4.0.1.jar
2022-05-14 15:52:38,907 [Worker-9: Building] INFO  o.e.m.c.i.embedder.EclipseLogger - Using 'UTF-8' encoding to copy filtered resources.
2022-05-14 15:52:38,907 [Worker-9: Building] INFO  o.e.m.c.i.embedder.EclipseLogger - skip non existing resourceDirectory A:\Documents\Training\Spring\eclipse-workspace\test1\src\main\resources
2022-05-14 15:52:38,912 [Worker-9: Building] INFO  o.e.m.c.i.embedder.EclipseLogger - Using 'UTF-8' encoding to copy filtered resources.
2022-05-14 15:52:38,912 [Worker-9: Building] INFO  o.e.m.c.i.embedder.EclipseLogger - skip non existing resourceDirectory A:\Documents\Training\Spring\eclipse-workspace\test1\src\test\resources
2022-05-14 15:52:40,175 [Worker-0: Building] INFO  o.e.m.c.i.embedder.EclipseLogger - Using 'UTF-8' encoding to copy filtered resources.
2022-05-14 15:52:40,175 [Worker-0: Building] INFO  o.e.m.c.i.embedder.EclipseLogger - skip non existing resourceDirectory A:\Documents\Training\Spring\eclipse-workspace\test1\src\main\resources
2022-05-14 15:52:40,177 [Worker-0: Building] INFO  o.e.m.c.i.embedder.EclipseLogger - Using 'UTF-8' encoding to copy filtered resources.
2022-05-14 15:52:40,177 [Worker-0: Building] INFO  o.e.m.c.i.embedder.EclipseLogger - skip non existing resourceDirectory A:\Documents\Training\Spring\eclipse-workspace\test1\src\test\resources
2022-05-14 15:52:41,285 [Worker-13: Download sources and javadoc] INFO  o.e.m.c.i.e.AbstractTransferListenerAdapter - Downloading https://repo.maven.apache.org/maven2/javax/servlet/javax.servlet-api/4.0.1/javax.servlet-api-4.0.1-sources.jar
2022-05-14 15:52:42,255 [Worker-13: Download sources and javadoc] INFO  o.e.m.c.i.e.AbstractTransferListenerAdapter - Downloaded https://repo.maven.apache.org/maven2/javax/servlet/javax.servlet-api/4.0.1/javax.servlet-api-4.0.1-sources.jar
2022-05-14 15:52:42,634 [Worker-13: Download sources and javadoc] INFO  o.e.m.j.internal.DownloadSourcesJob - Downloaded sources for javax.servlet:javax.servlet-api:4.0.1
2022-05-14 15:52:42,875 [Worker-20: Building] INFO  o.e.m.c.i.embedder.EclipseLogger - Using 'UTF-8' encoding to copy filtered resources.
2022-05-14 15:52:42,875 [Worker-20: Building] INFO  o.e.m.c.i.embedder.EclipseLogger - skip non existing resourceDirectory A:\Documents\Training\Spring\eclipse-workspace\test1\src\main\resources
2022-05-14 15:52:42,878 [Worker-20: Building] INFO  o.e.m.c.i.embedder.EclipseLogger - Using 'UTF-8' encoding to copy filtered resources.
2022-05-14 15:52:42,878 [Worker-20: Building] INFO  o.e.m.c.i.embedder.EclipseLogger - skip non existing resourceDirectory A:\Documents\Training\Spring\eclipse-workspace\test1\src\test\resources
2022-05-14 15:55:07,681 [ForkJoinPool.commonPool-worker-11] ERROR o.e.m.e.l.MavenRuntimeClasspathProvider - Illegal character in path at index 20: file:/C:/Users/Anesh S M/.p2/pool/plugins/org.eclipse.m2e.maven.runtime_1.18.3.20220227-1319/jars/
java.net.URISyntaxException: Illegal character in path at index 20: file:/C:/Users/Anesh S M/.p2/pool/plugins/org.eclipse.m2e.maven.runtime_1.18.3.20220227-1319/jars/
	at java.base/java.net.URI$Parser.fail(URI.java:2973)
	at java.base/java.net.URI$Parser.checkChars(URI.java:3144)
	at java.base/java.net.URI$Parser.parseHierarchical(URI.java:3226)
	at java.base/java.net.URI$Parser.parse(URI.java:3174)
	at java.base/java.net.URI.<init>(URI.java:623)
	at java.base/java.net.URL.toURI(URL.java:1056)
	at org.eclipse.m2e.editor.lemminx.MavenRuntimeClasspathProvider.addJarsFromBundle(MavenRuntimeClasspathProvider.java:81)
	at org.eclipse.m2e.editor.lemminx.MavenRuntimeClasspathProvider.get(MavenRuntimeClasspathProvider.java:66)
	at org.eclipse.m2e.editor.lemminx.MavenRuntimeClasspathProvider.get(MavenRuntimeClasspathProvider.java:1)
	at java.base/java.util.stream.ReferencePipeline$3$1.accept(ReferencePipeline.java:197)
	at java.base/java.util.stream.ReferencePipeline$3$1.accept(ReferencePipeline.java:197)
	at java.base/java.util.HashMap$EntrySpliterator.forEachRemaining(HashMap.java:1850)
	at java.base/java.util.stream.AbstractPipeline.copyInto(AbstractPipeline.java:509)
	at java.base/java.util.stream.AbstractPipeline.wrapAndCopyInto(AbstractPipeline.java:499)
	at java.base/java.util.stream.ForEachOps$ForEachOp.evaluateSequential(ForEachOps.java:150)
	at java.base/java.util.stream.ForEachOps$ForEachOp$OfRef.evaluateSequential(ForEachOps.java:173)
	at java.base/java.util.stream.AbstractPipeline.evaluate(AbstractPipeline.java:234)
	at java.base/java.util.stream.ReferencePipeline.forEach(ReferencePipeline.java:596)
	at org.eclipse.wildwebdeveloper.xml.internal.XMLExtensionRegistry.getXMLLSClassPathExtensions(XMLExtensionRegistry.java:81)
	at org.eclipse.wildwebdeveloper.xml.internal.XMLLanguageServer.getExtensionJarPaths(XMLLanguageServer.java:142)
	at org.eclipse.wildwebdeveloper.xml.internal.XMLLanguageServer.<init>(XMLLanguageServer.java:83)
	at java.base/jdk.internal.reflect.DirectConstructorHandleAccessor.newInstance(DirectConstructorHandleAccessor.java:67)
	at java.base/java.lang.reflect.Constructor.newInstanceWithCaller(Constructor.java:499)
	at java.base/java.lang.reflect.Constructor.newInstance(Constructor.java:483)
	at org.eclipse.core.internal.registry.osgi.RegistryStrategyOSGI.createExecutableExtension(RegistryStrategyOSGI.java:204)
	at org.eclipse.core.internal.registry.ExtensionRegistry.createExecutableExtension(ExtensionRegistry.java:920)
	at org.eclipse.core.internal.registry.ConfigurationElement.createExecutableExtension(ConfigurationElement.java:246)
	at org.eclipse.core.internal.registry.ConfigurationElementHandle.createExecutableExtension(ConfigurationElementHandle.java:63)
	at org.eclipse.lsp4e.LanguageServersRegistry$ExtensionLanguageServerDefinition.createConnectionProvider(LanguageServersRegistry.java:127)
	at org.eclipse.lsp4e.LanguageServerWrapper.lambda$1(LanguageServerWrapper.java:222)
	at java.base/java.util.concurrent.CompletableFuture$AsyncSupply.run(CompletableFuture.java:1768)
	at java.base/java.util.concurrent.CompletableFuture$AsyncSupply.exec(CompletableFuture.java:1760)
	at java.base/java.util.concurrent.ForkJoinTask.doExec(ForkJoinTask.java:373)
	at java.base/java.util.concurrent.ForkJoinPool$WorkQueue.topLevelExec(ForkJoinPool.java:1182)
	at java.base/java.util.concurrent.ForkJoinPool.scan(ForkJoinPool.java:1655)
	at java.base/java.util.concurrent.ForkJoinPool.runWorker(ForkJoinPool.java:1622)
	at java.base/java.util.concurrent.ForkJoinWorkerThread.run(ForkJoinWorkerThread.java:165)
2022-05-14 15:55:09,827 [Worker-7: Loading available Gradle versions] INFO  o.e.b.c.i.u.g.PublishedGradleVersions - Gradle version information cache is up-to-date. Trying to read.
2022-05-14 15:57:13,501 [Worker-23: Creating maven-archetype-webapp] INFO  o.e.m.c.i.p.ProjectConfigurationManager - Collecting project info '/pom.xml' A:\Documents\Training\Spring\eclipse-workspace\test00\pom.xml
2022-05-14 15:57:14,378 [Worker-23: Creating maven-archetype-webapp] INFO  o.e.m.c.i.l.LifecycleMappingFactory - Using org.maven.ide.eclipse.wtp.WarLifecycleMapping lifecycle mapping for MavenProject: org.test:test00:0.0.1-SNAPSHOT @ A:\Documents\Training\Spring\eclipse-workspace\test00\pom.xml.
2022-05-14 15:57:15,771 [Worker-23: Creating maven-archetype-webapp] INFO  o.e.m.j.i.AbstractJavaProjectConfigurator - Adding source folder /test00/src/main/java
2022-05-14 15:57:15,772 [Worker-23: Creating maven-archetype-webapp] INFO  o.e.m.j.i.AbstractJavaProjectConfigurator - Adding source folder /test00/src/test/java
2022-05-14 15:57:16,604 [ForkJoinPool.commonPool-worker-9] ERROR o.e.m.e.l.MavenRuntimeClasspathProvider - Illegal character in path at index 20: file:/C:/Users/Anesh S M/.p2/pool/plugins/org.eclipse.m2e.maven.runtime_1.18.3.20220227-1319/jars/
java.net.URISyntaxException: Illegal character in path at index 20: file:/C:/Users/Anesh S M/.p2/pool/plugins/org.eclipse.m2e.maven.runtime_1.18.3.20220227-1319/jars/
	at java.base/java.net.URI$Parser.fail(URI.java:2973)
	at java.base/java.net.URI$Parser.checkChars(URI.java:3144)
	at java.base/java.net.URI$Parser.parseHierarchical(URI.java:3226)
	at java.base/java.net.URI$Parser.parse(URI.java:3174)
	at java.base/java.net.URI.<init>(URI.java:623)
	at java.base/java.net.URL.toURI(URL.java:1056)
	at org.eclipse.m2e.editor.lemminx.MavenRuntimeClasspathProvider.addJarsFromBundle(MavenRuntimeClasspathProvider.java:81)
	at org.eclipse.m2e.editor.lemminx.MavenRuntimeClasspathProvider.get(MavenRuntimeClasspathProvider.java:66)
	at org.eclipse.m2e.editor.lemminx.MavenRuntimeClasspathProvider.get(MavenRuntimeClasspathProvider.java:1)
	at java.base/java.util.stream.ReferencePipeline$3$1.accept(ReferencePipeline.java:197)
	at java.base/java.util.stream.ReferencePipeline$3$1.accept(ReferencePipeline.java:197)
	at java.base/java.util.HashMap$EntrySpliterator.forEachRemaining(HashMap.java:1850)
	at java.base/java.util.stream.AbstractPipeline.copyInto(AbstractPipeline.java:509)
	at java.base/java.util.stream.AbstractPipeline.wrapAndCopyInto(AbstractPipeline.java:499)
	at java.base/java.util.stream.ForEachOps$ForEachOp.evaluateSequential(ForEachOps.java:150)
	at java.base/java.util.stream.ForEachOps$ForEachOp$OfRef.evaluateSequential(ForEachOps.java:173)
	at java.base/java.util.stream.AbstractPipeline.evaluate(AbstractPipeline.java:234)
	at java.base/java.util.stream.ReferencePipeline.forEach(ReferencePipeline.java:596)
	at org.eclipse.wildwebdeveloper.xml.internal.XMLExtensionRegistry.getXMLLSClassPathExtensions(XMLExtensionRegistry.java:81)
	at org.eclipse.wildwebdeveloper.xml.internal.XMLLanguageServer.getExtensionJarPaths(XMLLanguageServer.java:142)
	at org.eclipse.wildwebdeveloper.xml.internal.XMLLanguageServer.<init>(XMLLanguageServer.java:83)
	at java.base/jdk.internal.reflect.DirectConstructorHandleAccessor.newInstance(DirectConstructorHandleAccessor.java:67)
	at java.base/java.lang.reflect.Constructor.newInstanceWithCaller(Constructor.java:499)
	at java.base/java.lang.reflect.Constructor.newInstance(Constructor.java:483)
	at org.eclipse.core.internal.registry.osgi.RegistryStrategyOSGI.createExecutableExtension(RegistryStrategyOSGI.java:204)
	at org.eclipse.core.internal.registry.ExtensionRegistry.createExecutableExtension(ExtensionRegistry.java:920)
	at org.eclipse.core.internal.registry.ConfigurationElement.createExecutableExtension(ConfigurationElement.java:246)
	at org.eclipse.core.internal.registry.ConfigurationElementHandle.createExecutableExtension(ConfigurationElementHandle.java:63)
	at org.eclipse.lsp4e.LanguageServersRegistry$ExtensionLanguageServerDefinition.createConnectionProvider(LanguageServersRegistry.java:127)
	at org.eclipse.lsp4e.LanguageServerWrapper.lambda$1(LanguageServerWrapper.java:222)
	at java.base/java.util.concurrent.CompletableFuture$AsyncSupply.run(CompletableFuture.java:1768)
	at java.base/java.util.concurrent.CompletableFuture$AsyncSupply.exec(CompletableFuture.java:1760)
	at java.base/java.util.concurrent.ForkJoinTask.doExec(ForkJoinTask.java:373)
	at java.base/java.util.concurrent.ForkJoinPool$WorkQueue.topLevelExec(ForkJoinPool.java:1182)
	at java.base/java.util.concurrent.ForkJoinPool.scan(ForkJoinPool.java:1655)
	at java.base/java.util.concurrent.ForkJoinPool.runWorker(ForkJoinPool.java:1622)
	at java.base/java.util.concurrent.ForkJoinWorkerThread.run(ForkJoinWorkerThread.java:165)
2022-05-14 15:57:16,842 [Worker-23: Creating maven-archetype-webapp] INFO  o.e.m.c.i.p.ProjectConfigurationManager - Imported and configured 1 project(s) in 3 sec
2022-05-14 15:57:17,820 [Worker-6: Building] INFO  o.e.m.c.i.embedder.EclipseLogger - Using 'UTF-8' encoding to copy filtered resources.
2022-05-14 15:57:17,820 [Worker-6: Building] INFO  o.e.m.c.i.embedder.EclipseLogger - skip non existing resourceDirectory A:\Documents\Training\Spring\eclipse-workspace\test00\src\main\resources
2022-05-14 15:57:17,825 [Worker-6: Building] INFO  o.e.m.c.i.embedder.EclipseLogger - Using 'UTF-8' encoding to copy filtered resources.
2022-05-14 15:57:17,825 [Worker-6: Building] INFO  o.e.m.c.i.embedder.EclipseLogger - skip non existing resourceDirectory A:\Documents\Training\Spring\eclipse-workspace\test00\src\test\resources
2022-05-14 15:57:38,382 [Worker-5: Building] INFO  o.e.m.c.i.embedder.EclipseLogger - Using 'UTF-8' encoding to copy filtered resources.
2022-05-14 15:57:38,382 [Worker-5: Building] INFO  o.e.m.c.i.embedder.EclipseLogger - skip non existing resourceDirectory A:\Documents\Training\Spring\eclipse-workspace\test00\src\main\resources
2022-05-14 15:57:38,384 [Worker-5: Building] INFO  o.e.m.c.i.embedder.EclipseLogger - Using 'UTF-8' encoding to copy filtered resources.
2022-05-14 15:57:38,384 [Worker-5: Building] INFO  o.e.m.c.i.embedder.EclipseLogger - skip non existing resourceDirectory A:\Documents\Training\Spring\eclipse-workspace\test00\src\test\resources
2022-05-14 15:57:54,700 [Worker-17: Building] INFO  o.e.m.c.i.l.LifecycleMappingFactory - Using org.maven.ide.eclipse.wtp.WarLifecycleMapping lifecycle mapping for MavenProject: org.test:test00:0.0.1-SNAPSHOT @ A:\Documents\Training\Spring\eclipse-workspace\test00\pom.xml.
2022-05-14 15:57:56,068 [Worker-24: Building] INFO  o.e.m.c.i.embedder.EclipseLogger - Using 'UTF-8' encoding to copy filtered resources.
2022-05-14 15:57:56,068 [Worker-24: Building] INFO  o.e.m.c.i.embedder.EclipseLogger - skip non existing resourceDirectory A:\Documents\Training\Spring\eclipse-workspace\test00\src\main\resources
2022-05-14 15:57:56,072 [Worker-24: Building] INFO  o.e.m.c.i.embedder.EclipseLogger - Using 'UTF-8' encoding to copy filtered resources.
2022-05-14 15:57:56,072 [Worker-24: Building] INFO  o.e.m.c.i.embedder.EclipseLogger - skip non existing resourceDirectory A:\Documents\Training\Spring\eclipse-workspace\test00\src\test\resources
2022-05-14 15:58:43,685 [Worker-6: Building] INFO  o.e.m.c.i.l.LifecycleMappingFactory - Using org.maven.ide.eclipse.wtp.WarLifecycleMapping lifecycle mapping for MavenProject: org.test:test00:0.0.1-SNAPSHOT @ A:\Documents\Training\Spring\eclipse-workspace\test00\pom.xml.
2022-05-14 15:58:44,928 [Worker-17: Building] INFO  o.e.m.c.i.embedder.EclipseLogger - Using 'UTF-8' encoding to copy filtered resources.
2022-05-14 15:58:44,928 [Worker-17: Building] INFO  o.e.m.c.i.embedder.EclipseLogger - skip non existing resourceDirectory A:\Documents\Training\Spring\eclipse-workspace\test00\src\main\resources
2022-05-14 15:58:44,932 [Worker-17: Building] INFO  o.e.m.c.i.embedder.EclipseLogger - Using 'UTF-8' encoding to copy filtered resources.
2022-05-14 15:58:44,932 [Worker-17: Building] INFO  o.e.m.c.i.embedder.EclipseLogger - skip non existing resourceDirectory A:\Documents\Training\Spring\eclipse-workspace\test00\src\test\resources
2022-05-14 16:02:01,823 [Worker-24: Building] INFO  o.e.m.c.i.embedder.EclipseLogger - Using 'UTF-8' encoding to copy filtered resources.
2022-05-14 16:02:01,823 [Worker-24: Building] INFO  o.e.m.c.i.embedder.EclipseLogger - skip non existing resourceDirectory A:\Documents\Training\Spring\eclipse-workspace\test00\src\main\resources
2022-05-14 16:02:01,824 [Worker-24: Building] INFO  o.e.m.c.i.embedder.EclipseLogger - Using 'UTF-8' encoding to copy filtered resources.
2022-05-14 16:02:01,825 [Worker-24: Building] INFO  o.e.m.c.i.embedder.EclipseLogger - skip non existing resourceDirectory A:\Documents\Training\Spring\eclipse-workspace\test00\src\test\resources
2022-05-14 16:46:58,059 [Worker-2: Loading available Gradle versions] INFO  o.e.b.c.i.u.g.PublishedGradleVersions - Gradle version information cache is up-to-date. Trying to read.
2022-05-14 16:57:11,051 [Worker-29: Creating maven-archetype-webapp] INFO  o.e.m.c.i.p.ProjectConfigurationManager - Collecting project info '/pom.xml' A:\Documents\Training\Spring\eclipse-workspace\momo\pom.xml
2022-05-14 16:57:12,344 [Worker-29: Creating maven-archetype-webapp] INFO  o.e.m.c.i.l.LifecycleMappingFactory - Using org.maven.ide.eclipse.wtp.WarLifecycleMapping lifecycle mapping for MavenProject: zebraa:momo:0.0.1-SNAPSHOT @ A:\Documents\Training\Spring\eclipse-workspace\momo\pom.xml.
2022-05-14 16:57:14,260 [Worker-29: Creating maven-archetype-webapp] INFO  o.e.m.j.i.AbstractJavaProjectConfigurator - Adding source folder /momo/src/main/java
2022-05-14 16:57:14,261 [Worker-29: Creating maven-archetype-webapp] INFO  o.e.m.j.i.AbstractJavaProjectConfigurator - Adding source folder /momo/src/test/java
2022-05-14 16:57:15,375 [ForkJoinPool.commonPool-worker-1] ERROR o.e.m.e.l.MavenRuntimeClasspathProvider - Illegal character in path at index 20: file:/C:/Users/Anesh S M/.p2/pool/plugins/org.eclipse.m2e.maven.runtime_1.18.3.20220227-1319/jars/
java.net.URISyntaxException: Illegal character in path at index 20: file:/C:/Users/Anesh S M/.p2/pool/plugins/org.eclipse.m2e.maven.runtime_1.18.3.20220227-1319/jars/
	at java.base/java.net.URI$Parser.fail(URI.java:2973)
	at java.base/java.net.URI$Parser.checkChars(URI.java:3144)
	at java.base/java.net.URI$Parser.parseHierarchical(URI.java:3226)
	at java.base/java.net.URI$Parser.parse(URI.java:3174)
	at java.base/java.net.URI.<init>(URI.java:623)
	at java.base/java.net.URL.toURI(URL.java:1056)
	at org.eclipse.m2e.editor.lemminx.MavenRuntimeClasspathProvider.addJarsFromBundle(MavenRuntimeClasspathProvider.java:81)
	at org.eclipse.m2e.editor.lemminx.MavenRuntimeClasspathProvider.get(MavenRuntimeClasspathProvider.java:66)
	at org.eclipse.m2e.editor.lemminx.MavenRuntimeClasspathProvider.get(MavenRuntimeClasspathProvider.java:1)
	at java.base/java.util.stream.ReferencePipeline$3$1.accept(ReferencePipeline.java:197)
	at java.base/java.util.stream.ReferencePipeline$3$1.accept(ReferencePipeline.java:197)
	at java.base/java.util.HashMap$EntrySpliterator.forEachRemaining(HashMap.java:1850)
	at java.base/java.util.stream.AbstractPipeline.copyInto(AbstractPipeline.java:509)
	at java.base/java.util.stream.AbstractPipeline.wrapAndCopyInto(AbstractPipeline.java:499)
	at java.base/java.util.stream.ForEachOps$ForEachOp.evaluateSequential(ForEachOps.java:150)
	at java.base/java.util.stream.ForEachOps$ForEachOp$OfRef.evaluateSequential(ForEachOps.java:173)
	at java.base/java.util.stream.AbstractPipeline.evaluate(AbstractPipeline.java:234)
	at java.base/java.util.stream.ReferencePipeline.forEach(ReferencePipeline.java:596)
	at org.eclipse.wildwebdeveloper.xml.internal.XMLExtensionRegistry.getXMLLSClassPathExtensions(XMLExtensionRegistry.java:81)
	at org.eclipse.wildwebdeveloper.xml.internal.XMLLanguageServer.getExtensionJarPaths(XMLLanguageServer.java:142)
	at org.eclipse.wildwebdeveloper.xml.internal.XMLLanguageServer.<init>(XMLLanguageServer.java:83)
	at java.base/jdk.internal.reflect.DirectConstructorHandleAccessor.newInstance(DirectConstructorHandleAccessor.java:67)
	at java.base/java.lang.reflect.Constructor.newInstanceWithCaller(Constructor.java:499)
	at java.base/java.lang.reflect.Constructor.newInstance(Constructor.java:483)
	at org.eclipse.core.internal.registry.osgi.RegistryStrategyOSGI.createExecutableExtension(RegistryStrategyOSGI.java:204)
	at org.eclipse.core.internal.registry.ExtensionRegistry.createExecutableExtension(ExtensionRegistry.java:920)
	at org.eclipse.core.internal.registry.ConfigurationElement.createExecutableExtension(ConfigurationElement.java:246)
	at org.eclipse.core.internal.registry.ConfigurationElementHandle.createExecutableExtension(ConfigurationElementHandle.java:63)
	at org.eclipse.lsp4e.LanguageServersRegistry$ExtensionLanguageServerDefinition.createConnectionProvider(LanguageServersRegistry.java:127)
	at org.eclipse.lsp4e.LanguageServerWrapper.lambda$1(LanguageServerWrapper.java:222)
	at java.base/java.util.concurrent.CompletableFuture$AsyncSupply.run(CompletableFuture.java:1768)
	at java.base/java.util.concurrent.CompletableFuture$AsyncSupply.exec(CompletableFuture.java:1760)
	at java.base/java.util.concurrent.ForkJoinTask.doExec(ForkJoinTask.java:373)
	at java.base/java.util.concurrent.ForkJoinPool$WorkQueue.topLevelExec(ForkJoinPool.java:1182)
	at java.base/java.util.concurrent.ForkJoinPool.scan(ForkJoinPool.java:1655)
	at java.base/java.util.concurrent.ForkJoinPool.runWorker(ForkJoinPool.java:1622)
	at java.base/java.util.concurrent.ForkJoinWorkerThread.run(ForkJoinWorkerThread.java:165)
2022-05-14 16:57:15,946 [Worker-29: Creating maven-archetype-webapp] INFO  o.e.m.c.i.p.ProjectConfigurationManager - Imported and configured 1 project(s) in 4 sec
2022-05-14 16:57:16,813 [Worker-31: Building] INFO  o.e.m.c.i.embedder.EclipseLogger - Using 'UTF-8' encoding to copy filtered resources.
2022-05-14 16:57:16,813 [Worker-31: Building] INFO  o.e.m.c.i.embedder.EclipseLogger - skip non existing resourceDirectory A:\Documents\Training\Spring\eclipse-workspace\momo\src\main\resources
2022-05-14 16:57:16,818 [Worker-31: Building] INFO  o.e.m.c.i.embedder.EclipseLogger - Using 'UTF-8' encoding to copy filtered resources.
2022-05-14 16:57:16,818 [Worker-31: Building] INFO  o.e.m.c.i.embedder.EclipseLogger - skip non existing resourceDirectory A:\Documents\Training\Spring\eclipse-workspace\momo\src\test\resources
2022-05-14 16:58:59,906 [Worker-30: Building] INFO  o.e.m.c.i.l.LifecycleMappingFactory - Using org.maven.ide.eclipse.wtp.WarLifecycleMapping lifecycle mapping for MavenProject: zebraa:momo:0.0.1-SNAPSHOT @ A:\Documents\Training\Spring\eclipse-workspace\momo\pom.xml.
2022-05-14 16:59:01,386 [Worker-26: Building] INFO  o.e.m.c.i.embedder.EclipseLogger - Using 'UTF-8' encoding to copy filtered resources.
2022-05-14 16:59:01,387 [Worker-26: Building] INFO  o.e.m.c.i.embedder.EclipseLogger - skip non existing resourceDirectory A:\Documents\Training\Spring\eclipse-workspace\momo\src\main\resources
2022-05-14 16:59:01,390 [Worker-26: Building] INFO  o.e.m.c.i.embedder.EclipseLogger - Using 'UTF-8' encoding to copy filtered resources.
2022-05-14 16:59:01,390 [Worker-26: Building] INFO  o.e.m.c.i.embedder.EclipseLogger - skip non existing resourceDirectory A:\Documents\Training\Spring\eclipse-workspace\momo\src\test\resources
2022-05-14 16:59:17,808 [Worker-30: Building] INFO  o.e.m.c.i.embedder.EclipseLogger - Using 'UTF-8' encoding to copy filtered resources.
2022-05-14 16:59:17,808 [Worker-30: Building] INFO  o.e.m.c.i.embedder.EclipseLogger - skip non existing resourceDirectory A:\Documents\Training\Spring\eclipse-workspace\momo\src\main\resources
2022-05-14 16:59:17,810 [Worker-30: Building] INFO  o.e.m.c.i.embedder.EclipseLogger - Using 'UTF-8' encoding to copy filtered resources.
2022-05-14 16:59:17,810 [Worker-30: Building] INFO  o.e.m.c.i.embedder.EclipseLogger - skip non existing resourceDirectory A:\Documents\Training\Spring\eclipse-workspace\momo\src\test\resources
2022-05-14 17:00:31,028 [Worker-26: Building] INFO  o.e.m.c.i.embedder.EclipseLogger - Using 'UTF-8' encoding to copy filtered resources.
2022-05-14 17:00:31,028 [Worker-26: Building] INFO  o.e.m.c.i.embedder.EclipseLogger - skip non existing resourceDirectory A:\Documents\Training\Spring\eclipse-workspace\momo\src\main\resources
2022-05-14 17:00:31,030 [Worker-26: Building] INFO  o.e.m.c.i.embedder.EclipseLogger - Using 'UTF-8' encoding to copy filtered resources.
2022-05-14 17:00:31,030 [Worker-26: Building] INFO  o.e.m.c.i.embedder.EclipseLogger - skip non existing resourceDirectory A:\Documents\Training\Spring\eclipse-workspace\momo\src\test\resources
2022-05-14 17:01:48,107 [Worker-32: Building] INFO  o.e.m.c.i.embedder.EclipseLogger - Using 'UTF-8' encoding to copy filtered resources.
2022-05-14 17:01:48,107 [Worker-32: Building] INFO  o.e.m.c.i.embedder.EclipseLogger - skip non existing resourceDirectory A:\Documents\Training\Spring\eclipse-workspace\momo\src\main\resources
2022-05-14 17:01:48,110 [Worker-32: Building] INFO  o.e.m.c.i.embedder.EclipseLogger - Using 'UTF-8' encoding to copy filtered resources.
2022-05-14 17:01:48,111 [Worker-32: Building] INFO  o.e.m.c.i.embedder.EclipseLogger - skip non existing resourceDirectory A:\Documents\Training\Spring\eclipse-workspace\momo\src\test\resources
2022-05-14 17:09:51,225 [Worker-34: Building] INFO  o.e.m.c.i.embedder.EclipseLogger - Using 'UTF-8' encoding to copy filtered resources.
2022-05-14 17:09:51,225 [Worker-34: Building] INFO  o.e.m.c.i.embedder.EclipseLogger - skip non existing resourceDirectory A:\Documents\Training\Spring\eclipse-workspace\momo\src\main\resources
2022-05-14 17:09:51,227 [Worker-34: Building] INFO  o.e.m.c.i.embedder.EclipseLogger - Using 'UTF-8' encoding to copy filtered resources.
2022-05-14 17:09:51,228 [Worker-34: Building] INFO  o.e.m.c.i.embedder.EclipseLogger - skip non existing resourceDirectory A:\Documents\Training\Spring\eclipse-workspace\momo\src\test\resources
2022-05-14 17:10:19,537 [Worker-34: Building] INFO  o.e.m.c.i.embedder.EclipseLogger - Using 'UTF-8' encoding to copy filtered resources.
2022-05-14 17:10:19,537 [Worker-34: Building] INFO  o.e.m.c.i.embedder.EclipseLogger - skip non existing resourceDirectory A:\Documents\Training\Spring\eclipse-workspace\momo\src\main\resources
2022-05-14 17:10:19,539 [Worker-34: Building] INFO  o.e.m.c.i.embedder.EclipseLogger - Using 'UTF-8' encoding to copy filtered resources.
2022-05-14 17:10:19,540 [Worker-34: Building] INFO  o.e.m.c.i.embedder.EclipseLogger - skip non existing resourceDirectory A:\Documents\Training\Spring\eclipse-workspace\momo\src\test\resources
2022-05-14 17:10:25,708 [Worker-35: Building] INFO  o.e.m.c.i.embedder.EclipseLogger - Using 'UTF-8' encoding to copy filtered resources.
2022-05-14 17:10:25,709 [Worker-35: Building] INFO  o.e.m.c.i.embedder.EclipseLogger - skip non existing resourceDirectory A:\Documents\Training\Spring\eclipse-workspace\momo\src\main\resources
2022-05-14 17:10:25,711 [Worker-35: Building] INFO  o.e.m.c.i.embedder.EclipseLogger - Using 'UTF-8' encoding to copy filtered resources.
2022-05-14 17:10:25,711 [Worker-35: Building] INFO  o.e.m.c.i.embedder.EclipseLogger - skip non existing resourceDirectory A:\Documents\Training\Spring\eclipse-workspace\momo\src\test\resources
2022-05-14 17:19:17,210 [Worker-35: Building] INFO  o.e.m.c.i.embedder.EclipseLogger - Using 'UTF-8' encoding to copy filtered resources.
2022-05-14 17:19:17,210 [Worker-35: Building] INFO  o.e.m.c.i.embedder.EclipseLogger - skip non existing resourceDirectory A:\Documents\Training\Spring\eclipse-workspace\momo\src\main\resources
2022-05-14 17:19:17,213 [Worker-35: Building] INFO  o.e.m.c.i.embedder.EclipseLogger - Using 'UTF-8' encoding to copy filtered resources.
2022-05-14 17:19:17,213 [Worker-35: Building] INFO  o.e.m.c.i.embedder.EclipseLogger - skip non existing resourceDirectory A:\Documents\Training\Spring\eclipse-workspace\momo\src\test\resources
2022-05-14 17:29:25,852 [Worker-34: Creating maven-archetype-webapp] INFO  o.e.m.c.i.p.ProjectConfigurationManager - Collecting project info '/pom.xml' A:\Documents\Training\Spring\eclipse-workspace\note\pom.xml
2022-05-14 17:29:26,397 [Worker-34: Creating maven-archetype-webapp] INFO  o.e.m.c.i.l.LifecycleMappingFactory - Using org.maven.ide.eclipse.wtp.WarLifecycleMapping lifecycle mapping for MavenProject: zebraa:note:0.0.1-SNAPSHOT @ A:\Documents\Training\Spring\eclipse-workspace\note\pom.xml.
2022-05-14 17:29:27,307 [Worker-34: Creating maven-archetype-webapp] INFO  o.e.m.j.i.AbstractJavaProjectConfigurator - Adding source folder /note/src/main/java
2022-05-14 17:29:27,308 [Worker-34: Creating maven-archetype-webapp] INFO  o.e.m.j.i.AbstractJavaProjectConfigurator - Adding source folder /note/src/test/java
2022-05-14 17:29:27,863 [ForkJoinPool.commonPool-worker-23] ERROR o.e.m.e.l.MavenRuntimeClasspathProvider - Illegal character in path at index 20: file:/C:/Users/Anesh S M/.p2/pool/plugins/org.eclipse.m2e.maven.runtime_1.18.3.20220227-1319/jars/
java.net.URISyntaxException: Illegal character in path at index 20: file:/C:/Users/Anesh S M/.p2/pool/plugins/org.eclipse.m2e.maven.runtime_1.18.3.20220227-1319/jars/
	at java.base/java.net.URI$Parser.fail(URI.java:2973)
	at java.base/java.net.URI$Parser.checkChars(URI.java:3144)
	at java.base/java.net.URI$Parser.parseHierarchical(URI.java:3226)
	at java.base/java.net.URI$Parser.parse(URI.java:3174)
	at java.base/java.net.URI.<init>(URI.java:623)
	at java.base/java.net.URL.toURI(URL.java:1056)
	at org.eclipse.m2e.editor.lemminx.MavenRuntimeClasspathProvider.addJarsFromBundle(MavenRuntimeClasspathProvider.java:81)
	at org.eclipse.m2e.editor.lemminx.MavenRuntimeClasspathProvider.get(MavenRuntimeClasspathProvider.java:66)
	at org.eclipse.m2e.editor.lemminx.MavenRuntimeClasspathProvider.get(MavenRuntimeClasspathProvider.java:1)
	at java.base/java.util.stream.ReferencePipeline$3$1.accept(ReferencePipeline.java:197)
	at java.base/java.util.stream.ReferencePipeline$3$1.accept(ReferencePipeline.java:197)
	at java.base/java.util.HashMap$EntrySpliterator.forEachRemaining(HashMap.java:1850)
	at java.base/java.util.stream.AbstractPipeline.copyInto(AbstractPipeline.java:509)
	at java.base/java.util.stream.AbstractPipeline.wrapAndCopyInto(AbstractPipeline.java:499)
	at java.base/java.util.stream.ForEachOps$ForEachOp.evaluateSequential(ForEachOps.java:150)
	at java.base/java.util.stream.ForEachOps$ForEachOp$OfRef.evaluateSequential(ForEachOps.java:173)
	at java.base/java.util.stream.AbstractPipeline.evaluate(AbstractPipeline.java:234)
	at java.base/java.util.stream.ReferencePipeline.forEach(ReferencePipeline.java:596)
	at org.eclipse.wildwebdeveloper.xml.internal.XMLExtensionRegistry.getXMLLSClassPathExtensions(XMLExtensionRegistry.java:81)
	at org.eclipse.wildwebdeveloper.xml.internal.XMLLanguageServer.getExtensionJarPaths(XMLLanguageServer.java:142)
	at org.eclipse.wildwebdeveloper.xml.internal.XMLLanguageServer.<init>(XMLLanguageServer.java:83)
	at java.base/jdk.internal.reflect.DirectConstructorHandleAccessor.newInstance(DirectConstructorHandleAccessor.java:67)
	at java.base/java.lang.reflect.Constructor.newInstanceWithCaller(Constructor.java:499)
	at java.base/java.lang.reflect.Constructor.newInstance(Constructor.java:483)
	at org.eclipse.core.internal.registry.osgi.RegistryStrategyOSGI.createExecutableExtension(RegistryStrategyOSGI.java:204)
	at org.eclipse.core.internal.registry.ExtensionRegistry.createExecutableExtension(ExtensionRegistry.java:920)
	at org.eclipse.core.internal.registry.ConfigurationElement.createExecutableExtension(ConfigurationElement.java:246)
	at org.eclipse.core.internal.registry.ConfigurationElementHandle.createExecutableExtension(ConfigurationElementHandle.java:63)
	at org.eclipse.lsp4e.LanguageServersRegistry$ExtensionLanguageServerDefinition.createConnectionProvider(LanguageServersRegistry.java:127)
	at org.eclipse.lsp4e.LanguageServerWrapper.lambda$1(LanguageServerWrapper.java:222)
	at java.base/java.util.concurrent.CompletableFuture$AsyncSupply.run(CompletableFuture.java:1768)
	at java.base/java.util.concurrent.CompletableFuture$AsyncSupply.exec(CompletableFuture.java:1760)
	at java.base/java.util.concurrent.ForkJoinTask.doExec(ForkJoinTask.java:373)
	at java.base/java.util.concurrent.ForkJoinPool$WorkQueue.topLevelExec(ForkJoinPool.java:1182)
	at java.base/java.util.concurrent.ForkJoinPool.scan(ForkJoinPool.java:1655)
	at java.base/java.util.concurrent.ForkJoinPool.runWorker(ForkJoinPool.java:1622)
	at java.base/java.util.concurrent.ForkJoinWorkerThread.run(ForkJoinWorkerThread.java:165)
2022-05-14 17:29:29,097 [Worker-34: Creating maven-archetype-webapp] INFO  o.e.m.c.i.p.ProjectConfigurationManager - Imported and configured 1 project(s) in 3 sec
2022-05-14 17:29:29,439 [Worker-39: Building] INFO  o.e.m.c.i.embedder.EclipseLogger - Using 'UTF-8' encoding to copy filtered resources.
2022-05-14 17:29:29,440 [Worker-39: Building] INFO  o.e.m.c.i.embedder.EclipseLogger - skip non existing resourceDirectory A:\Documents\Training\Spring\eclipse-workspace\note\src\main\resources
2022-05-14 17:29:29,442 [Worker-39: Building] INFO  o.e.m.c.i.embedder.EclipseLogger - Using 'UTF-8' encoding to copy filtered resources.
2022-05-14 17:29:29,443 [Worker-39: Building] INFO  o.e.m.c.i.embedder.EclipseLogger - skip non existing resourceDirectory A:\Documents\Training\Spring\eclipse-workspace\note\src\test\resources
2022-05-14 17:29:48,462 [Worker-34: Building] INFO  o.e.m.c.i.embedder.EclipseLogger - Using 'UTF-8' encoding to copy filtered resources.
2022-05-14 17:29:48,462 [Worker-34: Building] INFO  o.e.m.c.i.embedder.EclipseLogger - skip non existing resourceDirectory A:\Documents\Training\Spring\eclipse-workspace\note\src\main\resources
2022-05-14 17:29:48,463 [Worker-34: Building] INFO  o.e.m.c.i.embedder.EclipseLogger - Using 'UTF-8' encoding to copy filtered resources.
2022-05-14 17:29:48,464 [Worker-34: Building] INFO  o.e.m.c.i.embedder.EclipseLogger - skip non existing resourceDirectory A:\Documents\Training\Spring\eclipse-workspace\note\src\test\resources
2022-05-14 17:30:39,443 [Worker-40: Building] INFO  o.e.m.c.i.embedder.EclipseLogger - Using 'UTF-8' encoding to copy filtered resources.
2022-05-14 17:30:39,443 [Worker-40: Building] INFO  o.e.m.c.i.embedder.EclipseLogger - skip non existing resourceDirectory A:\Documents\Training\Spring\eclipse-workspace\note\src\main\resources
2022-05-14 17:30:39,446 [Worker-40: Building] INFO  o.e.m.c.i.embedder.EclipseLogger - Using 'UTF-8' encoding to copy filtered resources.
2022-05-14 17:30:39,447 [Worker-40: Building] INFO  o.e.m.c.i.embedder.EclipseLogger - skip non existing resourceDirectory A:\Documents\Training\Spring\eclipse-workspace\note\src\test\resources
2022-05-14 17:31:29,764 [Worker-38: Building] INFO  o.e.m.c.i.embedder.EclipseLogger - Using 'UTF-8' encoding to copy filtered resources.
2022-05-14 17:31:29,764 [Worker-38: Building] INFO  o.e.m.c.i.embedder.EclipseLogger - skip non existing resourceDirectory A:\Documents\Training\Spring\eclipse-workspace\note\src\main\resources
2022-05-14 17:31:29,766 [Worker-38: Building] INFO  o.e.m.c.i.embedder.EclipseLogger - Using 'UTF-8' encoding to copy filtered resources.
2022-05-14 17:31:29,766 [Worker-38: Building] INFO  o.e.m.c.i.embedder.EclipseLogger - skip non existing resourceDirectory A:\Documents\Training\Spring\eclipse-workspace\note\src\test\resources
2022-05-14 17:32:06,170 [Worker-42: Building] INFO  o.e.m.c.i.embedder.EclipseLogger - Using 'UTF-8' encoding to copy filtered resources.
2022-05-14 17:32:06,170 [Worker-42: Building] INFO  o.e.m.c.i.embedder.EclipseLogger - skip non existing resourceDirectory A:\Documents\Training\Spring\eclipse-workspace\note\src\main\resources
2022-05-14 17:32:06,173 [Worker-42: Building] INFO  o.e.m.c.i.embedder.EclipseLogger - Using 'UTF-8' encoding to copy filtered resources.
2022-05-14 17:32:06,173 [Worker-42: Building] INFO  o.e.m.c.i.embedder.EclipseLogger - skip non existing resourceDirectory A:\Documents\Training\Spring\eclipse-workspace\note\src\test\resources
2022-05-14 17:34:11,118 [Worker-41: Building] INFO  o.e.m.c.i.l.LifecycleMappingFactory - Using org.maven.ide.eclipse.wtp.WarLifecycleMapping lifecycle mapping for MavenProject: zebraa:note:0.0.1-SNAPSHOT @ A:\Documents\Training\Spring\eclipse-workspace\note\pom.xml.
2022-05-14 17:34:12,587 [Worker-34: Building] INFO  o.e.m.c.i.embedder.EclipseLogger - Using 'UTF-8' encoding to copy filtered resources.
2022-05-14 17:34:12,587 [Worker-34: Building] INFO  o.e.m.c.i.embedder.EclipseLogger - skip non existing resourceDirectory A:\Documents\Training\Spring\eclipse-workspace\note\src\main\resources
2022-05-14 17:34:12,590 [Worker-34: Building] INFO  o.e.m.c.i.embedder.EclipseLogger - Using 'UTF-8' encoding to copy filtered resources.
2022-05-14 17:34:12,590 [Worker-34: Building] INFO  o.e.m.c.i.embedder.EclipseLogger - skip non existing resourceDirectory A:\Documents\Training\Spring\eclipse-workspace\note\src\test\resources
2022-05-14 17:34:25,641 [Worker-43: Building] INFO  o.e.m.c.i.l.LifecycleMappingFactory - Using org.maven.ide.eclipse.wtp.WarLifecycleMapping lifecycle mapping for MavenProject: zebraa:note:0.0.1-SNAPSHOT @ A:\Documents\Training\Spring\eclipse-workspace\note\pom.xml.
2022-05-14 17:34:26,926 [Worker-43: Building] INFO  o.e.m.c.i.embedder.EclipseLogger - Using 'UTF-8' encoding to copy filtered resources.
2022-05-14 17:34:26,926 [Worker-43: Building] INFO  o.e.m.c.i.embedder.EclipseLogger - skip non existing resourceDirectory A:\Documents\Training\Spring\eclipse-workspace\note\src\main\resources
2022-05-14 17:34:26,929 [Worker-43: Building] INFO  o.e.m.c.i.embedder.EclipseLogger - Using 'UTF-8' encoding to copy filtered resources.
2022-05-14 17:34:26,930 [Worker-43: Building] INFO  o.e.m.c.i.embedder.EclipseLogger - skip non existing resourceDirectory A:\Documents\Training\Spring\eclipse-workspace\note\src\test\resources
2022-05-14 17:35:01,808 [Worker-45: Building] INFO  o.e.m.c.i.embedder.EclipseLogger - Using 'UTF-8' encoding to copy filtered resources.
2022-05-14 17:35:01,809 [Worker-45: Building] INFO  o.e.m.c.i.embedder.EclipseLogger - skip non existing resourceDirectory A:\Documents\Training\Spring\eclipse-workspace\note\src\main\resources
2022-05-14 17:35:01,810 [Worker-45: Building] INFO  o.e.m.c.i.embedder.EclipseLogger - Using 'UTF-8' encoding to copy filtered resources.
2022-05-14 17:35:01,811 [Worker-45: Building] INFO  o.e.m.c.i.embedder.EclipseLogger - skip non existing resourceDirectory A:\Documents\Training\Spring\eclipse-workspace\note\src\test\resources
2022-05-16 14:50:00,095 [Worker-2: Loading available Gradle versions] INFO  o.e.b.c.i.u.g.PublishedGradleVersions - Gradle version information cache is up-to-date. Trying to read.
2022-05-16 14:50:05,001 [ForkJoinPool.commonPool-worker-10] ERROR o.e.m.e.l.MavenRuntimeClasspathProvider - Illegal character in path at index 20: file:/C:/Users/Anesh S M/.p2/pool/plugins/org.eclipse.m2e.maven.runtime_1.18.3.20220227-1319/jars/
java.net.URISyntaxException: Illegal character in path at index 20: file:/C:/Users/Anesh S M/.p2/pool/plugins/org.eclipse.m2e.maven.runtime_1.18.3.20220227-1319/jars/
	at java.base/java.net.URI$Parser.fail(URI.java:2973)
	at java.base/java.net.URI$Parser.checkChars(URI.java:3144)
	at java.base/java.net.URI$Parser.parseHierarchical(URI.java:3226)
	at java.base/java.net.URI$Parser.parse(URI.java:3174)
	at java.base/java.net.URI.<init>(URI.java:623)
	at java.base/java.net.URL.toURI(URL.java:1056)
	at org.eclipse.m2e.editor.lemminx.MavenRuntimeClasspathProvider.addJarsFromBundle(MavenRuntimeClasspathProvider.java:81)
	at org.eclipse.m2e.editor.lemminx.MavenRuntimeClasspathProvider.get(MavenRuntimeClasspathProvider.java:66)
	at org.eclipse.m2e.editor.lemminx.MavenRuntimeClasspathProvider.get(MavenRuntimeClasspathProvider.java:1)
	at java.base/java.util.stream.ReferencePipeline$3$1.accept(ReferencePipeline.java:197)
	at java.base/java.util.stream.ReferencePipeline$3$1.accept(ReferencePipeline.java:197)
	at java.base/java.util.HashMap$EntrySpliterator.forEachRemaining(HashMap.java:1850)
	at java.base/java.util.stream.AbstractPipeline.copyInto(AbstractPipeline.java:509)
	at java.base/java.util.stream.AbstractPipeline.wrapAndCopyInto(AbstractPipeline.java:499)
	at java.base/java.util.stream.ForEachOps$ForEachOp.evaluateSequential(ForEachOps.java:150)
	at java.base/java.util.stream.ForEachOps$ForEachOp$OfRef.evaluateSequential(ForEachOps.java:173)
	at java.base/java.util.stream.AbstractPipeline.evaluate(AbstractPipeline.java:234)
	at java.base/java.util.stream.ReferencePipeline.forEach(ReferencePipeline.java:596)
	at org.eclipse.wildwebdeveloper.xml.internal.XMLExtensionRegistry.getXMLLSClassPathExtensions(XMLExtensionRegistry.java:81)
	at org.eclipse.wildwebdeveloper.xml.internal.XMLLanguageServer.getExtensionJarPaths(XMLLanguageServer.java:142)
	at org.eclipse.wildwebdeveloper.xml.internal.XMLLanguageServer.<init>(XMLLanguageServer.java:83)
	at java.base/jdk.internal.reflect.DirectConstructorHandleAccessor.newInstance(DirectConstructorHandleAccessor.java:67)
	at java.base/java.lang.reflect.Constructor.newInstanceWithCaller(Constructor.java:499)
	at java.base/java.lang.reflect.Constructor.newInstance(Constructor.java:483)
	at org.eclipse.core.internal.registry.osgi.RegistryStrategyOSGI.createExecutableExtension(RegistryStrategyOSGI.java:204)
	at org.eclipse.core.internal.registry.ExtensionRegistry.createExecutableExtension(ExtensionRegistry.java:920)
	at org.eclipse.core.internal.registry.ConfigurationElement.createExecutableExtension(ConfigurationElement.java:246)
	at org.eclipse.core.internal.registry.ConfigurationElementHandle.createExecutableExtension(ConfigurationElementHandle.java:63)
	at org.eclipse.lsp4e.LanguageServersRegistry$ExtensionLanguageServerDefinition.createConnectionProvider(LanguageServersRegistry.java:127)
	at org.eclipse.lsp4e.LanguageServerWrapper.lambda$1(LanguageServerWrapper.java:222)
	at java.base/java.util.concurrent.CompletableFuture$AsyncSupply.run(CompletableFuture.java:1768)
	at java.base/java.util.concurrent.CompletableFuture$AsyncSupply.exec(CompletableFuture.java:1760)
	at java.base/java.util.concurrent.ForkJoinTask.doExec(ForkJoinTask.java:373)
	at java.base/java.util.concurrent.ForkJoinPool$WorkQueue.topLevelExec(ForkJoinPool.java:1182)
	at java.base/java.util.concurrent.ForkJoinPool.scan(ForkJoinPool.java:1655)
	at java.base/java.util.concurrent.ForkJoinPool.runWorker(ForkJoinPool.java:1622)
	at java.base/java.util.concurrent.ForkJoinWorkerThread.run(ForkJoinWorkerThread.java:165)
2022-05-16 14:50:07,934 [ForkJoinPool.commonPool-worker-6] ERROR o.e.m.e.l.MavenRuntimeClasspathProvider - Illegal character in path at index 20: file:/C:/Users/Anesh S M/.p2/pool/plugins/org.eclipse.m2e.maven.runtime_1.18.3.20220227-1319/jars/
java.net.URISyntaxException: Illegal character in path at index 20: file:/C:/Users/Anesh S M/.p2/pool/plugins/org.eclipse.m2e.maven.runtime_1.18.3.20220227-1319/jars/
	at java.base/java.net.URI$Parser.fail(URI.java:2973)
	at java.base/java.net.URI$Parser.checkChars(URI.java:3144)
	at java.base/java.net.URI$Parser.parseHierarchical(URI.java:3226)
	at java.base/java.net.URI$Parser.parse(URI.java:3174)
	at java.base/java.net.URI.<init>(URI.java:623)
	at java.base/java.net.URL.toURI(URL.java:1056)
	at org.eclipse.m2e.editor.lemminx.MavenRuntimeClasspathProvider.addJarsFromBundle(MavenRuntimeClasspathProvider.java:81)
	at org.eclipse.m2e.editor.lemminx.MavenRuntimeClasspathProvider.get(MavenRuntimeClasspathProvider.java:66)
	at org.eclipse.m2e.editor.lemminx.MavenRuntimeClasspathProvider.get(MavenRuntimeClasspathProvider.java:1)
	at java.base/java.util.stream.ReferencePipeline$3$1.accept(ReferencePipeline.java:197)
	at java.base/java.util.stream.ReferencePipeline$3$1.accept(ReferencePipeline.java:197)
	at java.base/java.util.HashMap$EntrySpliterator.forEachRemaining(HashMap.java:1850)
	at java.base/java.util.stream.AbstractPipeline.copyInto(AbstractPipeline.java:509)
	at java.base/java.util.stream.AbstractPipeline.wrapAndCopyInto(AbstractPipeline.java:499)
	at java.base/java.util.stream.ForEachOps$ForEachOp.evaluateSequential(ForEachOps.java:150)
	at java.base/java.util.stream.ForEachOps$ForEachOp$OfRef.evaluateSequential(ForEachOps.java:173)
	at java.base/java.util.stream.AbstractPipeline.evaluate(AbstractPipeline.java:234)
	at java.base/java.util.stream.ReferencePipeline.forEach(ReferencePipeline.java:596)
	at org.eclipse.wildwebdeveloper.xml.internal.XMLExtensionRegistry.getXMLLSClassPathExtensions(XMLExtensionRegistry.java:81)
	at org.eclipse.wildwebdeveloper.xml.internal.XMLLanguageServer.getExtensionJarPaths(XMLLanguageServer.java:142)
	at org.eclipse.wildwebdeveloper.xml.internal.XMLLanguageServer.<init>(XMLLanguageServer.java:83)
	at java.base/jdk.internal.reflect.DirectConstructorHandleAccessor.newInstance(DirectConstructorHandleAccessor.java:67)
	at java.base/java.lang.reflect.Constructor.newInstanceWithCaller(Constructor.java:499)
	at java.base/java.lang.reflect.Constructor.newInstance(Constructor.java:483)
	at org.eclipse.core.internal.registry.osgi.RegistryStrategyOSGI.createExecutableExtension(RegistryStrategyOSGI.java:204)
	at org.eclipse.core.internal.registry.ExtensionRegistry.createExecutableExtension(ExtensionRegistry.java:920)
	at org.eclipse.core.internal.registry.ConfigurationElement.createExecutableExtension(ConfigurationElement.java:246)
	at org.eclipse.core.internal.registry.ConfigurationElementHandle.createExecutableExtension(ConfigurationElementHandle.java:63)
	at org.eclipse.lsp4e.LanguageServersRegistry$ExtensionLanguageServerDefinition.createConnectionProvider(LanguageServersRegistry.java:127)
	at org.eclipse.lsp4e.LanguageServerWrapper.lambda$1(LanguageServerWrapper.java:222)
	at java.base/java.util.concurrent.CompletableFuture$AsyncSupply.run(CompletableFuture.java:1768)
	at java.base/java.util.concurrent.CompletableFuture$AsyncSupply.exec(CompletableFuture.java:1760)
	at java.base/java.util.concurrent.ForkJoinTask.doExec(ForkJoinTask.java:373)
	at java.base/java.util.concurrent.ForkJoinPool$WorkQueue.topLevelExec(ForkJoinPool.java:1182)
	at java.base/java.util.concurrent.ForkJoinPool.scan(ForkJoinPool.java:1655)
	at java.base/java.util.concurrent.ForkJoinPool.runWorker(ForkJoinPool.java:1622)
	at java.base/java.util.concurrent.ForkJoinWorkerThread.run(ForkJoinWorkerThread.java:165)
2022-05-17 10:00:15,392 [Worker-0: Loading available Gradle versions] INFO  o.e.b.c.i.u.g.PublishedGradleVersions - Gradle version information cache is up-to-date. Trying to read.
2022-05-17 11:42:54,130 [Worker-0: Loading available Gradle versions] INFO  o.e.b.c.i.u.g.PublishedGradleVersions - Gradle version information cache is out-of-date. Trying to update.
2022-05-17 14:43:43,067 [Worker-2: Loading available Gradle versions] INFO  o.e.b.c.i.u.g.PublishedGradleVersions - Gradle version information cache is up-to-date. Trying to read.
2022-05-17 16:02:24,809 [Worker-2: Loading available Gradle versions] INFO  o.e.b.c.i.u.g.PublishedGradleVersions - Gradle version information cache is up-to-date. Trying to read.
2022-05-17 16:03:28,856 [Worker-6: Loading available Gradle versions] INFO  o.e.b.c.i.u.g.PublishedGradleVersions - Gradle version information cache is up-to-date. Trying to read.
2022-05-19 17:10:35,015 [Worker-0: Loading available Gradle versions] INFO  o.e.b.c.i.u.g.PublishedGradleVersions - Gradle version information cache is out-of-date. Trying to update.
2022-05-19 17:10:35,340 [Worker-0: Loading available Gradle versions] INFO  o.e.b.c.i.u.g.PublishedGradleVersions - Updating Gradle version information cache failed. Using outdated cache.
